allocation_id,cycle,forecast_source,national_error_sd,district_error_sd,marginal_total_error_sd,is_current_production,is_empirical_residual_allocation,n_sims,seed,actual_dem_seats,expected_dem_seats,median_dem_seats,simulation_dem_seat_sd,expected_seat_error,absolute_expected_seat_error,median_seat_error,absolute_median_seat_error,crps,realized_seat_probability,realized_seat_log_loss,dem_control_probability,p025,p10,p25,p50,p75,p90,p975,interval_50_width,interval_80_width,interval_95_width,actual_in_50_interval,actual_in_80_interval,actual_in_95_interval
national_0.0000_district_7.9946,2016,calculated_from_components,0.0,7.994627101997941,7.994627101997941,False,False,20000,20362736,194,228.15045,228.0,5.097912732992951,34.150450000000006,34.150450000000006,34.0,34.0,31.2800657925,4.893325504012527e-05,9.92505333045069,0.9818,218.0,222.0,225.0,228.0,232.0,235.0,238.0,7.0,13.0,20.0,0.0,0.0,0.0
national_0.0000_district_7.9946,2018,calculated_from_components,0.0,7.994627101997941,7.994627101997941,False,False,20000,20363738,238,244.4197,244.0,4.777802139024175,6.419700000000006,6.419700000000006,6.0,6.0,4.110481010000001,0.03508514386376982,3.349977489851068,1.0,235.0,238.0,241.0,244.0,248.0,251.0,254.0,7.0,13.0,19.0,0.0,1.0,1.0
national_0.0000_district_7.9946,2020,calculated_from_components,0.0,7.994627101997941,7.994627101997941,False,False,20000,20364740,222,235.8406,236.0,4.6128467953941295,13.840599999999995,13.840599999999995,14.0,14.0,11.245125265,0.0009297318457623801,6.980614351284248,1.0,227.0,230.0,233.0,236.0,239.0,242.0,245.0,6.0,12.0,18.0,0.0,0.0,0.0
national_0.0000_district_7.9946,2022,calculated_from_components,0.0,7.994627101997941,7.994627101997941,False,False,20000,20365742,215,218.21075,218.0,4.259218412405524,3.2107499999999902,3.2107499999999902,3.0,3.0,1.9162742025,0.06826189078097475,2.684403636195223,0.56605,210.0,213.0,215.0,218.0,221.0,224.0,227.0,6.0,11.0,17.0,1.0,1.0,1.0
national_0.5000_district_7.9790,2016,calculated_from_components,0.5,7.978976281453655,7.994627101997941,False,False,20000,20462736,194,228.1833,228.0,5.859540751704953,34.1833,34.1833,34.0,34.0,30.880933635,4.893325504012527e-05,9.92505333045069,0.9646,217.0,221.0,224.0,228.0,232.0,236.0,240.0,8.0,15.0,23.0,0.0,0.0,0.0
national_0.5000_district_7.9790,2018,calculated_from_components,0.5,7.978976281453655,7.994627101997941,False,False,20000,20463738,238,244.3389,244.0,5.345023410029435,6.338899999999995,6.338899999999995,6.0,6.0,3.9281346700000004,0.037385006850655704,3.286485541284168,1.0,234.0,238.0,241.0,244.0,248.0,251.0,255.0,7.0,13.0,21.0,0.0,1.0,1.0
national_0.5000_district_7.9790,2020,calculated_from_components,0.5,7.978976281453655,7.994627101997941,False,False,20000,20464740,222,235.8391,236.0,5.135331515246953,13.839100000000002,13.839100000000002,14.0,14.0,10.9562007,0.0015169309062438834,6.491066125965542,0.99995,226.0,229.0,232.0,236.0,239.0,242.0,246.0,7.0,13.0,20.0,0.0,0.0,0.0
national_0.5000_district_7.9790,2022,calculated_from_components,0.5,7.978976281453655,7.994627101997941,False,False,20000,20465742,215,218.14655,218.0,4.7333596242168845,3.1465499999999906,3.1465499999999906,3.0,3.0,1.9055707725,0.06586416128400861,2.7201608202460155,0.5531,209.0,212.0,215.0,218.0,221.0,224.0,227.0,6.0,12.0,18.0,1.0,1.0,1.0
national_1.0000_district_7.9318,2016,calculated_from_components,1.0,7.93183853214373,7.994627101997941,False,False,20000,20562736,194,228.2793,228.0,7.601274924578373,34.279300000000006,34.279300000000006,34.0,34.0,29.994771505,4.893325504012527e-05,9.92505333045069,0.92535,213.0,219.0,223.0,228.0,233.0,238.0,243.0,10.0,19.0,30.0,0.0,0.0,0.0
national_1.0000_district_7.9318,2018,calculated_from_components,1.0,7.93183853214373,7.994627101997941,False,False,20000,20563738,238,244.3206,244.0,6.90630150587306,6.320600000000013,6.320600000000013,6.0,6.0,3.7344794099999996,0.038657271481698965,3.2530203849896213,1.0,231.0,236.0,240.0,244.0,249.0,253.0,258.0,9.0,17.0,27.0,0.0,1.0,1.0
national_1.0000_district_7.9318,2020,calculated_from_components,1.0,7.93183853214373,7.994627101997941,False,False,20000,20564740,222,235.93325,236.0,6.522179189394365,13.933249999999987,13.933249999999987,14.0,14.0,10.3102961575,0.006018790369935408,5.112868975078271,0.9986,223.0,228.0,231.0,236.0,240.0,244.0,249.0,9.0,16.0,26.0,0.0,0.0,0.0
national_1.0000_district_7.9318,2022,calculated_from_components,1.0,7.93183853214373,7.994627101997941,False,False,20000,20565742,215,218.2702,218.0,5.9216083315482475,3.2701999999999884,3.2701999999999884,3.0,3.0,2.0914533099999995,0.05764337443726757,2.853479966239157,0.55455,207.0,211.0,214.0,218.0,222.0,226.0,230.0,8.0,15.0,23.0,1.0,1.0,1.0
national_1.5000_district_7.8526,2016,calculated_from_components,1.5,7.852646846764472,7.994627101997941,False,False,20000,20662736,194,228.05055,228.0,10.017979471586806,34.05054999999999,34.05054999999999,34.0,34.0,28.3945126525,0.0001467997651203758,8.826441041782578,0.8518,209.0,215.0,221.0,228.0,235.0,241.0,248.0,14.0,26.0,39.0,0.0,0.0,0.0
national_1.5000_district_7.8526,2018,calculated_from_components,1.5,7.852646846764472,7.994627101997941,False,False,20000,20663738,238,244.3549,244.0,8.875690670829183,6.3548999999999864,6.3548999999999864,6.0,6.0,3.7581658499999993,0.03523194362889019,3.3458021184405875,0.99925,227.0,233.0,238.0,244.0,250.0,256.0,262.0,12.0,23.0,35.0,1.0,1.0,1.0
national_1.5000_district_7.8526,2020,calculated_from_components,1.5,7.852646846764472,7.994627101997941,False,False,20000,20664740,222,235.9991,236.0,8.41114359387758,13.999099999999999,13.999099999999999,14.0,14.0,9.526992449999998,0.011303581914268937,4.482635619928895,0.98885,220.0,225.0,230.0,236.0,242.0,247.0,253.0,12.0,22.0,33.0,0.0,0.0,1.0
national_1.5000_district_7.8526,2022,calculated_from_components,1.5,7.852646846764472,7.994627101997941,False,False,20000,20665742,215,218.23455,218.0,7.429427711291487,3.234550000000013,3.234550000000013,3.0,3.0,2.3036777424999997,0.046192992757878255,3.074927164305188,0.54295,204.0,209.0,213.0,218.0,223.0,228.0,233.0,10.0,19.0,29.0,1.0,1.0,1.0
national_1.9000_district_7.7656,2016,calculated_from_components,1.9,7.765569039033778,7.994627101997941,False,True,20000,20762736,194,228.06205,228.0,11.981092484675857,34.06205,34.06205,34.0,34.0,27.3028740525,0.0006850655705617538,7.28599600083543,0.80945,205.0,213.0,220.0,228.0,236.0,244.0,252.0,16.0,31.0,47.0,0.0,0.0,0.0
national_1.9000_district_7.7656,2018,calculated_from_components,1.9,7.765569039033778,7.994627101997941,False,True,20000,20763738,238,244.48575,244.0,10.537089182972805,6.485749999999996,6.485749999999996,6.0,6.0,3.9273867174999992,0.02999608533959679,3.506688394514477,0.9965,224.0,231.0,237.0,244.0,251.0,258.0,266.0,14.0,27.0,42.0,1.0,1.0,1.0
national_1.9000_district_7.7656,2020,calculated_from_components,1.9,7.765569039033778,7.994627101997941,False,True,20000,20764740,222,235.89985,236.0,9.929811178214909,13.899849999999986,13.899849999999986,14.0,14.0,8.9471360625,0.015218242317478958,4.185260418271454,0.9722,217.0,223.0,229.0,236.0,242.0,249.0,256.0,13.0,26.0,39.0,0.0,0.0,1.0
national_1.9000_district_7.7656,2022,calculated_from_components,1.9,7.765569039033778,7.994627101997941,False,True,20000,20765742,215,218.1981,218.0,8.803296614993986,3.198100000000011,3.198100000000011,3.0,3.0,2.5101209099999995,0.04266979839498924,3.154263906541709,0.53145,201.0,207.0,212.0,218.0,224.0,229.0,235.0,12.0,22.0,34.0,1.0,1.0,1.0
national_2.0000_district_7.7404,2016,calculated_from_components,2.0,7.740417462902114,7.994627101997941,False,False,20000,20862736,194,227.97095,228.0,12.389075048466202,33.97094999999999,33.97094999999999,34.0,34.0,26.9809183625,0.0008807985907222549,7.034681572554524,0.79895,204.0,212.0,219.0,228.0,236.0,244.0,252.0,17.0,32.0,48.0,0.0,0.0,0.0
national_2.0000_district_7.7404,2018,calculated_from_components,2.0,7.740417462902114,7.994627101997941,False,False,20000,20863738,238,244.35035,244.0,10.90778409509435,6.350349999999992,6.350349999999992,6.0,6.0,3.9061176125,0.032736347621843805,3.4192692703224603,0.9944,224.0,230.0,237.0,244.0,252.0,258.0,266.0,15.0,28.0,42.0,1.0,1.0,1.0
national_2.0000_district_7.7404,2020,calculated_from_components,2.0,7.740417462902114,7.994627101997941,False,False,20000,20864740,222,235.7941,236.0,10.368967208167273,13.794099999999986,13.794099999999986,14.0,14.0,8.748938079999999,0.01653944020356234,4.10200743496767,0.96465,216.0,223.0,229.0,236.0,243.0,249.0,257.0,14.0,26.0,41.0,0.0,0.0,1.0
national_2.0000_district_7.7404,2022,calculated_from_components,2.0,7.740417462902114,7.994627101997941,False,False,20000,20865742,215,218.2054,218.0,9.185539153826374,3.2053999999999974,3.2053999999999974,3.0,3.0,2.5697300049999994,0.03963593658250147,3.228019082784204,0.5287,200.0,206.0,212.0,218.0,224.0,230.0,236.0,12.0,24.0,36.0,1.0,1.0,1.0
national_2.5000_district_7.5937,2016,calculated_from_components,2.5,7.593685699316242,7.994627101997942,False,False,20000,20962736,194,228.3953,228.0,15.12323621199101,34.39529999999999,34.39529999999999,34.0,34.0,25.90750928,0.002201996476805637,6.118390840680369,0.75615,199.0,209.0,218.0,228.0,239.0,248.0,259.0,21.0,39.0,60.0,0.0,0.0,0.0
national_2.5000_district_7.5937,2018,calculated_from_components,2.5,7.593685699316242,7.994627101997942,False,False,20000,20963738,238,244.37265,244.0,13.37157888708722,6.372649999999993,6.372649999999993,6.0,6.0,4.1762738325,0.027647289097670776,3.588227599304248,0.983,219.0,227.0,235.0,244.0,253.0,262.0,272.0,18.0,35.0,53.0,1.0,1.0,1.0
national_2.5000_district_7.5937,2020,calculated_from_components,2.5,7.593685699316242,7.994627101997942,False,False,20000,20964740,222,235.8848,235.0,12.36948176618399,13.884800000000013,13.884800000000013,13.0,13.0,8.341291125,0.017762771579565472,4.030650496185838,0.93815,213.0,220.0,227.0,235.0,244.0,252.0,261.0,17.0,32.0,48.0,0.0,1.0,1.0
national_2.5000_district_7.5937,2022,calculated_from_components,2.5,7.593685699316242,7.994627101997942,False,False,20000,20965742,215,218.19725,218.0,10.99174159797563,3.197249999999997,3.197249999999997,3.0,3.0,2.9234625324999994,0.03410647876296731,3.3782679196901646,0.52605,197.0,204.0,211.0,218.0,226.0,232.0,240.0,15.0,28.0,43.0,1.0,1.0,1.0
national_3.0000_district_7.4104,2016,calculated_from_components,3.0,7.410402317013564,7.994627101997941,False,False,20000,21062736,194,228.22765,228.0,17.840354239461433,34.22765000000001,34.22765000000001,34.0,34.0,24.4157610025,0.003327461342728518,5.705545625274582,0.71945,194.0,205.0,216.0,228.0,240.0,251.0,264.0,24.0,46.0,70.0,0.0,0.0,1.0
national_3.0000_district_7.4104,2018,calculated_from_components,3.0,7.410402317013564,7.994627101997941,False,False,20000,21063738,238,244.4271,244.0,15.654633146993522,6.427099999999996,6.427099999999996,6.0,6.0,4.5581141899999995,0.02480916030534351,3.6965423268595052,0.96415,215.0,225.0,234.0,244.0,255.0,265.0,276.0,21.0,40.0,61.0,1.0,1.0,1.0
national_3.0000_district_7.4104,2020,calculated_from_components,3.0,7.410402317013564,7.994627101997941,False,False,20000,21064740,222,235.8634,235.0,14.758683253480603,13.863400000000013,13.863400000000013,13.0,13.0,8.053358014999999,0.018741436680367977,3.9770183412700426,0.89875,208.0,217.0,226.0,235.0,246.0,255.0,266.0,20.0,38.0,58.0,0.0,1.0,1.0
national_3.0000_district_7.4104,2022,calculated_from_components,3.0,7.410402317013564,7.994627101997941,False,False,20000,21065742,215,218.22265,218.0,12.823755277315245,3.2226499999999874,3.2226499999999874,3.0,3.0,3.3079478475000004,0.028723820708553532,3.550028510622592,0.5246,193.0,202.0,210.0,218.0,227.0,235.0,243.0,17.0,33.0,50.0,1.0,1.0,1.0
national_3.5000_district_7.1878,2016,calculated_from_components,3.5,7.187771733993784,7.994627101997941,False,False,20000,21162736,194,227.9302,227.0,20.58508720532324,33.93020000000001,33.93020000000001,33.0,33.0,22.98053443,0.004061460168330398,5.506212722654091,0.686,189.0,202.0,214.0,227.0,242.0,255.0,269.0,28.0,53.0,80.0,0.0,0.0,1.0
national_3.5000_district_7.1878,2018,calculated_from_components,3.5,7.187771733993784,7.994627101997941,False,False,20000,21163738,238,244.326,244.0,17.891233294869323,6.325999999999993,6.325999999999993,6.0,6.0,4.860949795,0.020747700137013114,3.875319875218731,0.93915,212.0,222.0,232.0,244.0,256.0,268.0,282.0,24.0,46.0,70.0,1.0,1.0,1.0
national_3.5000_district_7.1878,2020,calculated_from_components,3.5,7.187771733993784,7.994627101997941,False,False,20000,21164740,222,235.78445,235.0,17.032151740374594,13.784449999999993,13.784449999999993,13.0,13.0,7.807419577499999,0.02099236641221374,3.8635964115226717,0.86395,205.0,215.0,224.0,235.0,247.0,258.0,271.0249999999978,23.0,43.0,66.02499999999782,0.0,1.0,1.0
national_3.5000_district_7.1878,2022,calculated_from_components,3.5,7.187771733993784,7.994627101997941,False,False,20000,21165742,215,218.1829,218.0,14.86367700250183,3.1828999999999894,3.1828999999999894,3.0,3.0,3.700493034999999,0.027451556077510274,3.5953324249279923,0.51795,189.0,199.0,208.0,218.0,228.0,237.0,248.0,20.0,38.0,59.0,1.0,1.0,1.0
national_4.0000_district_6.9220,2016,calculated_from_components,4.0,6.921998446980467,7.994627101997941,False,False,20000,21262736,194,228.2486,228.0,23.325599718337596,34.24860000000001,34.24860000000001,34.0,34.0,22.254660339999997,0.006165590135055784,5.08877142349921,0.66795,184.0,198.0,212.0,228.0,244.0,259.0,274.0,32.0,61.0,90.0,0.0,0.0,1.0
national_4.0000_district_6.9220,2018,calculated_from_components,4.0,6.921998446980467,7.994627101997941,False,False,20000,21263738,238,244.5727,243.0,20.46583390013369,6.5726999999999975,6.5726999999999975,5.0,5.0,5.427166505000001,0.017420238794284598,4.050122599598658,0.9138,207.0,219.0,230.0,243.0,258.0,272.0,287.0,28.0,53.0,80.0,1.0,1.0,1.0
national_4.0000_district_6.9220,2020,calculated_from_components,4.0,6.921998446980467,7.994627101997941,False,False,20000,21264740,222,236.20385,235.0,19.283471881170403,14.203849999999989,14.203849999999989,13.0,13.0,8.0622168125,0.01663730671364259,4.096107712840482,0.8332,201.0,212.0,223.0,235.0,249.0,262.0,276.0,26.0,50.0,75.0,0.0,1.0,1.0
national_4.0000_district_6.9220,2022,calculated_from_components,4.0,6.921998446980467,7.994627101997941,False,False,20000,21265742,215,218.24335,218.0,16.754368571235712,3.2433499999999924,3.2433499999999924,3.0,3.0,4.129071272500001,0.023977294969661382,3.7306479393460164,0.52205,185.0,197.0,207.0,218.0,229.0,239.0,251.0,22.0,42.0,66.0,1.0,1.0,1.0
national_4.5000_district_6.6079,2016,calculated_from_components,4.5,6.607878820014786,7.994627101997941,False,False,20000,21362736,194,228.3703,228.0,26.28104854425769,34.370299999999986,34.370299999999986,34.0,34.0,21.39508976,0.006850655705617537,4.983410907841384,0.64475,180.0,194.0,210.0,228.0,247.0,263.0,281.0,37.0,69.0,101.0,0.0,1.0,1.0
national_4.5000_district_6.6079,2018,calculated_from_components,4.5,6.607878820014786,7.994627101997941,False,False,20000,21363738,238,244.2637,243.0,23.015350260801622,6.2637,6.2637,5.0,5.0,5.893448169999999,0.016490506948522214,4.104970400098327,0.8805,203.0,216.0,228.0,243.0,259.0,275.0,292.0,31.0,59.0,89.0,1.0,1.0,1.0
national_4.5000_district_6.6079,2020,calculated_from_components,4.5,6.607878820014786,7.994627101997941,False,False,20000,21364740,222,235.6732,234.0,21.463989305388807,13.673200000000008,13.673200000000008,12.0,12.0,7.882107429999998,0.01644157369348209,4.107942170487484,0.79705,197.0,209.0,221.0,234.0,250.0,264.0,281.0,29.0,55.0,84.0,1.0,1.0,1.0
national_4.5000_district_6.6079,2022,calculated_from_components,4.5,6.607878820014786,7.994627101997941,False,False,20000,21365742,215,218.33215,218.0,18.911359241284526,3.332150000000013,3.332150000000013,3.0,3.0,4.5600674275,0.020698766881972988,3.8776811514044107,0.5213,181.0,194.0,206.0,218.0,231.0,242.0,256.0,25.0,48.0,75.0,1.0,1.0,1.0
national_5.0000_district_6.2381,2016,calculated_from_components,5.0,6.238113697264582,7.994627101997941,False,False,20000,21462736,194,228.2296,228.0,29.019894754367694,34.229600000000005,34.229600000000005,34.0,34.0,20.675880075,0.007927187316500293,4.837456995218305,0.63,175.0,191.0,207.0,228.0,248.0,266.0,286.0,41.0,75.0,111.0,0.0,1.0,1.0
national_5.0000_district_6.2381,2018,calculated_from_components,5.0,6.238113697264582,7.994627101997941,False,False,20000,21463738,238,244.081,242.5,25.250681552107505,6.080999999999989,6.080999999999989,4.5,4.5,6.296580205,0.01580544137796046,4.147401007228032,0.85415,199.0,213.0,226.0,242.5,260.0,278.0,297.0,34.0,65.0,98.0,1.0,1.0,1.0
national_5.0000_district_6.2381,2020,calculated_from_components,5.0,6.238113697264582,7.994627101997941,False,False,20000,21464740,222,236.03835,234.0,23.669154837510277,14.038350000000008,14.038350000000008,12.0,12.0,8.1221540925,0.015316108827559209,4.178850139910535,0.7768,194.0,207.0,219.0,234.0,251.0,268.0,286.0,32.0,61.0,92.0,1.0,1.0,1.0
national_5.0000_district_6.2381,2022,calculated_from_components,5.0,6.238113697264582,7.994627101997941,False,False,20000,21465742,215,218.1923,218.0,20.570582834570043,3.192299999999989,3.192299999999989,3.0,3.0,4.88751072,0.020551967116852612,3.884798619173275,0.51775,177.0,192.0,205.0,218.0,232.0,244.0,258.0,27.0,52.0,81.0,1.0,1.0,1.0
national_5.0625_district_6.1875,2016,calculated_from_components,5.0625,6.1875,7.994627101997941,True,False,20000,21562736,194,228.41375,228.0,29.23738193071685,34.41374999999999,34.41374999999999,34.0,34.0,20.758425532500002,0.00826972010178117,4.795154615527615,0.62845,175.0,191.0,207.0,228.0,249.0,267.0,287.0,42.0,76.0,112.0,0.0,1.0,1.0
national_5.0625_district_6.1875,2018,calculated_from_components,5.0625,6.1875,7.994627101997941,True,False,20000,21563738,238,244.28295,243.0,25.66333025200512,6.28295,6.28295,5.0,5.0,6.3941491175,0.015658641612840085,4.156732334656916,0.8523,198.0,213.0,226.0,243.0,261.0,279.0,298.0,35.0,66.0,100.0,1.0,1.0,1.0
national_5.0625_district_6.1875,2020,calculated_from_components,5.0625,6.1875,7.994627101997941,True,False,20000,21564740,222,235.7591,234.0,24.022481578118832,13.75909999999999,13.75909999999999,12.0,12.0,8.05202716,0.015169309062438834,4.188481032971497,0.7668,193.0,206.0,219.0,234.0,251.0,268.0,287.0,32.0,62.0,94.0,1.0,1.0,1.0
national_5.0625_district_6.1875,2022,calculated_from_components,5.0625,6.1875,7.994627101997941,True,False,20000,21565742,215,218.3791,219.0,21.04153797862754,3.379099999999994,3.379099999999994,4.0,4.0,5.0461621050000005,0.019328635740849483,3.9461675655495667,0.5203,176.0,191.0,205.0,219.0,232.0,245.0,260.0,27.0,54.0,84.0,1.0,1.0,1.0
