cycle,state,districts,winner_accuracy,mean_margin_error_dem_bias,mean_abs_margin_error,actual_dem_wins,predicted_dem_wins,expected_dem_wins,tested_environment_multiplier,tested_total_error_sd
2018,CA,4,0.25,-5.500000000000002,5.500000000000002,4,1,2.013597818198206,0.75,6.5
2018,GA,1,1.0,2.4499999999999993,2.4499999999999993,1,1,0.6296625049549744,0.75,6.5
2018,IA,2,1.0,-1.4500000000000006,1.4500000000000006,2,2,1.167092405470424,0.75,6.5
2018,KS,1,1.0,-3.55,3.55,1,1,0.7203410279988502,0.75,6.5
2018,ME,1,0.0,-6.350000000000001,6.350000000000001,1,0,0.305110905159298,0.75,6.5
2018,MI,1,0.0,-8.25,8.25,1,0,0.4330959498044013,0.75,6.5
2018,NJ,3,1.0,2.849999999999999,6.949999999999999,3,3,2.1354420915453325,0.75,6.5
2018,NM,1,1.0,-1.95,1.95,0,0,0.3596409005090666,0.75,6.5
2018,NY,1,0.0,-5.95,5.95,1,0,0.4293226181227159,0.75,6.5
2018,OK,1,0.0,-7.350000000000001,7.350000000000001,1,0,0.28589924334701,0.75,6.5
2018,PA,1,0.0,5.449999999999999,5.449999999999999,0,1,0.607892385165051,0.75,6.5
2018,SC,1,0.0,-7.050000000000001,7.050000000000001,1,0,0.2954143881294745,0.75,6.5
2018,TX,1,1.0,-1.3500000000000014,1.3500000000000014,1,1,0.6332427944228411,0.75,6.5
2018,VA,1,0.0,-3.5500000000000007,3.5500000000000007,1,0,0.4406655151524555,0.75,6.5
2022,AK,1,0.0,-20.299999999999997,20.299999999999997,1,0,0.1723260793130403,0.75,6.5
2022,AZ,2,1.0,-0.5999999999999995,0.5999999999999995,0,0,0.8436041817822605,0.75,6.5
2022,CA,3,0.0,13.1,13.1,0,3,2.4014193616157646,0.75,6.5
2022,CO,1,1.0,-11.7,11.7,0,0,0.1381466613990349,0.75,6.5
2022,ME,1,1.0,-0.3999999999999994,0.3999999999999994,0,0,0.2629349999176746,0.75,6.5
2022,MI,1,0.0,5.6000000000000005,5.6000000000000005,0,1,0.5076917008615782,0.75,6.5
2022,NC,1,1.0,0.2000000000000006,0.2000000000000006,0,0,0.3721330280999551,0.75,6.5
2022,NM,1,1.0,3.2,3.2,1,1,0.6456563062257954,0.75,6.5
2022,NY,2,0.0,7.05,7.05,0,2,1.404391594829833,0.75,6.5
2022,OH,2,1.0,-2.3499999999999996,2.3499999999999996,2,2,1.2107466273347351,0.75,6.5
2022,OR,1,0.0,8.8,8.8,0,1,0.7370650000823256,0.75,6.5
2022,PA,1,1.0,-1.9999999999999996,1.9999999999999996,1,1,0.5,0.75,6.5
2022,TX,1,1.0,5.1,5.1,1,1,0.8901532760083799,0.75,6.5
2022,VA,1,0.0,5.6,5.6,0,1,0.5650144420477546,0.75,6.5
2022,WA,1,0.0,-6.1,6.1,1,0,0.3067442552809956,0.75,6.5
2018,CA,4,0.25,-5.500000000000002,5.500000000000002,4,1,2.0121614100664083,0.75,7.5
2018,GA,1,1.0,2.4499999999999993,2.4499999999999993,1,1,0.6130141761393355,0.75,7.5
2018,IA,2,1.0,-1.4500000000000006,1.4500000000000006,2,2,1.1452682177922666,0.75,7.5
2018,KS,1,1.0,-3.55,3.55,1,1,0.6942363401080305,0.75,7.5
2018,ME,1,0.0,-6.350000000000001,6.350000000000001,1,0,0.328862714179364,0.75,7.5
2018,MI,1,0.0,-8.25,8.25,1,0,0.4419298941260467,0.75,7.5
2018,NJ,3,1.0,2.849999999999999,6.949999999999999,3,3,2.068332051582003,0.75,7.5
2018,NM,1,1.0,-1.95,1.95,0,0,0.3775406687981454,0.75,7.5
2018,NY,1,0.0,-5.95,5.95,1,0,0.438644115373656,0.75,7.5
2018,OK,1,0.0,-7.350000000000001,7.350000000000001,1,0,0.3114533866170204,0.75,7.5
2018,PA,1,0.0,5.449999999999999,5.449999999999999,0,1,0.5938731029341427,0.75,7.5
2018,SC,1,0.0,-7.050000000000001,7.050000000000001,1,0,0.3200954183930803,0.75,7.5
2018,TX,1,1.0,-1.3500000000000014,1.3500000000000014,1,1,0.6161724076316778,0.75,7.5
2018,VA,1,0.0,-3.5500000000000007,3.5500000000000007,1,0,0.4485164463388174,0.75,7.5
2022,AK,1,0.0,-20.299999999999997,20.299999999999997,1,0,0.2042403022840918,0.75,7.5
2022,AZ,2,1.0,-0.5999999999999995,0.5999999999999995,0,0,0.8641793818653318,0.75,7.5
2022,CA,3,0.0,13.1,13.1,0,3,2.3077677167641046,0.75,7.5
2022,CO,1,1.0,-11.7,11.7,0,0,0.1698533905477773,0.75,7.5
2022,ME,1,1.0,-0.3999999999999994,0.3999999999999994,0,0,0.2904224237239459,0.75,7.5
2022,MI,1,0.0,5.6000000000000005,5.6000000000000005,0,1,0.5066662716330296,0.75,7.5
2022,NC,1,1.0,0.2000000000000006,0.2000000000000006,0,0,0.3885685290929272,0.75,7.5
2022,NM,1,1.0,3.2,3.2,1,1,0.6271477663131956,0.75,7.5
2022,NY,2,0.0,7.05,7.05,0,2,1.3604465501980871,0.75,7.5
2022,OH,2,1.0,-2.3499999999999996,2.3499999999999996,2,2,1.1844026395507763,0.75,7.5
2022,OR,1,0.0,8.8,8.8,0,1,0.7095775762760542,0.75,7.5
2022,PA,1,1.0,-1.9999999999999996,1.9999999999999996,1,1,0.5,0.75,7.5
2022,TX,1,1.0,5.1,5.1,1,1,0.8597642553696124,0.75,7.5
2022,VA,1,0.0,5.6,5.6,0,1,0.5564252894494102,0.75,7.5
2022,WA,1,0.0,-6.1,6.1,1,0,0.330335802922225,0.75,7.5
2018,CA,4,0.25,-5.500000000000002,5.500000000000002,4,1,2.0109555715159555,0.75,8.5
2018,GA,1,1.0,2.4499999999999993,2.4499999999999993,1,1,0.6001001345804066,0.75,8.5
2018,IA,2,1.0,-1.4500000000000006,1.4500000000000006,2,2,1.1284481086021962,0.75,8.5
2018,KS,1,1.0,-3.55,3.55,1,1,0.673383743611613,0.75,8.5
2018,ME,1,0.0,-6.350000000000001,6.350000000000001,1,0,0.3476439303356886,0.75,8.5
2018,MI,1,0.0,-8.25,8.25,1,0,0.4487104537264346,0.75,8.5
2018,NJ,3,1.0,2.849999999999999,6.949999999999999,3,3,2.0127972689617617,0.75,8.5
2018,NM,1,1.0,-1.95,1.95,0,0,0.3914606755941183,0.75,8.5
2018,NY,1,0.0,-5.95,5.95,1,0,0.4458020142147238,0.75,8.5
2018,OK,1,0.0,-7.350000000000001,7.350000000000001,1,0,0.3318122278318338,0.75,8.5
2018,PA,1,0.0,5.449999999999999,5.449999999999999,0,1,0.5830469568892228,0.75,8.5
2018,SC,1,0.0,-7.050000000000001,7.050000000000001,1,0,0.3396832939727048,0.75,8.5
2018,TX,1,1.0,-1.3500000000000014,1.3500000000000014,1,1,0.6029200748394254,0.75,8.5
2018,VA,1,0.0,-3.5500000000000007,3.5500000000000007,1,0,0.4545376733046921,0.75,8.5
2022,AK,1,0.0,-20.299999999999997,20.299999999999997,1,0,0.2314752165009823,0.75,8.5
2022,AZ,2,1.0,-0.5999999999999995,0.5999999999999995,0,0,0.8799939200668276,0.75,8.5
2022,CA,3,0.0,13.1,13.1,0,3,2.2295113536202273,0.75,8.5
2022,CO,1,1.0,-11.7,11.7,0,0,0.1978161114414182,0.75,8.5
2022,ME,1,1.0,-0.3999999999999994,0.3999999999999994,0,0,0.312547711531562,0.75,8.5
2022,MI,1,0.0,5.6000000000000005,5.6000000000000005,0,1,0.5058820815673682,0.75,8.5
2022,NC,1,1.0,0.2000000000000006,0.2000000000000006,0,0,0.401312339887548,0.75,8.5
2022,NM,1,1.0,3.2,3.2,1,1,0.6127350475344939,0.75,8.5
2022,NY,2,0.0,7.05,7.05,0,2,1.3243645589656916,0.75,8.5
2022,OH,2,1.0,-2.3499999999999996,2.3499999999999996,2,2,1.1637669432866535,0.75,8.5
2022,OR,1,0.0,8.8,8.8,0,1,0.687452288468438,0.75,8.5
2022,PA,1,1.0,-1.9999999999999996,1.9999999999999996,1,1,0.5,0.75,8.5
2022,TX,1,1.0,5.1,5.1,1,1,0.8320183851339245,0.75,8.5
2022,VA,1,0.0,5.6,5.6,0,1,0.549833997312478,0.75,8.5
2022,WA,1,0.0,-6.1,6.1,1,0,0.348979168012589,0.75,8.5
2018,CA,4,0.25,-5.500000000000002,5.500000000000002,4,1,2.0099446809089208,0.75,9.5
2018,GA,1,1.0,2.4499999999999993,2.4499999999999993,1,1,0.5898046558061038,0.75,9.5
2018,IA,2,1.0,-1.4500000000000006,1.4500000000000006,2,2,1.1150977120904604,0.75,9.5
2018,KS,1,1.0,-3.55,3.55,1,1,0.6564171975857751,0.75,9.5
2018,ME,1,0.0,-6.350000000000001,6.350000000000001,1,0,0.362817099131613,0.75,9.5
2018,MI,1,0.0,-8.25,8.25,1,0,0.454077155343059,0.75,9.5
2018,NJ,3,1.0,2.849999999999999,6.949999999999999,3,3,1.9663805138576165,0.75,9.5
2018,NM,1,1.0,-1.95,1.95,0,0,0.4025775243556063,0.75,9.5
2018,NY,1,0.0,-5.95,5.95,1,0,0.4514690602546954,0.75,9.5
2018,OK,1,0.0,-7.350000000000001,7.350000000000001,1,0,0.3483463899975973,0.75,9.5
2018,PA,1,0.0,5.449999999999999,5.449999999999999,0,1,0.574442516811659,0.75,9.5
2018,SC,1,0.0,-7.050000000000001,7.050000000000001,1,0,0.3555487423787064,0.75,9.5
2018,TX,1,1.0,-1.3500000000000014,1.3500000000000014,1,1,0.5923489127101018,0.75,9.5
2018,VA,1,0.0,-3.5500000000000007,3.5500000000000007,1,0,0.4593007724277272,0.75,9.5
2022,AK,1,0.0,-20.299999999999997,20.299999999999997,1,0,0.2547030808007765,0.75,9.5
2022,AZ,2,1.0,-0.5999999999999995,0.5999999999999995,0,0,0.8925227358387207,0.75,9.5
2022,CA,3,0.0,13.1,13.1,0,3,2.1637725305143607,0.75,9.5
2022,CO,1,1.0,-11.7,11.7,0,0,0.2222449323556359,0.75,9.5
2022,ME,1,1.0,-0.3999999999999994,0.3999999999999994,0,0,0.3306463526949775,0.75,9.5
2022,MI,1,0.0,5.6000000000000005,5.6000000000000005,0,1,0.5052629635115555,0.75,9.5
2022,NC,1,1.0,0.2000000000000006,0.2000000000000006,0,0,0.4114692861463588,0.75,9.5
2022,NM,1,1.0,3.2,3.2,1,1,0.6012140727844423,0.75,9.5
2022,NY,2,0.0,7.05,7.05,0,2,1.2943963658060662,0.75,9.5
2022,OH,2,1.0,-2.3499999999999996,2.3499999999999996,2,2,1.1472028778371426,0.75,9.5
2022,OR,1,0.0,8.8,8.8,0,1,0.6693536473050224,0.75,9.5
2022,PA,1,1.0,-1.9999999999999996,1.9999999999999996,1,1,0.5,0.75,9.5
2022,TX,1,1.0,5.1,5.1,1,1,0.8071472148456382,0.75,9.5
2022,VA,1,0.0,5.6,5.6,0,1,0.5446178422917288,0.75,9.5
2022,WA,1,0.0,-6.1,6.1,1,0,0.364034716784184,0.75,9.5
2018,CA,4,0.75,-4.640000000000001,4.640000000000001,4,3,2.142767705684414,0.85,6.5
2018,GA,1,1.0,3.3099999999999996,3.3099999999999996,1,1,0.6599512374564582,0.85,6.5
2018,IA,2,1.0,-0.5900000000000003,0.6999999999999997,2,2,1.2304048958656566,0.85,6.5
2018,KS,1,1.0,-2.6899999999999995,2.6899999999999995,1,1,0.7462027333835084,0.85,6.5
2018,ME,1,0.0,-5.490000000000001,5.490000000000001,1,0,0.3338619758852926,0.85,6.5
2018,MI,1,0.0,-7.390000000000001,7.390000000000001,1,0,0.4658226103650226,0.85,6.5
2018,NJ,3,1.0,3.709999999999999,7.236666666666667,3,3,2.2098807710792276,0.85,6.5
2018,NM,1,1.0,-1.0899999999999996,1.0899999999999996,0,0,0.390641766664786,0.85,6.5
2018,NY,1,0.0,-5.09,5.09,1,0,0.4619965144444864,0.85,6.5
2018,OK,1,0.0,-6.49,6.49,1,0,0.3136571178695188,0.85,6.5
2018,PA,1,0.0,6.309999999999999,6.309999999999999,0,1,0.6389406521815875,0.85,6.5
2018,SC,1,0.0,-6.1899999999999995,6.1899999999999995,1,0,0.3236773482188839,0.85,6.5
2018,TX,1,1.0,-0.4900000000000002,0.4900000000000002,1,1,0.6633952422784534,0.85,6.5
2018,VA,1,0.0,-2.6900000000000004,2.6900000000000004,1,0,0.4734864314395917,0.85,6.5
2022,AK,1,0.0,-20.58,20.58,1,0,0.1662684673167798,0.85,6.5
2022,AZ,2,1.0,-0.8799999999999998,0.8799999999999998,0,0,0.8226666108830756,0.85,6.5
2022,CA,3,0.0,12.82,12.82,0,3,2.380517267556465,0.85,6.5
2022,CO,1,1.0,-11.98,11.98,0,0,0.1330973174082049,0.85,6.5
2022,ME,1,1.0,-0.6800000000000006,0.6800000000000006,0,0,0.2546723404152713,0.85,6.5
2022,MI,1,1.0,5.32,5.32,0,0,0.4969231157633322,0.85,6.5
2022,NC,1,1.0,-0.0799999999999996,0.0799999999999996,0,0,0.3621247775887107,0.85,6.5
2022,NM,1,1.0,2.92,2.92,1,1,0.6357403011786119,0.85,6.5
2022,NY,2,0.0,6.7700000000000005,6.7700000000000005,0,2,1.3872358810000789,0.85,6.5
2022,OH,2,1.0,-2.6300000000000003,2.6300000000000003,2,2,1.1905604495600146,0.85,6.5
2022,OR,1,0.0,8.520000000000001,8.520000000000001,0,1,0.7286318690129009,0.85,6.5
2022,PA,1,0.0,-2.28,2.28,1,0,0.4892324342229786,0.85,6.5
2022,TX,1,1.0,4.82,4.82,1,1,0.8858698691526086,0.85,6.5
2022,VA,1,0.0,5.32,5.32,0,1,0.5543992043311003,0.85,6.5
2022,WA,1,0.0,-6.38,6.38,1,0,0.2976608745463676,0.85,6.5
2018,CA,4,0.75,-4.640000000000001,4.640000000000001,4,3,2.1247625439973867,0.85,7.5
2018,GA,1,1.0,3.3099999999999996,3.3099999999999996,1,1,0.6398392853274366,0.85,7.5
2018,IA,2,1.0,-0.5900000000000003,0.6999999999999997,2,2,1.2007345197802597,0.85,7.5
2018,KS,1,1.0,-2.6899999999999995,2.6899999999999995,1,1,0.7180210911536845,0.85,7.5
2018,ME,1,0.0,-5.490000000000001,5.490000000000001,1,0,0.3546487986368757,0.85,7.5
2018,MI,1,0.0,-7.390000000000001,7.390000000000001,1,0,0.4703680976637469,0.85,7.5
2018,NJ,3,1.0,3.709999999999999,7.236666666666667,3,3,2.136881516111961,0.85,7.5
2018,NM,1,1.0,-1.0899999999999996,1.0899999999999996,0,0,0.4048412086521618,0.85,7.5
2018,NY,1,0.0,-5.09,5.09,1,0,0.467047832658105,0.85,7.5
2018,OK,1,0.0,-6.49,6.49,1,0,0.3365589537195237,0.85,7.5
2018,PA,1,0.0,6.309999999999999,6.309999999999999,0,1,0.621205161924392,0.85,7.5
2018,SC,1,0.0,-6.1899999999999995,6.1899999999999995,1,0,0.3455480033743855,0.85,7.5
2018,TX,1,1.0,-0.4900000000000002,0.4900000000000002,1,1,0.642906121361229,0.85,7.5
2018,VA,1,0.0,-2.6900000000000004,2.6900000000000004,1,0,0.4770162089475516,0.85,7.5
2022,AK,1,0.0,-20.58,20.58,1,0,0.1982396121840464,0.85,7.5
2022,AZ,2,1.0,-0.8799999999999998,0.8799999999999998,0,0,0.8459057143953069,0.85,7.5
2022,CA,3,0.0,12.82,12.82,0,3,2.28769246170077,0.85,7.5
2022,CO,1,1.0,-11.98,11.98,0,0,0.1646539598093883,0.85,7.5
2022,ME,1,1.0,-0.6800000000000006,0.6800000000000006,0,0,0.2827894818688596,0.85,7.5
2022,MI,1,1.0,5.32,5.32,0,0,0.4973333586169963,0.85,7.5
2022,NC,1,1.0,-0.0799999999999996,0.0799999999999996,0,0,0.3797365306068928,0.85,7.5
2022,NM,1,1.0,2.92,2.92,1,1,0.6183773712391896,0.85,7.5
2022,NY,2,0.0,6.7700000000000005,6.7700000000000005,0,2,1.3448232513956886,0.85,7.5
2022,OH,2,1.0,-2.6300000000000003,2.6300000000000003,2,2,1.1666346583357745,0.85,7.5
2022,OR,1,0.0,8.520000000000001,8.520000000000001,0,1,0.7018242628085736,0.85,7.5
2022,PA,1,0.0,-2.28,2.28,1,0,0.4906677505649783,0.85,7.5
2022,TX,1,1.0,4.82,4.82,1,1,0.8552022438686094,0.85,7.5
2022,VA,1,0.0,5.32,5.32,0,1,0.5471924414302873,0.85,7.5
2022,WA,1,0.0,-6.38,6.38,1,0,0.3221300738863894,0.85,7.5
2018,CA,4,0.75,-4.640000000000001,4.640000000000001,4,3,2.1107023929501043,0.85,8.5
2018,GA,1,1.0,3.3099999999999996,3.3099999999999996,1,1,0.624116741356557,0.85,8.5
2018,IA,2,1.0,-0.5900000000000003,0.6999999999999997,2,2,1.1777456637729244,0.85,8.5
2018,KS,1,1.0,-2.6899999999999995,2.6899999999999995,1,1,0.6952343542359923,0.85,8.5
2018,ME,1,0.0,-5.490000000000001,5.490000000000001,1,0,0.3709285716253926,0.85,8.5
2018,MI,1,0.0,-7.390000000000001,7.390000000000001,1,0,0.4738474183111563,0.85,8.5
2018,NJ,3,1.0,3.709999999999999,7.236666666666667,3,3,2.076002837270696,0.85,8.5
2018,NM,1,1.0,-1.0899999999999996,1.0899999999999996,0,0,0.4158094770645927,0.85,8.5
2018,NY,1,0.0,-5.09,5.09,1,0,0.4709152243895487,0.85,8.5
2018,OK,1,0.0,-6.49,6.49,1,0,0.354612897804003,0.85,8.5
2018,PA,1,0.0,6.309999999999999,6.309999999999999,0,1,0.6074177219909077,0.85,8.5
2018,SC,1,0.0,-6.1899999999999995,6.1899999999999995,1,0,0.3627312158867817,0.85,8.5
2018,TX,1,1.0,-0.4900000000000002,0.4900000000000002,1,1,0.6268726270168496,0.85,8.5
2018,VA,1,0.0,-2.6900000000000004,2.6900000000000004,1,0,0.4797170192234657,0.85,8.5
2022,AK,1,0.0,-20.58,20.58,1,0,0.2256670656688471,0.85,8.5
2022,AZ,2,1.0,-0.8799999999999998,0.8799999999999998,0,0,0.8637941550047188,0.85,8.5
2022,CA,3,0.0,12.82,12.82,0,3,2.210501992938345,0.85,8.5
2022,CO,1,1.0,-11.98,11.98,0,0,0.1926408284872452,0.85,8.5
2022,ME,1,1.0,-0.6800000000000006,0.6800000000000006,0,0,0.3055139849228503,0.85,8.5
2022,MI,1,1.0,5.32,5.32,0,0,0.4976470761922608,0.85,8.5
2022,NC,1,1.0,-0.0799999999999996,0.0799999999999996,0,0,0.3934242249222346,0.85,8.5
2022,NM,1,1.0,2.92,2.92,1,1,0.604889984887726,0.85,8.5
2022,NY,2,0.0,6.7700000000000005,6.7700000000000005,0,2,1.3100813160766092,0.85,8.5
2022,OH,2,1.0,-2.6300000000000003,2.6300000000000003,2,2,1.1479224157322525,0.85,8.5
2022,OR,1,0.0,8.520000000000001,8.520000000000001,0,1,0.68033116499419,0.85,8.5
2022,PA,1,0.0,-2.28,2.28,1,0,0.4917654504925097,0.85,8.5
2022,TX,1,1.0,4.82,4.82,1,1,0.8273639159969085,0.85,8.5
2022,VA,1,0.0,5.32,5.32,0,1,0.5416678431557974,0.85,8.5
2022,WA,1,0.0,-6.38,6.38,1,0,0.3415328900186985,0.85,8.5
2018,CA,4,0.75,-4.640000000000001,4.640000000000001,4,3,2.0994415054423015,0.85,9.5
2018,GA,1,1.0,3.3099999999999996,3.3099999999999996,1,1,0.6115148301126921,0.85,9.5
2018,IA,2,1.0,-0.5900000000000003,0.6999999999999997,2,2,1.1594322552848566,0.85,9.5
2018,KS,1,1.0,-2.6899999999999995,2.6899999999999995,1,1,0.676535321714773,0.85,9.5
2018,ME,1,0.0,-5.490000000000001,5.490000000000001,1,0,0.3839935735924884,0.85,9.5
2018,MI,1,0.0,-7.390000000000001,7.390000000000001,1,0,0.4765960623710131,0.85,9.5
2018,NJ,3,1.0,3.709999999999999,7.236666666666667,3,3,2.0248136821843783,0.85,9.5
2018,NM,1,1.0,-1.0899999999999996,1.0899999999999996,0,0,0.4245285090779208,0.85,9.5
2018,NY,1,0.0,-5.09,5.09,1,0,0.4739709201153738,0.85,9.5
2018,OK,1,0.0,-6.49,6.49,1,0,0.3691676004585606,0.85,9.5
2018,PA,1,0.0,6.309999999999999,6.309999999999999,0,1,0.5964093926851446,0.85,9.5
2018,SC,1,0.0,-6.1899999999999995,6.1899999999999995,1,0,0.3765516908797562,0.85,9.5
2018,TX,1,1.0,-0.4900000000000002,0.4900000000000002,1,1,0.6140125534652002,0.85,9.5
2018,VA,1,0.0,-2.6900000000000004,2.6900000000000004,1,0,0.4818500834862367,0.85,9.5
2022,AK,1,0.0,-20.58,20.58,1,0,0.249148667783225,0.85,9.5
2022,AZ,2,1.0,-0.8799999999999998,0.8799999999999998,0,0,0.8779803098350556,0.85,9.5
2022,CA,3,0.0,12.82,12.82,0,3,2.145883285961181,0.85,9.5
2022,CO,1,1.0,-11.98,11.98,0,0,0.2171920743099717,0.85,9.5
2022,ME,1,1.0,-0.6800000000000006,0.6800000000000006,0,0,0.3241561219561505,0.85,9.5
2022,MI,1,1.0,5.32,5.32,0,0,0.4978947492830921,0.85,9.5
2022,NC,1,1.0,-0.0799999999999996,0.0799999999999996,0,0,0.4043509599486816,0.85,9.5
2022,NM,1,1.0,2.92,2.92,1,1,0.5941269597635628,0.85,9.5
2022,NY,2,0.0,6.7700000000000005,6.7700000000000005,0,2,1.281278445326489,0.85,9.5
2022,OH,2,1.0,-2.6300000000000003,2.6300000000000003,2,2,1.1329189381793638,0.85,9.5
2022,OR,1,0.0,8.520000000000001,8.520000000000001,0,1,0.6627983046140344,0.85,9.5
2022,PA,1,0.0,-2.28,2.28,1,0,0.4926321123121253,0.85,9.5
2022,TX,1,1.0,4.82,4.82,1,1,0.802517749509157,0.85,9.5
2022,VA,1,0.0,5.32,5.32,0,1,0.5372990011866888,0.85,9.5
2022,WA,1,0.0,-6.38,6.38,1,0,0.3572388882528385,0.85,9.5
2018,CA,4,0.75,-3.78,3.78,4,3,2.27081257697384,0.95,6.5
2018,GA,1,1.0,4.17,4.17,1,1,0.6889863409527655,0.95,6.5
2018,IA,2,1.0,0.27,0.6999999999999997,2,2,1.2918307959587023,0.95,6.5
2018,KS,1,1.0,-1.83,1.83,1,1,0.770435027267849,0.95,6.5
2018,ME,1,0.0,-4.630000000000001,4.630000000000001,1,0,0.3639035047058904,0.95,6.5
2018,MI,1,0.0,-6.53,6.53,1,0,0.4988461558943971,0.95,6.5
2018,NJ,3,1.0,4.57,7.523333333333333,3,3,2.2803409821606255,0.95,6.5
2018,NM,1,1.0,-0.2299999999999993,0.2299999999999993,0,0,0.4225515575264796,0.95,6.5
2018,NY,1,0.0,-4.2299999999999995,4.2299999999999995,1,0,0.4950001666600003,0.95,6.5
2018,OK,1,0.0,-5.630000000000001,5.630000000000001,1,0,0.3428162138727282,0.95,6.5
2018,PA,1,0.0,7.17,7.17,0,1,0.6688696122337069,0.95,6.5
2018,SC,1,0.0,-5.33,5.33,1,0,0.3532884777631059,0.95,6.5
2018,TX,1,1.0,0.3699999999999992,0.3699999999999992,1,1,0.6922733984881112,0.95,6.5
2018,VA,1,1.0,-1.83,1.83,1,1,0.5065380888587496,0.95,6.5
2022,AK,1,0.0,-20.86,20.86,1,0,0.1603825307519455,0.95,6.5
2022,AZ,2,1.0,-1.1599999999999997,1.1599999999999997,0,0,0.8018883439448676,0.95,6.5
2022,CA,3,0.0,12.54,12.54,0,3,2.3590802324356748,0.95,6.5
2022,CO,1,1.0,-12.260000000000002,12.260000000000002,0,0,0.1282050762616968,0.95,6.5
2022,ME,1,1.0,-0.96,0.96,0,0,0.2465824671191769,0.95,6.5
2022,MI,1,1.0,5.040000000000001,5.040000000000001,0,0,0.4861573844403671,0.95,6.5
2022,NC,1,1.0,-0.3599999999999999,0.3599999999999999,0,0,0.3522346898195365,0.95,6.5
2022,NM,1,1.0,2.640000000000001,2.640000000000001,1,1,0.6257076690075569,0.95,6.5
2022,NY,2,0.0,6.49,6.49,0,2,1.3698260818141297,0.95,6.5
2022,OH,2,1.0,-2.91,2.91,2,2,1.170215956531792,0.95,6.5
2022,OR,1,0.0,8.24,8.24,0,1,0.720031000147329,0.95,6.5
2022,PA,1,0.0,-2.5599999999999996,2.5599999999999996,1,0,0.4784748509897674,0.95,6.5
2022,TX,1,1.0,4.539999999999999,4.539999999999999,1,1,0.8814416797770033,0.95,6.5
2022,VA,1,0.0,5.04,5.04,0,1,0.5437341070439723,0.95,6.5
2022,WA,1,0.0,-6.659999999999999,6.659999999999999,1,0,0.2887344456890316,0.95,6.5
2018,CA,4,0.75,-3.78,3.78,4,3,2.236605957898698,0.95,7.5
2018,GA,1,1.0,4.17,4.17,1,1,0.6658186070270513,0.95,7.5
2018,IA,2,1.0,0.27,0.6999999999999997,2,2,1.2549459804198275,0.95,7.5
2018,KS,1,1.0,-1.83,1.83,1,1,0.7406468603359201,0.95,7.5
2018,ME,1,0.0,-4.630000000000001,4.630000000000001,1,0,0.381308029398707,0.95,7.5
2018,MI,1,0.0,-6.53,6.53,1,0,0.4990000013333311,0.95,7.5
2018,NJ,3,1.0,4.57,7.523333333333333,3,3,2.202493248847999,0.95,7.5
2018,NM,1,1.0,-0.2299999999999993,0.2299999999999993,0,0,0.4327434366660818,0.95,7.5
2018,NY,1,0.0,-4.2299999999999995,4.2299999999999995,1,0,0.4956667751572343,0.95,7.5
2018,OK,1,0.0,-5.630000000000001,5.630000000000001,1,0,0.3626224430183002,0.95,7.5
2018,PA,1,0.0,7.17,7.17,0,1,0.6477887114066193,0.95,7.5
2018,SC,1,0.0,-5.33,5.33,1,0,0.3719173766111499,0.95,7.5
2018,TX,1,1.0,0.3699999999999992,0.3699999999999992,1,1,0.6687787410967505,0.95,7.5
2018,VA,1,1.0,-1.83,1.83,1,1,0.5056664240618473,0.95,7.5
2022,AK,1,0.0,-20.86,20.86,1,0,0.1923726047286643,0.95,7.5
2022,AZ,2,1.0,-1.1599999999999997,1.1599999999999997,0,0,0.8277368567297775,0.95,7.5
2022,CA,3,0.0,12.54,12.54,0,3,2.267219963147304,0.95,7.5
2022,CO,1,1.0,-12.260000000000002,12.260000000000002,0,0,0.159583093994581,0.95,7.5
2022,ME,1,1.0,-0.96,0.96,0,0,0.2752793240658177,0.95,7.5
2022,MI,1,1.0,5.040000000000001,5.040000000000001,0,0,0.4880023034692821,0.95,7.5
2022,NC,1,1.0,-0.3599999999999999,0.3599999999999999,0,0,0.3709834769552774,0.95,7.5
2022,NM,1,1.0,2.640000000000001,2.640000000000001,1,1,0.6095291209813931,0.95,7.5
2022,NY,2,0.0,6.49,6.49,0,2,1.3290164829329392,0.95,7.5
2022,OH,2,1.0,-2.91,2.91,2,2,1.1487598660841976,0.95,7.5
2022,OR,1,0.0,8.24,8.24,0,1,0.693953237172559,0.95,7.5
2022,PA,1,0.0,-2.5599999999999996,2.5599999999999996,1,0,0.4813420008961645,0.95,7.5
2022,TX,1,1.0,4.539999999999999,4.539999999999999,1,1,0.8505176281588104,0.95,7.5
2022,VA,1,0.0,5.04,5.04,0,1,0.5379270059740935,0.95,7.5
2022,WA,1,0.0,-6.659999999999999,6.659999999999999,1,0,0.3140325933699772,0.95,7.5
2018,CA,4,0.75,-3.78,3.78,4,3,2.209916610853371,0.95,8.5
2018,GA,1,1.0,4.17,4.17,1,1,0.6475381437933763,0.95,8.5
2018,IA,2,1.0,0.27,0.6999999999999997,2,2,1.226168583886705,0.95,8.5
2018,KS,1,1.0,-1.83,1.83,1,1,0.7162391579912283,0.95,8.5
2018,ME,1,0.0,-4.630000000000001,4.630000000000001,1,0,0.3948288756125213,0.95,8.5
2018,MI,1,0.0,-6.53,6.53,1,0,0.4991176479747596,0.95,8.5
2018,NJ,3,1.0,4.57,7.523333333333333,3,3,2.136995911414666,0.95,8.5
2018,NM,1,1.0,-0.2299999999999993,0.2299999999999993,0,0,0.4405762937507143,0.95,8.5
2018,NY,1,0.0,-4.2299999999999995,4.2299999999999995,1,0,0.4961765451166501,0.95,8.5
2018,OK,1,0.0,-5.630000000000001,5.630000000000001,1,0,0.3780937778266409,0.95,8.5
2018,PA,1,0.0,7.17,7.17,0,1,0.631264894090011,0.95,8.5
2018,SC,1,0.0,-5.33,5.33,1,0,0.3864277894588412,0.95,8.5
2018,TX,1,1.0,0.3699999999999992,0.3699999999999992,1,1,0.6502185485738271,0.95,8.5
2018,VA,1,1.0,-1.83,1.83,1,1,0.5049998333399998,0.95,8.5
2022,AK,1,0.0,-20.86,20.86,1,0,0.2199629401402538,0.95,8.5
2022,AZ,2,1.0,-1.1599999999999997,1.1599999999999997,0,0,0.8476669042709015,0.95,8.5
2022,CA,3,0.0,12.54,12.54,0,3,2.1911938320171753,0.95,8.5
2022,CO,1,1.0,-12.260000000000002,12.260000000000002,0,0,0.1875692829619415,0.95,8.5
2022,ME,1,1.0,-0.96,0.96,0,0,0.2985698010724242,0.95,8.5
2022,MI,1,1.0,5.040000000000001,5.040000000000001,0,0,0.4894133471616969,0.95,8.5
2022,NC,1,1.0,-0.3599999999999999,0.3599999999999999,0,0,0.3855912973245885,0.95,8.5
2022,NM,1,1.0,2.640000000000001,2.640000000000001,1,1,0.5969905266991293,0.95,8.5
2022,NY,2,0.0,6.49,6.49,0,2,1.2956624238352732,0.95,8.5
2022,OH,2,1.0,-2.91,2.91,2,2,1.1320027150330354,0.95,8.5
2022,OR,1,0.0,8.24,8.24,0,1,0.6731249401711569,0.95,8.5
2022,PA,1,0.0,-2.5599999999999996,2.5599999999999996,1,0,0.4835353667076333,0.95,8.5
2022,TX,1,1.0,4.539999999999999,4.539999999999999,1,1,0.8226079765176654,0.95,8.5
2022,VA,1,0.0,5.04,5.04,0,1,0.53347924269258,0.95,8.5
2022,WA,1,0.0,-6.659999999999999,6.659999999999999,1,0,0.3341639418909303,0.95,8.5
2018,CA,4,0.75,-3.78,3.78,4,3,2.1885506092608065,0.95,9.5
2018,GA,1,1.0,4.17,4.17,1,1,0.6327913487162566,0.95,9.5
2018,IA,2,1.0,0.27,0.6999999999999997,2,2,1.203133852453453,0.95,9.5
2018,KS,1,1.0,-1.83,1.83,1,1,0.6960209662349051,0.95,9.5
2018,ME,1,0.0,-4.630000000000001,4.630000000000001,1,0,0.4056192337068109,0.95,9.5
2018,MI,1,0.0,-6.53,6.53,1,0,0.4992105269718612,0.95,9.5
2018,NJ,3,1.0,4.57,7.523333333333333,3,3,2.081549408675613,0.95,9.5
2018,NM,1,1.0,-0.2299999999999993,0.2299999999999993,0,0,0.4467812947793346,0.95,9.5
2018,NY,1,0.0,-4.2299999999999995,4.2299999999999995,1,0,0.4965790007522686,0.95,9.5
2018,OK,1,0.0,-5.630000000000001,5.630000000000001,1,0,0.3904875811379702,0.95,9.5
2018,PA,1,0.0,7.17,7.17,0,1,0.617996407560805,0.95,9.5
2018,SC,1,0.0,-5.33,5.33,1,0,0.3980290464619548,0.95,9.5
2018,TX,1,1.0,0.3699999999999992,0.3699999999999992,1,1,0.6352338747038698,0.95,9.5
2018,VA,1,1.0,-1.83,1.83,1,1,0.5044735648334869,0.95,9.5
2022,AK,1,0.0,-20.86,20.86,1,0,0.2436757793600713,0.95,9.5
2022,AZ,2,1.0,-1.1599999999999997,1.1599999999999997,0,0,0.8634900854141587,0.95,9.5
2022,CA,3,0.0,12.54,12.54,0,3,2.127765646601183,0.95,9.5
2022,CO,1,1.0,-12.260000000000002,12.260000000000002,0,0,0.2122227490389016,0.95,9.5
2022,ME,1,1.0,-0.96,0.96,0,0,0.31773281423285,0.95,9.5
2022,MI,1,1.0,5.040000000000001,5.040000000000001,0,0,0.4905274493196559,0.95,9.5
2022,NC,1,1.0,-0.3599999999999999,0.3599999999999999,0,0,0.3972726530027293,0.95,9.5
2022,NM,1,1.0,2.640000000000001,2.640000000000001,1,1,0.5870004171028022,0.95,9.5
2022,NY,2,0.0,6.49,6.49,0,2,1.268058003541353,0.95,9.5
2022,OH,2,1.0,-2.91,2.91,2,2,1.1185802224862085,0.95,9.5
2022,OR,1,0.0,8.24,8.24,0,1,0.6561797546598508,0.95,9.5
2022,PA,1,0.0,-2.5599999999999996,2.5599999999999996,1,0,0.4852674237011842,0.95,9.5
2022,TX,1,1.0,4.539999999999999,4.539999999999999,1,1,0.7978049920230071,0.95,9.5
2022,VA,1,0.0,5.04,5.04,0,1,0.5299640517645717,0.95,9.5
2022,WA,1,0.0,-6.659999999999999,6.659999999999999,1,0,0.3505000055484736,0.95,9.5
2018,CA,4,1.0,-3.3500000000000005,3.3500000000000005,4,4,2.334092997217514,1.0,6.5
2018,GA,1,1.0,4.6,4.6,1,1,0.7029819828021917,1.0,6.5
2018,IA,2,1.0,0.6999999999999997,0.6999999999999997,2,2,1.3217014483758909,1.0,6.5
2018,KS,1,1.0,-1.4000000000000004,1.4000000000000004,1,1,0.781925560872499,1.0,6.5
2018,ME,1,0.0,-4.200000000000001,4.200000000000001,1,0,0.3793500852000135,1.0,6.5
2018,MI,1,1.0,-6.1000000000000005,6.1000000000000005,1,1,0.5153797621170841,1.0,6.5
2018,NJ,3,1.0,5.0,7.666666666666667,3,3,2.3140173656715803,1.0,6.5
2018,NM,1,1.0,0.2000000000000004,0.2000000000000004,0,0,0.4387703939367116,1.0,6.5
2018,NY,1,1.0,-3.8,3.8,1,1,0.5115364137270703,1.0,6.5
2018,OK,1,0.0,-5.200000000000001,5.200000000000001,1,0,0.3578712866059171,1.0,6.5
2018,PA,1,0.0,7.6,7.6,0,1,0.683354470187783,1.0,6.5
2018,SC,1,0.0,-4.9,4.9,1,0,0.3685455401468715,1.0,6.5
2018,TX,1,1.0,0.7999999999999989,0.7999999999999989,1,1,0.7061842015185128,1.0,6.5
2018,VA,1,1.0,-1.4000000000000004,1.4000000000000004,1,1,0.5230605510460314,1.0,6.5
2022,AK,1,0.0,-21.0,21.0,1,0,0.1575033342295599,1.0,6.5
2022,AZ,2,1.0,-1.2999999999999998,1.2999999999999998,0,0,0.7915643582452769,1.0,6.5
2022,CA,3,0.0,12.4,12.4,0,3,2.348161023340807,1.0,6.5
2022,CO,1,1.0,-12.400000000000002,12.400000000000002,0,0,0.1258169699906982,1.0,6.5
2022,ME,1,1.0,-1.0999999999999988,1.0999999999999988,0,0,0.242602936352189,1.0,6.5
2022,MI,1,1.0,4.9,4.9,0,0,0.4807787077893918,1.0,6.5
2022,NC,1,1.0,-0.4999999999999995,0.4999999999999995,0,0,0.3473361375314583,1.0,6.5
2022,NM,1,1.0,2.5,2.5,1,1,0.6206499147999863,1.0,6.5
2022,NY,2,0.0,6.35,6.35,0,2,1.361028542548949,1.0,6.5
2022,OH,2,1.0,-3.0500000000000003,3.0500000000000003,2,2,1.159989296033009,1.0,6.5
2022,OR,1,0.0,8.100000000000001,8.100000000000001,0,1,0.7156686349377923,1.0,6.5
2022,PA,1,0.0,-2.6999999999999997,2.6999999999999997,1,0,0.4731029132656258,1.0,6.5
2022,TX,1,1.0,4.399999999999999,4.399999999999999,1,1,0.8791723055012429,1.0,6.5
2022,VA,1,0.0,4.9,4.9,0,1,0.5383858565626407,1.0,6.5
2022,WA,1,0.0,-6.8,6.8,1,0,0.2843313650622077,1.0,6.5
2018,CA,4,1.0,-3.3500000000000005,3.3500000000000005,4,4,2.2920290835795707,1.0,7.5
2018,GA,1,1.0,4.6,4.6,1,1,0.6784519491420181,1.0,7.5
2018,IA,2,1.0,0.6999999999999997,0.6999999999999997,2,2,1.2814865721736015,1.0,7.5
2018,KS,1,1.0,-1.4000000000000004,1.4000000000000004,1,1,0.751507152932089,1.0,7.5
2018,ME,1,0.0,-4.200000000000001,4.200000000000001,1,0,0.3949225810582625,1.0,7.5
2018,MI,1,1.0,-6.1000000000000005,6.1000000000000005,1,1,0.5133301737382324,1.0,7.5
2018,NJ,3,1.0,5.0,7.666666666666667,3,3,2.234140827096734,1.0,7.5
2018,NM,1,1.0,0.2000000000000004,0.2000000000000004,0,0,0.4468680219310487,1.0,7.5
2018,NY,1,1.0,-3.8,3.8,1,1,0.5099986668799654,1.0,7.5
2018,OK,1,0.0,-5.200000000000001,5.200000000000001,1,0,0.3759752611730753,1.0,7.5
2018,PA,1,0.0,7.6,7.6,0,1,0.6607563687658172,1.0,7.5
2018,SC,1,0.0,-4.9,4.9,1,0,0.3854055017324505,1.0,7.5
2018,TX,1,1.0,0.7999999999999989,0.7999999999999989,1,1,0.6813537337890255,1.0,7.5
2018,VA,1,1.0,-1.4000000000000004,1.4000000000000004,1,1,0.5199893401555817,1.0,7.5
2022,AK,1,0.0,-21.0,21.0,1,0,0.1894890928063757,1.0,7.5
2022,AZ,2,1.0,-1.2999999999999998,1.2999999999999998,0,0,0.8186953828805434,1.0,7.5
2022,CA,3,0.0,12.4,12.4,0,3,2.2568355883508056,1.0,7.5
2022,CO,1,1.0,-12.400000000000002,12.400000000000002,0,0,0.1570954688854527,1.0,7.5
2022,ME,1,1.0,-1.0999999999999988,1.0999999999999988,0,0,0.2715709759388478,1.0,7.5
2022,MI,1,1.0,4.9,4.9,0,0,0.4833395034305885,1.0,7.5
2022,NC,1,1.0,-0.4999999999999995,0.4999999999999995,0,0,0.366638113021046,1.0,7.5
2022,NM,1,1.0,2.5,2.5,1,1,0.6050774189417375,1.0,7.5
2022,NY,2,0.0,6.35,6.35,0,2,1.3210463641101031,1.0,7.5
2022,OH,2,1.0,-3.0500000000000003,3.0500000000000003,2,2,1.1397858242330616,1.0,7.5
2022,OR,1,0.0,8.100000000000001,8.100000000000001,0,1,0.6899744811276125,1.0,7.5
2022,PA,1,0.0,-2.6999999999999997,2.6999999999999997,1,0,0.4766835901961499,1.0,7.5
2022,TX,1,1.0,4.399999999999999,4.399999999999999,1,1,0.8481288363433407,1.0,7.5
2022,VA,1,0.0,4.9,4.9,0,1,0.5332840382511314,1.0,7.5
2022,WA,1,0.0,-6.8,6.8,1,0,0.3100255188723875,1.0,7.5
2018,CA,4,1.0,-3.3500000000000005,3.3500000000000005,4,4,2.2591737411884116,1.0,8.5
2018,GA,1,1.0,4.6,4.6,1,1,0.6589960611577108,1.0,8.5
2018,IA,2,1.0,0.6999999999999997,0.6999999999999997,2,2,1.2499838041016793,1.0,8.5
2018,KS,1,1.0,-1.4000000000000004,1.4000000000000004,1,1,0.7264073428373797,1.0,8.5
2018,ME,1,0.0,-4.200000000000001,4.200000000000001,1,0,0.4069784295108727,1.0,8.5
2018,MI,1,1.0,-6.1000000000000005,6.1000000000000005,1,1,0.511762535252386,1.0,8.5
2018,NJ,3,1.0,5.0,7.666666666666667,3,3,2.1666135652759437,1.0,8.5
2018,NM,1,1.0,0.2000000000000004,0.2000000000000004,0,0,0.4530796369729032,1.0,8.5
2018,NY,1,1.0,-3.8,3.8,1,1,0.5088226135885371,1.0,8.5
2018,OK,1,0.0,-5.200000000000001,5.200000000000001,1,0,0.3900602842349446,1.0,8.5
2018,PA,1,0.0,7.6,7.6,0,1,0.6429601378600831,1.0,8.5
2018,SC,1,0.0,-4.9,4.9,1,0,0.3984890533666141,1.0,8.5
2018,TX,1,1.0,0.7999999999999989,0.7999999999999989,1,1,0.6616348624103802,1.0,8.5
2018,VA,1,1.0,-1.4000000000000004,1.4000000000000004,1,1,0.517639734974288,1.0,8.5
2022,AK,1,0.0,-21.0,21.0,1,0,0.2171499671228383,1.0,8.5
2022,AZ,2,1.0,-1.2999999999999998,1.2999999999999998,0,0,0.8396330411761715,1.0,8.5
2022,CA,3,0.0,12.4,12.4,0,3,2.1814288144151344,1.0,8.5
2022,CO,1,1.0,-12.400000000000002,12.400000000000002,0,0,0.1850722844549809,1.0,8.5
2022,ME,1,1.0,-1.0999999999999988,1.0999999999999988,0,0,0.2951319172163833,1.0,8.5
2022,MI,1,1.0,4.9,4.9,0,0,0.4852983566307939,1.0,8.5
2022,NC,1,1.0,-0.4999999999999995,0.4999999999999995,0,0,0.3816966665836954,1.0,8.5
2022,NM,1,1.0,2.5,2.5,1,1,0.5930215704891273,1.0,8.5
2022,NY,2,0.0,6.35,6.35,0,2,1.2884037329244324,1.0,8.5
2022,OH,2,1.0,-3.0500000000000003,3.0500000000000003,2,2,1.1240171064533395,1.0,8.5
2022,OR,1,0.0,8.100000000000001,8.100000000000001,0,1,0.6694906727720883,1.0,8.5
2022,PA,1,0.0,-2.6999999999999997,2.6999999999999997,1,0,0.4794233926160762,1.0,8.5
2022,TX,1,1.0,4.399999999999999,4.399999999999999,1,1,0.820191736688592,1.0,8.5
2022,VA,1,0.0,4.9,4.9,0,1,0.5293778879892553,1.0,8.5
2022,WA,1,0.0,-6.8,6.8,1,0,0.3305093272279116,1.0,8.5
2018,CA,4,1.0,-3.3500000000000005,3.3500000000000005,4,4,2.2328506011207336,1.0,9.5
2018,GA,1,1.0,4.6,4.6,1,1,0.6432443753028397,1.0,9.5
2018,IA,2,1.0,0.6999999999999997,0.6999999999999997,2,2,1.2246967015709498,1.0,9.5
2018,KS,1,1.0,-1.4000000000000004,1.4000000000000004,1,1,0.7055117268717511,1.0,9.5
2018,ME,1,0.0,-4.200000000000001,4.200000000000001,1,0,0.4165767708102458,1.0,9.5
2018,MI,1,1.0,-6.1000000000000005,6.1000000000000005,1,1,0.5105247609307534,1.0,9.5
2018,NJ,3,1.0,5.0,7.666666666666667,3,3,2.10923900299391,1.0,9.5
2018,NM,1,1.0,0.2000000000000004,0.2000000000000004,0,0,0.4579939839306746,1.0,9.5
2018,NY,1,1.0,-3.8,3.8,1,1,0.5078940808352105,1.0,9.5
2018,OK,1,0.0,-5.200000000000001,5.200000000000001,1,0,0.401312339887548,1.0,9.5
2018,PA,1,0.0,7.6,7.6,0,1,0.628623419215673,1.0,9.5
2018,SC,1,0.0,-4.9,4.9,1,0,0.4089226059425453,1.0,9.5
2018,TX,1,1.0,0.7999999999999989,0.7999999999999989,1,1,0.6456563062257954,1.0,9.5
2018,VA,1,1.0,-1.4000000000000004,1.4000000000000004,1,1,0.5157842271984716,1.0,9.5
2022,AK,1,0.0,-21.0,21.0,1,0,0.2409700798994039,1.0,9.5
2022,AZ,2,1.0,-1.2999999999999998,1.2999999999999998,0,0,0.8562664203580517,1.0,9.5
2022,CA,3,0.0,12.4,12.4,0,3,2.1186222969278483,1.0,9.5
2022,CO,1,1.0,-12.400000000000002,12.400000000000002,0,0,0.2097694298373115,1.0,9.5
2022,ME,1,1.0,-1.0999999999999988,1.0999999999999988,0,0,0.3145467965966487,1.0,9.5
2022,MI,1,1.0,4.9,4.9,0,0,0.4868451417938393,1.0,9.5
2022,NC,1,1.0,-0.4999999999999995,0.4999999999999995,0,0,0.3937493566129614,1.0,9.5
2022,NM,1,1.0,2.5,2.5,1,1,0.5834232291897541,1.0,9.5
2022,NY,2,0.0,6.35,6.35,0,2,1.26141062204889,1.0,9.5
2022,OH,2,1.0,-3.0500000000000003,3.0500000000000003,2,2,1.1113921129728304,1.0,9.5
2022,OR,1,0.0,8.100000000000001,8.100000000000001,0,1,0.6528473974592716,1.0,9.5
2022,PA,1,0.0,-2.6999999999999997,2.6999999999999997,1,0,0.4815872773940592,1.0,9.5
2022,TX,1,1.0,4.399999999999999,4.399999999999999,1,1,0.7954173242392399,1.0,9.5
2022,VA,1,0.0,4.9,4.9,0,1,0.5262915173930184,1.0,9.5
2022,WA,1,0.0,-6.8,6.8,1,0,0.3471526025407285,1.0,9.5
