held_out_cycle,selection_metric,uncertainty_scale,brier_score,log_loss,expected_dem_seats,actual_dem_seats,expected_seat_error,absolute_expected_seat_error
2016,brier_score,0.8,0.0410918614294969,0.31203476894147625,689.1162360791657,675,14.116236079165674,14.116236079165674
2016,brier_score,0.8500000000000001,0.04090460768406267,0.2920450628024184,689.4761347410044,675,14.476134741004444,14.476134741004444
2016,brier_score,0.9000000000000001,0.04074109448095382,0.2736760783336522,689.829562298138,675,14.829562298137944,14.829562298137944
2016,brier_score,0.9500000000000002,0.04059969421819461,0.2558698753748139,690.17732882768,675,15.177328827679958,15.177328827679958
2016,brier_score,1.0000000000000002,0.040479026304514436,0.24082237055891828,690.5202602716671,675,15.520260271667098,15.520260271667098
2016,brier_score,1.0500000000000003,0.04037790838731115,0.22801768099866904,690.8591336701082,675,15.859133670108235,15.859133670108235
2016,brier_score,1.1000000000000003,0.04029532152062328,0.21706691593253935,691.1946400153984,675,16.194640015398363,16.194640015398363
2016,brier_score,1.1500000000000004,0.04023038264090533,0.20766213961704397,691.5273662696179,675,16.527366269617914,16.527366269617914
2016,brier_score,1.2000000000000004,0.04018232103707852,0.199557363279377,691.8577905218247,675,16.857790521824654,16.857790521824654
2016,brier_score,1.2500000000000004,0.040150457454559724,0.1925540765489298,692.1862860527353,675,17.18628605273534,17.18628605273534
2016,brier_score,1.3000000000000005,0.04013418546074204,0.18649059152354705,692.5131311947068,675,17.51313119470683,17.51313119470683
2016,brier_score,1.3500000000000005,0.04013295509170889,0.1812340867268484,692.8385225586594,675,17.838522558659406,17.838522558659406
2016,brier_score,1.4000000000000006,0.04014625887423063,0.17667459706626473,693.1625896853818,675,18.162589685381818,18.162589685381818
2016,brier_score,1.4500000000000006,0.04017362025282676,0.17272042250210526,693.4854096103661,675,18.485409610366105,18.485409610366105
2016,brier_score,1.5000000000000007,0.040214584349592804,0.16929458361892935,693.8070202561644,675,18.80702025616438,18.80702025616438
2016,brier_score,1.5500000000000007,0.0402687108921251,0.16633205861151165,694.1274319730333,675,19.127431973033254,19.127431973033254
2016,brier_score,1.6000000000000008,0.040335569079036966,0.1637776098314312,694.446636907065,675,19.446636907065,19.446636907065
2016,brier_score,1.6500000000000008,0.04041473411495473,0.16158405964314648,694.7646161603367,675,19.764616160336686,19.764616160336686
2016,brier_score,1.7000000000000008,0.04050578513328484,0.15971091196759446,695.0813449096611,675,20.081344909661084,20.081344909661084
2016,brier_score,1.7500000000000009,0.0406083042297745,0.15812324215653467,695.3967957730309,675,20.39679577303093,20.39679577303093
2016,brier_score,1.800000000000001,0.04072187634761025,0.15679079688457012,695.7109407685855,675,20.710940768585488,20.710940768585488
2016,brier_score,1.850000000000001,0.0408460897810124,0.15568725969142064,696.0237522164939,675,21.023752216493904,21.023752216493904
2016,brier_score,1.900000000000001,0.0409805370953408,0.1547896481217965,696.3352029061243,675,21.335202906124323,21.335202906124323
2016,brier_score,1.950000000000001,0.041124816294733246,0.15407781611250204,696.6452658035859,675,21.645265803585858,21.645265803585858
2016,brier_score,2.000000000000001,0.041278532101018825,0.15353404108051896,696.9539135193588,675,21.95391351935882,21.95391351935882
2016,brier_score,2.050000000000001,0.04144129723844353,0.15314267957788302,697.2611177002034,675,22.261117700203386,22.261117700203386
2016,brier_score,2.1000000000000014,0.04161273364650446,0.15288987876067783,697.5668484589394,675,22.566848458939376,22.566848458939376
2016,brier_score,2.1500000000000012,0.0417924735672683,0.15276333353091814,697.8710739127879,675,22.871073912787892,22.871073912787892
2016,brier_score,2.200000000000001,0.041980160473685045,0.15275208124111211,698.173759866831,675,23.173759866831006,23.173759866831006
2016,brier_score,2.2500000000000013,0.04217544982163995,0.15284632744106205,698.4748696536367,675,23.474869653636688,23.474869653636688
2016,brier_score,2.3000000000000016,0.042378009621065665,0.15303729739814634,698.774364122369,675,23.77436412236898,23.77436412236898
2016,brier_score,2.3500000000000014,0.04258752083075324,0.153317109113121,699.0722017595035,675,24.072201759503514,24.072201759503514
2016,brier_score,2.4000000000000012,0.04280367758801636,0.15367866434162575,699.3683389172238,675,24.36833891722381,24.36833891722381
2016,brier_score,2.4500000000000015,0.04302618728856057,0.15411555476142175,699.6627301233744,675,24.662730123374445,24.662730123374445
2016,brier_score,2.5000000000000018,0.043254770534257594,0.15462198093093074,699.9553284473201,675,24.955328447320085,24.955328447320085
2016,brier_score,2.5500000000000016,0.043489160967448225,0.15519268209215428,700.2460858982258,675,25.24608589822583,25.24608589822583
2016,brier_score,2.6000000000000014,0.04372910501027453,0.1558228752009243,700.5349538354105,675,25.534953835410533,25.534953835410533
2016,brier_score,2.6500000000000017,0.043974361526684345,0.15650820183559888,700.8218833739517,675,25.821883373951664,25.821883373951664
2016,brier_score,2.700000000000002,0.04422470142341785,0.1572446818542556,701.1068257722729,675,26.10682577227294,26.10682577227294
2016,brier_score,2.7500000000000018,0.044479907204677066,0.1580286728499674,701.3897327917826,675,26.38973279178265,26.38973279178265
2016,brier_score,2.8000000000000016,0.04473977249344831,0.158856834601618,701.670557021604,675,26.670557021604054,26.670557021604054
2016,brier_score,2.850000000000002,0.04500410153070539,0.15972609784005642,701.9492521640057,675,26.949252164005657,26.949252164005657
2016,brier_score,2.900000000000002,0.04527270866204514,0.16063363675106004,702.2257732782671,675,27.22577327826707,27.22577327826707
2016,brier_score,2.950000000000002,0.04554541781974652,0.1615768447214377,702.5000769824438,675,27.50007698244383,27.50007698244383
2016,brier_score,3.0000000000000018,0.045822062006827154,0.16255331290573916,702.7721216138502,675,27.77212161385023,27.77212161385023
2016,brier_score,3.050000000000002,0.04610248278841154,0.16356081125090907,703.0418673501079,675,28.04186735010785,28.04186735010785
2016,brier_score,3.1000000000000023,0.04638652979462363,0.1645972716668129,703.3092762933622,675,28.309276293362245,28.309276293362245
2016,brier_score,3.150000000000002,0.04667406023826721,0.16566077307345933,703.5743125207879,675,28.574312520787885,28.574312520787885
2016,brier_score,3.200000000000002,0.046964938449750256,0.16674952809224516,703.8369421048308,675,28.83694210483077,28.83694210483077
2016,brier_score,3.250000000000002,0.04725903543103037,0.1678618711796997,704.0971331068063,675,29.097133106806268,29.097133106806268
2016,brier_score,3.3000000000000025,0.04755622842979321,0.16899624802886737,704.354855547518,675,29.354855547518014,29.354855547518014
2016,brier_score,3.3500000000000023,0.04785640053461038,0.1701512060863443,704.6100813585037,675,29.61008135850375,29.61008135850375
2016,brier_score,3.400000000000002,0.04815944029144262,0.171325386052659,704.8627843173892,675,29.86278431738924,29.86278431738924
2016,brier_score,3.4500000000000024,0.04846524134154717,0.1725175142506437,705.11293997064,675,30.112939970640014,30.112939970640014
2016,brier_score,3.5000000000000027,0.048773702080602686,0.17372639576108276,705.3605255467679,675,30.360525546767917,30.360525546767917
2016,brier_score,3.5500000000000025,0.04908472533867026,0.17495090823758838,705.6055198627976,675,30.605519862797564,30.605519862797564
2016,brier_score,3.6000000000000023,0.049398218080458856,0.17618999632362436,705.8479032265161,675,30.84790322651611,30.84790322651611
2016,brier_score,3.6500000000000026,0.04971409112524714,0.17744266660411512,706.0876573367507,675,31.08765733675068,31.08765733675068
2016,brier_score,3.700000000000003,0.05003225888572825,0.1787079830323478,706.3247651836328,675,31.32476518363285,31.32476518363285
2016,brier_score,3.7500000000000027,0.05035263912498183,0.179985062780067,706.5592109505336,675,31.55921095053361,31.55921095053361
2016,brier_score,3.8000000000000025,0.05067515273073631,0.18127307246492733,706.7909799190835,675,31.790979919083497,31.790979919083497
2016,brier_score,3.8500000000000028,0.05099972350605855,0.18257122471493242,707.0200583784429,675,32.020058378442855,32.020058378442855
2016,brier_score,3.900000000000003,0.051326277975596246,0.18387877503425898,707.2464335397488,675,32.24643353974875,32.24643353974875
2016,brier_score,3.950000000000003,0.05165474520649744,0.18519501893903353,707.4700934564523,675,32.47009345645233,32.47009345645233
2016,brier_score,4.000000000000003,0.05198505664313897,0.18651928933527628,707.6910269510594,675,32.69102695105937,32.69102695105937
2016,brier_score,4.0500000000000025,0.052317145954811003,0.18785095411442418,707.909223548614,675,32.90922354861402,32.90922354861402
2016,brier_score,4.100000000000003,0.05265094889552519,0.18918941394464464,708.1246734171059,675,33.124673417105896,33.124673417105896
2016,brier_score,4.150000000000003,0.05298640317513918,0.190534100238613,708.3373673148495,675,33.33736731484953,33.33736731484953
2016,brier_score,4.200000000000003,0.0533234483410191,0.1918844732805878,708.5472965447618,675,33.54729654476182,33.54729654476182
2016,brier_score,4.2500000000000036,0.05366202566949236,0.19324002049751807,708.7544529153695,675,33.754452915369484,33.754452915369484
2016,brier_score,4.300000000000003,0.05400207806637682,0.19460025486059224,708.9588287082945,675,33.958828708294504,33.958828708294504
2016,brier_score,4.350000000000003,0.05434354997590614,0.19596471340511348,709.1604166518957,675,34.16041665189573,34.16041665189573
2016,brier_score,4.400000000000003,0.054686387297406804,0.1973329558578874,709.359209900702,675,34.35920990070201,34.35920990070201
2016,brier_score,4.450000000000003,0.05503053730911692,0.19870456336245787,709.5552020202226,675,34.55520202022262,34.55520202022262
2016,brier_score,4.5000000000000036,0.05537594859857282,0.20007913729354326,709.7483869767,675,34.748386976699976,34.748386976699976
2016,log_loss,0.8,0.0410918614294969,0.31203476894147625,689.1162360791657,675,14.116236079165674,14.116236079165674
2016,log_loss,0.8500000000000001,0.04090460768406267,0.2920450628024184,689.4761347410044,675,14.476134741004444,14.476134741004444
2016,log_loss,0.9000000000000001,0.04074109448095382,0.2736760783336522,689.829562298138,675,14.829562298137944,14.829562298137944
2016,log_loss,0.9500000000000002,0.04059969421819461,0.2558698753748139,690.17732882768,675,15.177328827679958,15.177328827679958
2016,log_loss,1.0000000000000002,0.040479026304514436,0.24082237055891828,690.5202602716671,675,15.520260271667098,15.520260271667098
2016,log_loss,1.0500000000000003,0.04037790838731115,0.22801768099866904,690.8591336701082,675,15.859133670108235,15.859133670108235
2016,log_loss,1.1000000000000003,0.04029532152062328,0.21706691593253935,691.1946400153984,675,16.194640015398363,16.194640015398363
2016,log_loss,1.1500000000000004,0.04023038264090533,0.20766213961704397,691.5273662696179,675,16.527366269617914,16.527366269617914
2016,log_loss,1.2000000000000004,0.04018232103707852,0.199557363279377,691.8577905218247,675,16.857790521824654,16.857790521824654
2016,log_loss,1.2500000000000004,0.040150457454559724,0.1925540765489298,692.1862860527353,675,17.18628605273534,17.18628605273534
2016,log_loss,1.3000000000000005,0.04013418546074204,0.18649059152354705,692.5131311947068,675,17.51313119470683,17.51313119470683
2016,log_loss,1.3500000000000005,0.04013295509170889,0.1812340867268484,692.8385225586594,675,17.838522558659406,17.838522558659406
2016,log_loss,1.4000000000000006,0.04014625887423063,0.17667459706626473,693.1625896853818,675,18.162589685381818,18.162589685381818
2016,log_loss,1.4500000000000006,0.04017362025282676,0.17272042250210526,693.4854096103661,675,18.485409610366105,18.485409610366105
2016,log_loss,1.5000000000000007,0.040214584349592804,0.16929458361892935,693.8070202561644,675,18.80702025616438,18.80702025616438
2016,log_loss,1.5500000000000007,0.0402687108921251,0.16633205861151165,694.1274319730333,675,19.127431973033254,19.127431973033254
2016,log_loss,1.6000000000000008,0.040335569079036966,0.1637776098314312,694.446636907065,675,19.446636907065,19.446636907065
2016,log_loss,1.6500000000000008,0.04041473411495473,0.16158405964314648,694.7646161603367,675,19.764616160336686,19.764616160336686
2016,log_loss,1.7000000000000008,0.04050578513328484,0.15971091196759446,695.0813449096611,675,20.081344909661084,20.081344909661084
2016,log_loss,1.7500000000000009,0.0406083042297745,0.15812324215653467,695.3967957730309,675,20.39679577303093,20.39679577303093
2016,log_loss,1.800000000000001,0.04072187634761025,0.15679079688457012,695.7109407685855,675,20.710940768585488,20.710940768585488
2016,log_loss,1.850000000000001,0.0408460897810124,0.15568725969142064,696.0237522164939,675,21.023752216493904,21.023752216493904
2016,log_loss,1.900000000000001,0.0409805370953408,0.1547896481217965,696.3352029061243,675,21.335202906124323,21.335202906124323
2016,log_loss,1.950000000000001,0.041124816294733246,0.15407781611250204,696.6452658035859,675,21.645265803585858,21.645265803585858
2016,log_loss,2.000000000000001,0.041278532101018825,0.15353404108051896,696.9539135193588,675,21.95391351935882,21.95391351935882
2016,log_loss,2.050000000000001,0.04144129723844353,0.15314267957788302,697.2611177002034,675,22.261117700203386,22.261117700203386
2016,log_loss,2.1000000000000014,0.04161273364650446,0.15288987876067783,697.5668484589394,675,22.566848458939376,22.566848458939376
2016,log_loss,2.1500000000000012,0.0417924735672683,0.15276333353091814,697.8710739127879,675,22.871073912787892,22.871073912787892
2016,log_loss,2.200000000000001,0.041980160473685045,0.15275208124111211,698.173759866831,675,23.173759866831006,23.173759866831006
2016,log_loss,2.2500000000000013,0.04217544982163995,0.15284632744106205,698.4748696536367,675,23.474869653636688,23.474869653636688
2016,log_loss,2.3000000000000016,0.042378009621065665,0.15303729739814634,698.774364122369,675,23.77436412236898,23.77436412236898
2016,log_loss,2.3500000000000014,0.04258752083075324,0.153317109113121,699.0722017595035,675,24.072201759503514,24.072201759503514
2016,log_loss,2.4000000000000012,0.04280367758801636,0.15367866434162575,699.3683389172238,675,24.36833891722381,24.36833891722381
2016,log_loss,2.4500000000000015,0.04302618728856057,0.15411555476142175,699.6627301233744,675,24.662730123374445,24.662730123374445
2016,log_loss,2.5000000000000018,0.043254770534257594,0.15462198093093074,699.9553284473201,675,24.955328447320085,24.955328447320085
2016,log_loss,2.5500000000000016,0.043489160967448225,0.15519268209215428,700.2460858982258,675,25.24608589822583,25.24608589822583
2016,log_loss,2.6000000000000014,0.04372910501027453,0.1558228752009243,700.5349538354105,675,25.534953835410533,25.534953835410533
2016,log_loss,2.6500000000000017,0.043974361526684345,0.15650820183559888,700.8218833739517,675,25.821883373951664,25.821883373951664
2016,log_loss,2.700000000000002,0.04422470142341785,0.1572446818542556,701.1068257722729,675,26.10682577227294,26.10682577227294
2016,log_loss,2.7500000000000018,0.044479907204677066,0.1580286728499674,701.3897327917826,675,26.38973279178265,26.38973279178265
2016,log_loss,2.8000000000000016,0.04473977249344831,0.158856834601618,701.670557021604,675,26.670557021604054,26.670557021604054
2016,log_loss,2.850000000000002,0.04500410153070539,0.15972609784005642,701.9492521640057,675,26.949252164005657,26.949252164005657
2016,log_loss,2.900000000000002,0.04527270866204514,0.16063363675106004,702.2257732782671,675,27.22577327826707,27.22577327826707
2016,log_loss,2.950000000000002,0.04554541781974652,0.1615768447214377,702.5000769824438,675,27.50007698244383,27.50007698244383
2016,log_loss,3.0000000000000018,0.045822062006827154,0.16255331290573916,702.7721216138502,675,27.77212161385023,27.77212161385023
2016,log_loss,3.050000000000002,0.04610248278841154,0.16356081125090907,703.0418673501079,675,28.04186735010785,28.04186735010785
2016,log_loss,3.1000000000000023,0.04638652979462363,0.1645972716668129,703.3092762933622,675,28.309276293362245,28.309276293362245
2016,log_loss,3.150000000000002,0.04667406023826721,0.16566077307345933,703.5743125207879,675,28.574312520787885,28.574312520787885
2016,log_loss,3.200000000000002,0.046964938449750256,0.16674952809224516,703.8369421048308,675,28.83694210483077,28.83694210483077
2016,log_loss,3.250000000000002,0.04725903543103037,0.1678618711796997,704.0971331068063,675,29.097133106806268,29.097133106806268
2016,log_loss,3.3000000000000025,0.04755622842979321,0.16899624802886737,704.354855547518,675,29.354855547518014,29.354855547518014
2016,log_loss,3.3500000000000023,0.04785640053461038,0.1701512060863443,704.6100813585037,675,29.61008135850375,29.61008135850375
2016,log_loss,3.400000000000002,0.04815944029144262,0.171325386052659,704.8627843173892,675,29.86278431738924,29.86278431738924
2016,log_loss,3.4500000000000024,0.04846524134154717,0.1725175142506437,705.11293997064,675,30.112939970640014,30.112939970640014
2016,log_loss,3.5000000000000027,0.048773702080602686,0.17372639576108276,705.3605255467679,675,30.360525546767917,30.360525546767917
2016,log_loss,3.5500000000000025,0.04908472533867026,0.17495090823758838,705.6055198627976,675,30.605519862797564,30.605519862797564
2016,log_loss,3.6000000000000023,0.049398218080458856,0.17618999632362436,705.8479032265161,675,30.84790322651611,30.84790322651611
2016,log_loss,3.6500000000000026,0.04971409112524714,0.17744266660411512,706.0876573367507,675,31.08765733675068,31.08765733675068
2016,log_loss,3.700000000000003,0.05003225888572825,0.1787079830323478,706.3247651836328,675,31.32476518363285,31.32476518363285
2016,log_loss,3.7500000000000027,0.05035263912498183,0.179985062780067,706.5592109505336,675,31.55921095053361,31.55921095053361
2016,log_loss,3.8000000000000025,0.05067515273073631,0.18127307246492733,706.7909799190835,675,31.790979919083497,31.790979919083497
2016,log_loss,3.8500000000000028,0.05099972350605855,0.18257122471493242,707.0200583784429,675,32.020058378442855,32.020058378442855
2016,log_loss,3.900000000000003,0.051326277975596246,0.18387877503425898,707.2464335397488,675,32.24643353974875,32.24643353974875
2016,log_loss,3.950000000000003,0.05165474520649744,0.18519501893903353,707.4700934564523,675,32.47009345645233,32.47009345645233
2016,log_loss,4.000000000000003,0.05198505664313897,0.18651928933527628,707.6910269510594,675,32.69102695105937,32.69102695105937
2016,log_loss,4.0500000000000025,0.052317145954811003,0.18785095411442418,707.909223548614,675,32.90922354861402,32.90922354861402
2016,log_loss,4.100000000000003,0.05265094889552519,0.18918941394464464,708.1246734171059,675,33.124673417105896,33.124673417105896
2016,log_loss,4.150000000000003,0.05298640317513918,0.190534100238613,708.3373673148495,675,33.33736731484953,33.33736731484953
2016,log_loss,4.200000000000003,0.0533234483410191,0.1918844732805878,708.5472965447618,675,33.54729654476182,33.54729654476182
2016,log_loss,4.2500000000000036,0.05366202566949236,0.19324002049751807,708.7544529153695,675,33.754452915369484,33.754452915369484
2016,log_loss,4.300000000000003,0.05400207806637682,0.19460025486059224,708.9588287082945,675,33.958828708294504,33.958828708294504
2016,log_loss,4.350000000000003,0.05434354997590614,0.19596471340511348,709.1604166518957,675,34.16041665189573,34.16041665189573
2016,log_loss,4.400000000000003,0.054686387297406804,0.1973329558578874,709.359209900702,675,34.35920990070201,34.35920990070201
2016,log_loss,4.450000000000003,0.05503053730911692,0.19870456336245787,709.5552020202226,675,34.55520202022262,34.55520202022262
2016,log_loss,4.5000000000000036,0.05537594859857282,0.20007913729354326,709.7483869767,675,34.748386976699976,34.748386976699976
2018,brier_score,0.8,0.04839221351253761,0.3437581373903967,678.5072463744841,631,47.50724637448411,47.50724637448411
2018,brier_score,0.8500000000000001,0.04808859984697786,0.32000126035993637,678.3913409786029,631,47.3913409786029,47.3913409786029
2018,brier_score,0.9000000000000001,0.04780942283532294,0.2997958111938252,678.3074093668138,631,47.30740936681377,47.30740936681377
2018,brier_score,0.9500000000000002,0.04755276131012213,0.28029292904310316,678.2525435016123,631,47.25254350161231,47.25254350161231
2018,brier_score,1.0000000000000002,0.047317121451910596,0.26375915090246504,678.2243719789132,631,47.224371978913155,47.224371978913155
2018,brier_score,1.0500000000000003,0.047101333751896485,0.24964093879653257,678.2209240698376,631,47.220924069837565,47.220924069837565
2018,brier_score,1.1000000000000003,0.0469044716571585,0.23752055331048894,678.2405052015445,631,47.240505201544465,47.240505201544465
2018,brier_score,1.1500000000000004,0.04672578813346295,0.2270672349311328,678.2815979465713,631,47.28159794657131,47.28159794657131
2018,brier_score,1.2000000000000004,0.04656466665875332,0.21801677330939362,678.3427913841979,631,47.34279138419788,47.34279138419788
2018,brier_score,1.2500000000000004,0.04642058367623868,0.21015596900276604,678.422736109531,631,47.422736109531,47.422736109531
2018,brier_score,1.3000000000000005,0.046293080083273444,0.20331118426075573,678.5201198836747,631,47.52011988367474,47.52011988367474
2018,brier_score,1.3500000000000005,0.04618173981992037,0.19733979177021213,678.6336584321164,631,47.63365843211636,47.63365843211636
2018,brier_score,1.4000000000000006,0.04608617402467579,0.19212371349146354,678.7620963176515,631,47.762096317651526,47.762096317651526
2018,brier_score,1.4500000000000006,0.046006009548122784,0.1875644841213054,678.9042136418776,631,47.90421364187762,47.90421364187762
2018,brier_score,1.5000000000000007,0.045940880870222696,0.18357944010006338,679.058835290342,631,48.05883529034202,48.05883529034202
2018,brier_score,1.5500000000000007,0.0458904246659917,0.18009874897241943,679.2248403758442,631,48.224840375844224,48.224840375844224
2018,brier_score,1.6000000000000008,0.04585427641854704,0.17706307288072493,679.4011703660178,631,48.40117036601782,48.40117036601782
2018,brier_score,1.6500000000000008,0.045832068597694495,0.174421715374539,679.5868350630078,631,48.58683506300781,48.58683506300781
2018,brier_score,1.7000000000000008,0.045823430014801825,0.1721311400851731,679.7809161226585,631,48.78091612265848,48.78091612265848
2018,brier_score,1.7500000000000009,0.045827986037695494,0.17015377806087784,679.982568166007,631,48.98256816600701,48.98256816600701
2018,brier_score,1.800000000000001,0.0458453594082405,0.16845706104645963,680.1910177669852,631,49.19101776698517,49.19101776698517
2018,brier_score,1.850000000000001,0.04587517145412614,0.1670126329954083,680.405560722811,631,49.40556072281095,49.40556072281095
2018,brier_score,1.900000000000001,0.04591704352787155,0.1657957031978058,680.6255580545876,631,49.6255580545876,49.6255580545876
2018,brier_score,1.950000000000001,0.04597059854183136,0.16478451268855163,680.8504311702417,631,49.85043117024168,49.85043117024168
2018,brier_score,2.000000000000001,0.04603546249895014,0.16395989183725465,681.0796565716682,631,50.07965657166824,50.07965657166824
2018,brier_score,2.050000000000001,0.046111265945674745,0.16330489175932486,681.3127604199626,631,50.312760419962615,50.312760419962615
2018,brier_score,2.1000000000000014,0.04619764529605949,0.16280447581756738,681.5493131995494,631,50.549313199549374,50.549313199549374
2018,brier_score,2.1500000000000012,0.046294243994906295,0.16244526028613068,681.7889246524467,631,50.78892465244667,50.78892465244667
2018,brier_score,2.200000000000001,0.04640071350299877,0.16221529542861604,682.0312390929319,631,51.031239092931855,51.031239092931855
2018,brier_score,2.2500000000000013,0.04651671409940846,0.1621038799495134,682.27593116291,631,51.275931162909956,51.275931162909956
2018,brier_score,2.3000000000000016,0.0466419155048153,0.16210140312384996,682.5227020498248,631,51.52270204982483,51.52270204982483
2018,brier_score,2.3500000000000014,0.04677599733618251,0.162199209976857,682.7712761611929,631,51.77127616119287,51.77127616119287
2018,brier_score,2.4000000000000012,0.0469186494073613,0.16238948573587042,683.0213982313073,631,52.02139823130733,52.02139823130733
2018,brier_score,2.4500000000000015,0.04706957189267433,0.1626651564578827,683.2728308245732,631,52.27283082457325,52.27283082457325
2018,brier_score,2.5000000000000018,0.047228475371613975,0.16301980328431964,683.5253521945008,631,52.52535219450078,52.52535219450078
2018,brier_score,2.5500000000000016,0.047395080772829376,0.1634475882175953,683.7787544560073,631,52.77875445600728,52.77875445600728
2018,brier_score,2.6000000000000014,0.047569119234860846,0.16394318967342963,684.0328420299926,631,53.032842029992594,53.032842029992594
2018,brier_score,2.6500000000000017,0.04775033189985359,0.16450174635566728,684.2874303221108,631,53.28743032211082,53.28743032211082
2018,brier_score,2.700000000000002,0.047938469654946865,0.16511880823967515,684.5423446014471,631,53.5423446014471,53.5423446014471
2018,brier_score,2.7500000000000018,0.048133292834341514,0.16579029364676792,684.7974190489067,631,53.797419048906704,53.797419048906704
2018,brier_score,2.8000000000000016,0.04833457089331749,0.16651245155379957,685.0524959491278,631,54.052495949127774,54.052495949127774
2018,brier_score,2.850000000000002,0.04854208206378564,0.16728182841565978,685.3074250034773,631,54.307425003477306,54.307425003477306
2018,brier_score,2.900000000000002,0.04875561299937249,0.16809523888917788,685.562062745028,631,54.562062745028015,54.562062745028015
2018,brier_score,2.950000000000002,0.04897495841658744,0.16894973993908918,685.8162720393412,631,54.81627203934124,54.81627203934124
2018,brier_score,3.0000000000000018,0.049199920737328005,0.1698426078836316,686.06992165739,631,55.069921657389955,55.069921657389955
2018,brier_score,3.050000000000002,0.04943030973684649,0.17077131800175124,686.3228859090839,631,55.32288590908388,55.32288590908388
2018,brier_score,3.1000000000000023,0.049665942200327634,0.17173352637800743,686.575044327656,631,55.575044327655974,55.575044327655974
2018,brier_score,3.150000000000002,0.04990664159040364,0.17272705370686353,686.8262813966753,631,55.82628139667531,55.82628139667531
2018,brier_score,3.200000000000002,0.05015223772724751,0.17374987081659377,687.0764863127284,631,56.076486312728434,56.076486312728434
2018,brier_score,3.250000000000002,0.05040256648232371,0.1748000857057036,687.3255527778746,631,56.32555277787458,56.32555277787458
2018,brier_score,3.3000000000000025,0.0506574694864219,0.17587593191253553,687.5733788168948,631,56.573378816894774,56.573378816894774
2018,brier_score,3.3500000000000023,0.050916793852240384,0.1769757580624028,687.8198666151214,631,56.81986661512144,56.81986661512144
2018,brier_score,3.400000000000002,0.051180391911505335,0.1780980184568231,688.0649223732943,631,57.06492237329428,57.06492237329428
2018,brier_score,3.4500000000000024,0.05144812096639964,0.1792412645867568,688.3084561764563,631,57.308456176456275,57.308456176456275
2018,brier_score,3.5000000000000027,0.05171984305491664,0.18040413746664,688.5503818743804,631,57.55038187438038,57.55038187438038
2018,brier_score,3.5500000000000025,0.05199542472964139,0.18158536069881925,688.7906169714423,631,57.79061697144232,57.79061697144232
2018,brier_score,3.6000000000000023,0.05227473684938541,0.1827837341890532,689.0290825242005,631,58.029082524200476,58.029082524200476
2018,brier_score,3.6500000000000026,0.05255765438305277,0.18399812844331387,689.2657030452617,631,58.265703045261716,58.265703045261716
2018,brier_score,3.700000000000003,0.05284405622508984,0.18522747938441253,689.5004064122611,631,58.5004064122611,58.5004064122611
2018,brier_score,3.7500000000000027,0.05313382502186308,0.18647078363418046,689.7331237810147,631,58.73312378101468,58.73312378101468
2018,brier_score,3.8000000000000025,0.05342684700831388,0.1877270942132091,689.963789502083,631,58.963789502083046,58.963789502083046
2018,brier_score,3.8500000000000028,0.05372301185425409,0.1889955166156304,690.1923410401474,631,59.192341040147426,59.192341040147426
2018,brier_score,3.900000000000003,0.05402221251968727,0.1902752052212046,690.4187188957251,631,59.41871889572508,59.41871889572508
2018,brier_score,3.950000000000003,0.05432434511856673,0.19156536001118074,690.6428665288628,631,59.64286652886278,59.64286652886278
2018,brier_score,4.000000000000003,0.05462930879043072,0.192865223558078,690.8647302845318,631,59.86473028453179,59.86473028453179
2018,brier_score,4.0500000000000025,0.054937005579385766,0.19417407826278105,691.0842593195218,631,60.084259319521834,60.084259319521834
2018,brier_score,4.100000000000003,0.05524734031994069,0.19549124381519623,691.3014055306828,631,60.301405530682814,60.301405530682814
2018,brier_score,4.150000000000003,0.05556022052922581,0.19681607485724392,691.5161234844159,631,60.51612348441586,60.51612348441586
2018,brier_score,4.200000000000003,0.055875556305161785,0.19814795882919226,691.7283703473404,631,60.72837034734039,60.72837034734039
2018,brier_score,4.2500000000000036,0.0561932602301736,0.19948631398231714,691.9381058180944,631,60.938105818094414,60.938105818094414
2018,brier_score,4.300000000000003,0.05651324728007287,0.2008305875426288,692.1452920602457,631,61.14529206024565,61.14529206024565
2018,brier_score,4.350000000000003,0.05683543473775962,0.2021802540119669,692.349893636298,631,61.34989363629802,61.34989363629802
2018,brier_score,4.400000000000003,0.05715974211141975,0.20353481359415249,692.5518774427936,631,61.551877442793625,61.551877442793625
2018,brier_score,4.450000000000003,0.057486091056918945,0.20489379073512504,692.751212646512,631,61.751212646512045,61.751212646512045
2018,brier_score,4.5000000000000036,0.05781440530411633,0.20625673276709489,692.9478706217708,631,61.94787062177079,61.94787062177079
2018,log_loss,0.8,0.04839221351253761,0.3437581373903967,678.5072463744841,631,47.50724637448411,47.50724637448411
2018,log_loss,0.8500000000000001,0.04808859984697786,0.32000126035993637,678.3913409786029,631,47.3913409786029,47.3913409786029
2018,log_loss,0.9000000000000001,0.04780942283532294,0.2997958111938252,678.3074093668138,631,47.30740936681377,47.30740936681377
2018,log_loss,0.9500000000000002,0.04755276131012213,0.28029292904310316,678.2525435016123,631,47.25254350161231,47.25254350161231
2018,log_loss,1.0000000000000002,0.047317121451910596,0.26375915090246504,678.2243719789132,631,47.224371978913155,47.224371978913155
2018,log_loss,1.0500000000000003,0.047101333751896485,0.24964093879653257,678.2209240698376,631,47.220924069837565,47.220924069837565
2018,log_loss,1.1000000000000003,0.0469044716571585,0.23752055331048894,678.2405052015445,631,47.240505201544465,47.240505201544465
2018,log_loss,1.1500000000000004,0.04672578813346295,0.2270672349311328,678.2815979465713,631,47.28159794657131,47.28159794657131
2018,log_loss,1.2000000000000004,0.04656466665875332,0.21801677330939362,678.3427913841979,631,47.34279138419788,47.34279138419788
2018,log_loss,1.2500000000000004,0.04642058367623868,0.21015596900276604,678.422736109531,631,47.422736109531,47.422736109531
2018,log_loss,1.3000000000000005,0.046293080083273444,0.20331118426075573,678.5201198836747,631,47.52011988367474,47.52011988367474
2018,log_loss,1.3500000000000005,0.04618173981992037,0.19733979177021213,678.6336584321164,631,47.63365843211636,47.63365843211636
2018,log_loss,1.4000000000000006,0.04608617402467579,0.19212371349146354,678.7620963176515,631,47.762096317651526,47.762096317651526
2018,log_loss,1.4500000000000006,0.046006009548122784,0.1875644841213054,678.9042136418776,631,47.90421364187762,47.90421364187762
2018,log_loss,1.5000000000000007,0.045940880870222696,0.18357944010006338,679.058835290342,631,48.05883529034202,48.05883529034202
2018,log_loss,1.5500000000000007,0.0458904246659917,0.18009874897241943,679.2248403758442,631,48.224840375844224,48.224840375844224
2018,log_loss,1.6000000000000008,0.04585427641854704,0.17706307288072493,679.4011703660178,631,48.40117036601782,48.40117036601782
2018,log_loss,1.6500000000000008,0.045832068597694495,0.174421715374539,679.5868350630078,631,48.58683506300781,48.58683506300781
2018,log_loss,1.7000000000000008,0.045823430014801825,0.1721311400851731,679.7809161226585,631,48.78091612265848,48.78091612265848
2018,log_loss,1.7500000000000009,0.045827986037695494,0.17015377806087784,679.982568166007,631,48.98256816600701,48.98256816600701
2018,log_loss,1.800000000000001,0.0458453594082405,0.16845706104645963,680.1910177669852,631,49.19101776698517,49.19101776698517
2018,log_loss,1.850000000000001,0.04587517145412614,0.1670126329954083,680.405560722811,631,49.40556072281095,49.40556072281095
2018,log_loss,1.900000000000001,0.04591704352787155,0.1657957031978058,680.6255580545876,631,49.6255580545876,49.6255580545876
2018,log_loss,1.950000000000001,0.04597059854183136,0.16478451268855163,680.8504311702417,631,49.85043117024168,49.85043117024168
2018,log_loss,2.000000000000001,0.04603546249895014,0.16395989183725465,681.0796565716682,631,50.07965657166824,50.07965657166824
2018,log_loss,2.050000000000001,0.046111265945674745,0.16330489175932486,681.3127604199626,631,50.312760419962615,50.312760419962615
2018,log_loss,2.1000000000000014,0.04619764529605949,0.16280447581756738,681.5493131995494,631,50.549313199549374,50.549313199549374
2018,log_loss,2.1500000000000012,0.046294243994906295,0.16244526028613068,681.7889246524467,631,50.78892465244667,50.78892465244667
2018,log_loss,2.200000000000001,0.04640071350299877,0.16221529542861604,682.0312390929319,631,51.031239092931855,51.031239092931855
2018,log_loss,2.2500000000000013,0.04651671409940846,0.1621038799495134,682.27593116291,631,51.275931162909956,51.275931162909956
2018,log_loss,2.3000000000000016,0.0466419155048153,0.16210140312384996,682.5227020498248,631,51.52270204982483,51.52270204982483
2018,log_loss,2.3500000000000014,0.04677599733618251,0.162199209976857,682.7712761611929,631,51.77127616119287,51.77127616119287
2018,log_loss,2.4000000000000012,0.0469186494073613,0.16238948573587042,683.0213982313073,631,52.02139823130733,52.02139823130733
2018,log_loss,2.4500000000000015,0.04706957189267433,0.1626651564578827,683.2728308245732,631,52.27283082457325,52.27283082457325
2018,log_loss,2.5000000000000018,0.047228475371613975,0.16301980328431964,683.5253521945008,631,52.52535219450078,52.52535219450078
2018,log_loss,2.5500000000000016,0.047395080772829376,0.1634475882175953,683.7787544560073,631,52.77875445600728,52.77875445600728
2018,log_loss,2.6000000000000014,0.047569119234860846,0.16394318967342963,684.0328420299926,631,53.032842029992594,53.032842029992594
2018,log_loss,2.6500000000000017,0.04775033189985359,0.16450174635566728,684.2874303221108,631,53.28743032211082,53.28743032211082
2018,log_loss,2.700000000000002,0.047938469654946865,0.16511880823967515,684.5423446014471,631,53.5423446014471,53.5423446014471
2018,log_loss,2.7500000000000018,0.048133292834341514,0.16579029364676792,684.7974190489067,631,53.797419048906704,53.797419048906704
2018,log_loss,2.8000000000000016,0.04833457089331749,0.16651245155379957,685.0524959491278,631,54.052495949127774,54.052495949127774
2018,log_loss,2.850000000000002,0.04854208206378564,0.16728182841565978,685.3074250034773,631,54.307425003477306,54.307425003477306
2018,log_loss,2.900000000000002,0.04875561299937249,0.16809523888917788,685.562062745028,631,54.562062745028015,54.562062745028015
2018,log_loss,2.950000000000002,0.04897495841658744,0.16894973993908918,685.8162720393412,631,54.81627203934124,54.81627203934124
2018,log_loss,3.0000000000000018,0.049199920737328005,0.1698426078836316,686.06992165739,631,55.069921657389955,55.069921657389955
2018,log_loss,3.050000000000002,0.04943030973684649,0.17077131800175124,686.3228859090839,631,55.32288590908388,55.32288590908388
2018,log_loss,3.1000000000000023,0.049665942200327634,0.17173352637800743,686.575044327656,631,55.575044327655974,55.575044327655974
2018,log_loss,3.150000000000002,0.04990664159040364,0.17272705370686353,686.8262813966753,631,55.82628139667531,55.82628139667531
2018,log_loss,3.200000000000002,0.05015223772724751,0.17374987081659377,687.0764863127284,631,56.076486312728434,56.076486312728434
2018,log_loss,3.250000000000002,0.05040256648232371,0.1748000857057036,687.3255527778746,631,56.32555277787458,56.32555277787458
2018,log_loss,3.3000000000000025,0.0506574694864219,0.17587593191253553,687.5733788168948,631,56.573378816894774,56.573378816894774
2018,log_loss,3.3500000000000023,0.050916793852240384,0.1769757580624028,687.8198666151214,631,56.81986661512144,56.81986661512144
2018,log_loss,3.400000000000002,0.051180391911505335,0.1780980184568231,688.0649223732943,631,57.06492237329428,57.06492237329428
2018,log_loss,3.4500000000000024,0.05144812096639964,0.1792412645867568,688.3084561764563,631,57.308456176456275,57.308456176456275
2018,log_loss,3.5000000000000027,0.05171984305491664,0.18040413746664,688.5503818743804,631,57.55038187438038,57.55038187438038
2018,log_loss,3.5500000000000025,0.05199542472964139,0.18158536069881925,688.7906169714423,631,57.79061697144232,57.79061697144232
2018,log_loss,3.6000000000000023,0.05227473684938541,0.1827837341890532,689.0290825242005,631,58.029082524200476,58.029082524200476
2018,log_loss,3.6500000000000026,0.05255765438305277,0.18399812844331387,689.2657030452617,631,58.265703045261716,58.265703045261716
2018,log_loss,3.700000000000003,0.05284405622508984,0.18522747938441253,689.5004064122611,631,58.5004064122611,58.5004064122611
2018,log_loss,3.7500000000000027,0.05313382502186308,0.18647078363418046,689.7331237810147,631,58.73312378101468,58.73312378101468
2018,log_loss,3.8000000000000025,0.05342684700831388,0.1877270942132091,689.963789502083,631,58.963789502083046,58.963789502083046
2018,log_loss,3.8500000000000028,0.05372301185425409,0.1889955166156304,690.1923410401474,631,59.192341040147426,59.192341040147426
2018,log_loss,3.900000000000003,0.05402221251968727,0.1902752052212046,690.4187188957251,631,59.41871889572508,59.41871889572508
2018,log_loss,3.950000000000003,0.05432434511856673,0.19156536001118074,690.6428665288628,631,59.64286652886278,59.64286652886278
2018,log_loss,4.000000000000003,0.05462930879043072,0.192865223558078,690.8647302845318,631,59.86473028453179,59.86473028453179
2018,log_loss,4.0500000000000025,0.054937005579385766,0.19417407826278105,691.0842593195218,631,60.084259319521834,60.084259319521834
2018,log_loss,4.100000000000003,0.05524734031994069,0.19549124381519623,691.3014055306828,631,60.301405530682814,60.301405530682814
2018,log_loss,4.150000000000003,0.05556022052922581,0.19681607485724392,691.5161234844159,631,60.51612348441586,60.51612348441586
2018,log_loss,4.200000000000003,0.055875556305161785,0.19814795882919226,691.7283703473404,631,60.72837034734039,60.72837034734039
2018,log_loss,4.2500000000000036,0.0561932602301736,0.19948631398231714,691.9381058180944,631,60.938105818094414,60.938105818094414
2018,log_loss,4.300000000000003,0.05651324728007287,0.2008305875426288,692.1452920602457,631,61.14529206024565,61.14529206024565
2018,log_loss,4.350000000000003,0.05683543473775962,0.2021802540119669,692.349893636298,631,61.34989363629802,61.34989363629802
2018,log_loss,4.400000000000003,0.05715974211141975,0.20353481359415249,692.5518774427936,631,61.551877442793625,61.551877442793625
2018,log_loss,4.450000000000003,0.057486091056918945,0.20489379073512504,692.751212646512,631,61.751212646512045,61.751212646512045
2018,log_loss,4.5000000000000036,0.05781440530411633,0.20625673276709489,692.9478706217708,631,61.94787062177079,61.94787062177079
2020,brier_score,0.8,0.04928942910950282,0.2997753240052588,686.6061750885772,647,39.606175088577174,39.606175088577174
2020,brier_score,0.8500000000000001,0.048972628351192087,0.2795989379203637,686.548000557383,647,39.548000557383034,39.548000557383034
2020,brier_score,0.9000000000000001,0.048676552745016956,0.2613215409739282,686.5146238550988,647,39.51462385509876,39.51462385509876
2020,brier_score,0.9500000000000002,0.048400123104568954,0.24595538490441696,686.504532564672,647,39.50453256467199,39.50453256467199
2020,brier_score,1.0000000000000002,0.048142662736217645,0.23294752476659855,686.5163877576837,647,39.516387757683674,39.516387757683674
2020,brier_score,1.0500000000000003,0.04790374407117243,0.22187187773841469,686.5489370380031,647,39.548937038003146,39.548937038003146
2020,brier_score,1.1000000000000003,0.04768308381556137,0.2123956435802944,686.6009626779078,647,39.60096267790777,39.60096267790777
2020,brier_score,1.1500000000000004,0.047480473159427806,0.20425567921556773,686.6712551398812,647,39.67125513988117,39.67125513988117
2020,brier_score,1.2000000000000004,0.04729573226580919,0.19724159065683275,686.7586037132096,647,39.758603713209595,39.758603713209595
2020,brier_score,1.2500000000000004,0.0471286812963653,0.1911834433547326,686.8617981310379,647,39.86179813103786,39.86179813103786
2020,brier_score,1.3000000000000005,0.04697912269753115,0.1859427018993557,686.9796367924555,647,39.979636792455494,39.979636792455494
2020,brier_score,1.3500000000000005,0.046846831208901374,0.18140546271805558,687.1109384444777,647,40.11093844447771,40.11093844447771
2020,brier_score,1.4000000000000006,0.04673154919385523,0.1774773379934107,687.254555027692,647,40.25455502769205,40.25455502769205
2020,brier_score,1.4500000000000006,0.04663298562025133,0.17407954423921643,687.4093840234297,647,40.40938402342965,40.40938402342965
2020,brier_score,1.5000000000000007,0.04655081749233328,0.17114588048901908,687.5743791614598,647,40.574379161459774,40.574379161459774
2020,brier_score,1.5500000000000007,0.04648469285738354,0.16862037098136284,687.7485587947906,647,40.7485587947906,40.7485587947906
2020,brier_score,1.6000000000000008,0.046434234742549325,0.16645540955251353,687.9310116261234,647,40.93101162612345,40.93101162612345
2020,brier_score,1.6500000000000008,0.04639904555121055,0.1646102866802284,688.1208997716294,647,41.12089977162941,41.12089977162941
2020,brier_score,1.7000000000000008,0.04637871158156623,0.16305001116380727,688.3174593675974,647,41.317459367597394,41.317459367597394
2020,brier_score,1.7500000000000009,0.0463728074326699,0.16174436070126152,688.5199990672237,647,41.519999067223694,41.519999067223694
2020,brier_score,1.800000000000001,0.04638090014150631,0.16066711177817816,688.7278968481601,647,41.72789684816007,41.72789684816007
2020,brier_score,1.850000000000001,0.04640255295386524,0.15979541111678136,688.940595570203,647,41.94059557020296,41.94059557020296
2020,brier_score,1.900000000000001,0.04643732867579486,0.15910925968875883,689.1575977015361,647,42.15759770153613,42.15759770153613
2020,brier_score,1.950000000000001,0.04648479258462878,0.1585910868346047,689.3784595851662,647,42.37845958516618,42.37845958516618
2020,brier_score,2.000000000000001,0.04654451490164543,0.15822539696128496,689.6027855563835,647,42.60278555638354,42.60278555638354
2020,brier_score,2.050000000000001,0.0466160728444344,0.1579984750380531,689.8302221564538,647,42.83022215645383,42.83022215645383
2020,brier_score,2.1000000000000014,0.04669905228764743,0.15789813998397112,690.0604526239204,647,43.060452623920355,43.060452623920355
2020,brier_score,2.1500000000000012,0.04679304906727076,0.1579135372613319,690.2931917871647,647,43.29319178716469,43.29319178716469
2020,brier_score,2.200000000000001,0.046897669966873674,0.15803496371772655,690.5281814326613,647,43.52818143266131,43.52818143266131
2020,brier_score,2.2500000000000013,0.04701253342525605,0.1582537190741463,690.765186183567,647,43.76518618356704,43.76518618356704
2020,brier_score,2.3000000000000016,0.047137270004175745,0.1585619795247831,691.0039898927994,647,44.00398989279938,44.00398989279938
2020,brier_score,2.3500000000000014,0.04727152265289739,0.15895268976151036,691.2443925327382,647,44.244392532738175,44.244392532738175
2020,brier_score,2.4000000000000012,0.04741494680357781,0.1594194704116623,691.4862075489485,647,44.48620754894853,44.48620754894853
2020,brier_score,2.4500000000000015,0.047567210328314964,0.15995653841911997,691.729259636505,647,44.72925963650505,44.72925963650505
2020,brier_score,2.5000000000000018,0.04772799338528694,0.16055863833453035,691.9733828932676,647,44.973382893267626,44.973382893267626
2020,brier_score,2.5500000000000016,0.04789698817798136,0.16122098283282246,692.2184193036107,647,45.218419303610744,45.218419303610744
2020,brier_score,2.6000000000000014,0.048073898648200546,0.16193920106221013,692.4642175075837,647,45.464217507583726,45.464217507583726
2020,brier_score,2.6500000000000017,0.04825844012041237,0.16270929366198167,692.7106318134577,647,45.71063181345767,45.71063181345767
2020,brier_score,2.700000000000002,0.048450338912161425,0.16352759347708856,692.9575214154452,647,45.95752141544517,45.95752141544517
2020,brier_score,2.7500000000000018,0.04864933192268767,0.16439073115416272,693.2047497825627,647,46.20474978256266,46.20474978256266
2020,brier_score,2.8000000000000016,0.048855166209631234,0.16529560493267653,693.4521841888456,647,46.45218418884565,46.45218418884565
2020,brier_score,2.850000000000002,0.049067598561729694,0.16623935405174337,693.6996953591731,647,46.69969535917312,46.69969535917312
2020,brier_score,2.900000000000002,0.04928639507372065,0.16721933528170138,693.947157208712,647,46.94715720871204,46.94715720871204
2020,brier_score,2.950000000000002,0.04951133072822997,0.16823310216346585,694.1944466573539,647,47.194446657353865,47.194446657353865
2020,brier_score,3.0000000000000018,0.0497421889882284,0.16927838660035363,694.4414435035071,647,47.44144350350712,47.44144350350712
2020,brier_score,3.050000000000002,0.049978761402650736,0.17035308249883374,694.6880303441981,647,47.68803034419807,47.68803034419807
2020,brier_score,3.1000000000000023,0.05022084722696677,0.17145523119818437,694.9340925306672,647,47.93409253066716,47.93409253066716
2020,brier_score,3.150000000000002,0.05046825305984532,0.17258300846575478,695.1795181505559,647,48.17951815055585,48.17951815055585
2020,brier_score,3.200000000000002,0.05072079249654013,0.1737347128655874,695.4241980293989,647,48.424198029398895,48.424198029398895
2020,brier_score,3.250000000000002,0.05097828579922562,0.1749087553344992,695.6680257454964,647,48.66802574549638,48.66802574549638
2020,brier_score,3.3000000000000025,0.05124055958420452,0.17610364982211554,695.9108976533914,647,48.91089765339143,48.91089765339143
2020,brier_score,3.3500000000000023,0.05150744652567918,0.17731800487043775,696.1527129121387,647,49.15271291213867,49.15271291213867
2020,brier_score,3.400000000000002,0.05177878507561139,0.17855051602482783,696.3933735153491,647,49.39337351534914,49.39337351534914
2020,brier_score,3.4500000000000024,0.05205441919907833,0.17979995898224843,696.6327843206684,647,49.63278432066841,49.63278432066841
2020,brier_score,3.5000000000000027,0.05233419812445391,0.1810651833945673,696.8708530768959,647,49.870853076895855,49.870853076895855
2020,brier_score,3.5500000000000025,0.05261797610769851,0.18234510725502412,697.1074904474149,647,50.107490447414875,50.107490447414875
2020,brier_score,3.6000000000000023,0.05290561221001663,0.18363871180482155,697.3426100289809,647,50.34261002898086,50.34261002898086
2020,brier_score,3.6500000000000026,0.053196970088136994,0.1849450369044505,697.5761283652229,647,50.57612836522287,50.57612836522287
2020,brier_score,3.700000000000003,0.05349191779647832,0.186263176820978,697.8079649544679,647,50.807964954467934,50.807964954467934
2020,brier_score,3.7500000000000027,0.05379032760048154,0.1875922763882606,698.0380422517034,647,51.03804225170336,51.03804225170336
2020,brier_score,3.8000000000000025,0.054092075800415126,0.18893152750202857,698.2662856646488,647,51.26628566464876,51.26628566464876
2020,brier_score,3.8500000000000028,0.05439704256498883,0.19028016591612526,698.4926235440456,647,51.492623544045614,51.492623544045614
2020,brier_score,3.900000000000003,0.05470511177414475,0.19163746830997055,698.7169871683657,647,51.71698716836568,51.71698716836568
2020,brier_score,3.950000000000003,0.055016170870427886,0.1930027496006293,698.9393107232153,647,51.93931072321527,51.93931072321527
2020,brier_score,4.000000000000003,0.05533011071837385,0.19437536047576895,699.1595312757688,647,52.15953127576881,52.15953127576881
2020,brier_score,4.0500000000000025,0.05564682547138563,0.19575468512634117,699.3775887445987,647,52.37758874459871,52.37758874459871
2020,brier_score,4.100000000000003,0.05596621244560549,0.19714013916006973,699.5934258652935,647,52.59342586529351,52.59342586529351
2020,brier_score,4.150000000000003,0.05628817200032114,0.19853116767881077,699.806988152267,647,52.80698815226697,52.80698815226697
2020,brier_score,4.200000000000003,0.05661260742447699,0.19992724350460656,700.0182238571612,647,53.01822385716116,53.01822385716116
2020,brier_score,4.2500000000000036,0.056939424828891624,0.2013278655408092,700.2270839242424,647,53.22708392424238,53.22708392424238
2020,brier_score,4.300000000000003,0.05726853304381117,0.20273255725603434,700.4335219431762,647,53.433521943176174,53.433521943176174
2020,brier_score,4.350000000000003,0.05759984352145559,0.2041408652799333,700.6374940995508,647,53.63749409955085,53.63749409955085
2020,brier_score,4.400000000000003,0.0579332702432402,0.20555235810087025,700.8389591234984,647,53.8389591234984,53.8389591234984
2020,brier_score,4.450000000000003,0.058268729631378476,0.20696662485656903,701.0378782367446,647,54.03787823674463,54.03787823674463
2020,brier_score,4.5000000000000036,0.058606140464594385,0.20838327420967062,701.2342150983862,647,54.234215098386244,54.234215098386244
2020,log_loss,0.8,0.04928942910950282,0.2997753240052588,686.6061750885772,647,39.606175088577174,39.606175088577174
2020,log_loss,0.8500000000000001,0.048972628351192087,0.2795989379203637,686.548000557383,647,39.548000557383034,39.548000557383034
2020,log_loss,0.9000000000000001,0.048676552745016956,0.2613215409739282,686.5146238550988,647,39.51462385509876,39.51462385509876
2020,log_loss,0.9500000000000002,0.048400123104568954,0.24595538490441696,686.504532564672,647,39.50453256467199,39.50453256467199
2020,log_loss,1.0000000000000002,0.048142662736217645,0.23294752476659855,686.5163877576837,647,39.516387757683674,39.516387757683674
2020,log_loss,1.0500000000000003,0.04790374407117243,0.22187187773841469,686.5489370380031,647,39.548937038003146,39.548937038003146
2020,log_loss,1.1000000000000003,0.04768308381556137,0.2123956435802944,686.6009626779078,647,39.60096267790777,39.60096267790777
2020,log_loss,1.1500000000000004,0.047480473159427806,0.20425567921556773,686.6712551398812,647,39.67125513988117,39.67125513988117
2020,log_loss,1.2000000000000004,0.04729573226580919,0.19724159065683275,686.7586037132096,647,39.758603713209595,39.758603713209595
2020,log_loss,1.2500000000000004,0.0471286812963653,0.1911834433547326,686.8617981310379,647,39.86179813103786,39.86179813103786
2020,log_loss,1.3000000000000005,0.04697912269753115,0.1859427018993557,686.9796367924555,647,39.979636792455494,39.979636792455494
2020,log_loss,1.3500000000000005,0.046846831208901374,0.18140546271805558,687.1109384444777,647,40.11093844447771,40.11093844447771
2020,log_loss,1.4000000000000006,0.04673154919385523,0.1774773379934107,687.254555027692,647,40.25455502769205,40.25455502769205
2020,log_loss,1.4500000000000006,0.04663298562025133,0.17407954423921643,687.4093840234297,647,40.40938402342965,40.40938402342965
2020,log_loss,1.5000000000000007,0.04655081749233328,0.17114588048901908,687.5743791614598,647,40.574379161459774,40.574379161459774
2020,log_loss,1.5500000000000007,0.04648469285738354,0.16862037098136284,687.7485587947906,647,40.7485587947906,40.7485587947906
2020,log_loss,1.6000000000000008,0.046434234742549325,0.16645540955251353,687.9310116261234,647,40.93101162612345,40.93101162612345
2020,log_loss,1.6500000000000008,0.04639904555121055,0.1646102866802284,688.1208997716294,647,41.12089977162941,41.12089977162941
2020,log_loss,1.7000000000000008,0.04637871158156623,0.16305001116380727,688.3174593675974,647,41.317459367597394,41.317459367597394
2020,log_loss,1.7500000000000009,0.0463728074326699,0.16174436070126152,688.5199990672237,647,41.519999067223694,41.519999067223694
2020,log_loss,1.800000000000001,0.04638090014150631,0.16066711177817816,688.7278968481601,647,41.72789684816007,41.72789684816007
2020,log_loss,1.850000000000001,0.04640255295386524,0.15979541111678136,688.940595570203,647,41.94059557020296,41.94059557020296
2020,log_loss,1.900000000000001,0.04643732867579486,0.15910925968875883,689.1575977015361,647,42.15759770153613,42.15759770153613
2020,log_loss,1.950000000000001,0.04648479258462878,0.1585910868346047,689.3784595851662,647,42.37845958516618,42.37845958516618
2020,log_loss,2.000000000000001,0.04654451490164543,0.15822539696128496,689.6027855563835,647,42.60278555638354,42.60278555638354
2020,log_loss,2.050000000000001,0.0466160728444344,0.1579984750380531,689.8302221564538,647,42.83022215645383,42.83022215645383
2020,log_loss,2.1000000000000014,0.04669905228764743,0.15789813998397112,690.0604526239204,647,43.060452623920355,43.060452623920355
2020,log_loss,2.1500000000000012,0.04679304906727076,0.1579135372613319,690.2931917871647,647,43.29319178716469,43.29319178716469
2020,log_loss,2.200000000000001,0.046897669966873674,0.15803496371772655,690.5281814326613,647,43.52818143266131,43.52818143266131
2020,log_loss,2.2500000000000013,0.04701253342525605,0.1582537190741463,690.765186183567,647,43.76518618356704,43.76518618356704
2020,log_loss,2.3000000000000016,0.047137270004175745,0.1585619795247831,691.0039898927994,647,44.00398989279938,44.00398989279938
2020,log_loss,2.3500000000000014,0.04727152265289739,0.15895268976151036,691.2443925327382,647,44.244392532738175,44.244392532738175
2020,log_loss,2.4000000000000012,0.04741494680357781,0.1594194704116623,691.4862075489485,647,44.48620754894853,44.48620754894853
2020,log_loss,2.4500000000000015,0.047567210328314964,0.15995653841911997,691.729259636505,647,44.72925963650505,44.72925963650505
2020,log_loss,2.5000000000000018,0.04772799338528694,0.16055863833453035,691.9733828932676,647,44.973382893267626,44.973382893267626
2020,log_loss,2.5500000000000016,0.04789698817798136,0.16122098283282246,692.2184193036107,647,45.218419303610744,45.218419303610744
2020,log_loss,2.6000000000000014,0.048073898648200546,0.16193920106221013,692.4642175075837,647,45.464217507583726,45.464217507583726
2020,log_loss,2.6500000000000017,0.04825844012041237,0.16270929366198167,692.7106318134577,647,45.71063181345767,45.71063181345767
2020,log_loss,2.700000000000002,0.048450338912161425,0.16352759347708856,692.9575214154452,647,45.95752141544517,45.95752141544517
2020,log_loss,2.7500000000000018,0.04864933192268767,0.16439073115416272,693.2047497825627,647,46.20474978256266,46.20474978256266
2020,log_loss,2.8000000000000016,0.048855166209631234,0.16529560493267653,693.4521841888456,647,46.45218418884565,46.45218418884565
2020,log_loss,2.850000000000002,0.049067598561729694,0.16623935405174337,693.6996953591731,647,46.69969535917312,46.69969535917312
2020,log_loss,2.900000000000002,0.04928639507372065,0.16721933528170138,693.947157208712,647,46.94715720871204,46.94715720871204
2020,log_loss,2.950000000000002,0.04951133072822997,0.16823310216346585,694.1944466573539,647,47.194446657353865,47.194446657353865
2020,log_loss,3.0000000000000018,0.0497421889882284,0.16927838660035363,694.4414435035071,647,47.44144350350712,47.44144350350712
2020,log_loss,3.050000000000002,0.049978761402650736,0.17035308249883374,694.6880303441981,647,47.68803034419807,47.68803034419807
2020,log_loss,3.1000000000000023,0.05022084722696677,0.17145523119818437,694.9340925306672,647,47.93409253066716,47.93409253066716
2020,log_loss,3.150000000000002,0.05046825305984532,0.17258300846575478,695.1795181505559,647,48.17951815055585,48.17951815055585
2020,log_loss,3.200000000000002,0.05072079249654013,0.1737347128655874,695.4241980293989,647,48.424198029398895,48.424198029398895
2020,log_loss,3.250000000000002,0.05097828579922562,0.1749087553344992,695.6680257454964,647,48.66802574549638,48.66802574549638
2020,log_loss,3.3000000000000025,0.05124055958420452,0.17610364982211554,695.9108976533914,647,48.91089765339143,48.91089765339143
2020,log_loss,3.3500000000000023,0.05150744652567918,0.17731800487043775,696.1527129121387,647,49.15271291213867,49.15271291213867
2020,log_loss,3.400000000000002,0.05177878507561139,0.17855051602482783,696.3933735153491,647,49.39337351534914,49.39337351534914
2020,log_loss,3.4500000000000024,0.05205441919907833,0.17979995898224843,696.6327843206684,647,49.63278432066841,49.63278432066841
2020,log_loss,3.5000000000000027,0.05233419812445391,0.1810651833945673,696.8708530768959,647,49.870853076895855,49.870853076895855
2020,log_loss,3.5500000000000025,0.05261797610769851,0.18234510725502412,697.1074904474149,647,50.107490447414875,50.107490447414875
2020,log_loss,3.6000000000000023,0.05290561221001663,0.18363871180482155,697.3426100289809,647,50.34261002898086,50.34261002898086
2020,log_loss,3.6500000000000026,0.053196970088136994,0.1849450369044505,697.5761283652229,647,50.57612836522287,50.57612836522287
2020,log_loss,3.700000000000003,0.05349191779647832,0.186263176820978,697.8079649544679,647,50.807964954467934,50.807964954467934
2020,log_loss,3.7500000000000027,0.05379032760048154,0.1875922763882606,698.0380422517034,647,51.03804225170336,51.03804225170336
2020,log_loss,3.8000000000000025,0.054092075800415126,0.18893152750202857,698.2662856646488,647,51.26628566464876,51.26628566464876
2020,log_loss,3.8500000000000028,0.05439704256498883,0.19028016591612526,698.4926235440456,647,51.492623544045614,51.492623544045614
2020,log_loss,3.900000000000003,0.05470511177414475,0.19163746830997055,698.7169871683657,647,51.71698716836568,51.71698716836568
2020,log_loss,3.950000000000003,0.055016170870427886,0.1930027496006293,698.9393107232153,647,51.93931072321527,51.93931072321527
2020,log_loss,4.000000000000003,0.05533011071837385,0.19437536047576895,699.1595312757688,647,52.15953127576881,52.15953127576881
2020,log_loss,4.0500000000000025,0.05564682547138563,0.19575468512634117,699.3775887445987,647,52.37758874459871,52.37758874459871
2020,log_loss,4.100000000000003,0.05596621244560549,0.19714013916006973,699.5934258652935,647,52.59342586529351,52.59342586529351
2020,log_loss,4.150000000000003,0.05628817200032114,0.19853116767881077,699.806988152267,647,52.80698815226697,52.80698815226697
2020,log_loss,4.200000000000003,0.05661260742447699,0.19992724350460656,700.0182238571612,647,53.01822385716116,53.01822385716116
2020,log_loss,4.2500000000000036,0.056939424828891624,0.2013278655408092,700.2270839242424,647,53.22708392424238,53.22708392424238
2020,log_loss,4.300000000000003,0.05726853304381117,0.20273255725603434,700.4335219431762,647,53.433521943176174,53.433521943176174
2020,log_loss,4.350000000000003,0.05759984352145559,0.2041408652799333,700.6374940995508,647,53.63749409955085,53.63749409955085
2020,log_loss,4.400000000000003,0.0579332702432402,0.20555235810087025,700.8389591234984,647,53.8389591234984,53.8389591234984
2020,log_loss,4.450000000000003,0.058268729631378476,0.20696662485656903,701.0378782367446,647,54.03787823674463,54.03787823674463
2020,log_loss,4.5000000000000036,0.058606140464594385,0.20838327420967062,701.2342150983862,647,54.234215098386244,54.234215098386244
2022,brier_score,0.8,0.04932126542410145,0.3780503244766036,698.3573713986318,654,44.35737139863181,44.35737139863181
2022,brier_score,0.8500000000000001,0.04908765911045995,0.35279648853109585,698.4885747508334,654,44.488574750833436,44.488574750833436
2022,brier_score,0.9000000000000001,0.048879805922546926,0.3299146422495216,698.6548887616692,654,44.65488876166921,44.65488876166921
2022,brier_score,0.9500000000000002,0.04869529845448813,0.3081587497137367,698.8526557872401,654,44.85265578724011,44.85265578724011
2022,brier_score,1.0000000000000002,0.04853230356594621,0.2897261931586038,699.0787210701338,654,45.07872107013384,45.07872107013384
2022,brier_score,1.0500000000000003,0.048389417209886584,0.2739963363876902,699.3302888822466,654,45.33028888224658,45.33028888224658
2022,brier_score,1.1000000000000003,0.04826554893818824,0.2604993147336297,699.6048190276887,654,45.60481902768868,45.60481902768868
2022,brier_score,1.1500000000000004,0.048159831956937724,0.2488633091121555,699.8999599650957,654,45.89995996509572,45.89995996509572
2022,brier_score,1.2000000000000004,0.04807155454028518,0.23879141814304886,700.213510233628,654,46.21351023362797,46.21351023362797
2022,brier_score,1.2500000000000004,0.04800010889013302,0.2300441609988721,700.5433993731983,654,46.543399373198326,46.543399373198326
2022,brier_score,1.3000000000000005,0.047944953952178467,0.2224265868758756,700.8876808280078,654,46.887680828007774,46.887680828007774
2022,brier_score,1.3500000000000005,0.04790558917069246,0.2157786483714216,701.2445311632957,654,47.24453116329573,47.24453116329573
2022,brier_score,1.4000000000000006,0.047881536638006476,0.20996792773687709,701.6122517005022,654,47.612251700502156,47.612251700502156
2022,brier_score,1.4500000000000006,0.04787232954517159,0.20488407915630028,701.989270142575,654,47.98927014257504,47.98927014257504
2022,brier_score,1.5000000000000007,0.047877505251982616,0.20043453781696,702.374140863551,654,48.37414086355102,48.37414086355102
2022,brier_score,1.5500000000000007,0.04789660165695762,0.1965411748344738,702.7655433048075,654,48.765543304807466,48.765543304807466
2022,brier_score,1.6000000000000008,0.047929155855195284,0.19313766598747534,703.1622784159522,654,49.16227841595219,49.16227841595219
2022,brier_score,1.6500000000000008,0.04797470432357728,0.1901674045596232,703.5632633675597,654,49.56326336755967,49.56326336755967
2022,brier_score,1.7000000000000008,0.04803278407218919,0.18758183287020966,703.9675249056385,654,49.96752490563847,49.96752490563847
2022,brier_score,1.7500000000000009,0.0481029343547165,0.18533909885207817,704.3741917626328,654,50.37419176263279,50.37419176263279
2022,brier_score,1.800000000000001,0.04818469864690314,0.18340296708685758,704.7824865241558,654,50.78248652415584,50.78248652415584
2022,brier_score,1.850000000000001,0.048277626688903265,0.18174193059156687,705.1917173014322,654,51.19171730143216,51.19171730143216
2022,brier_score,1.900000000000001,0.04838127645159263,0.1803284821373145,705.6012694949277,654,51.60126949492769,51.60126949492769
2022,brier_score,1.950000000000001,0.04849521593441246,0.17913851320121965,706.0105978667941,654,52.010597866794114,52.010597866794114
2022,brier_score,2.000000000000001,0.04861902473752859,0.1781508156720984,706.4192190757418,654,52.41921907574181,52.41921907574181
2022,brier_score,2.050000000000001,0.04875229537724016,0.17734666676296693,706.8267047717616,654,52.82670477176157,52.82670477176157
2022,brier_score,2.1000000000000014,0.04889463433296069,0.17670948166819656,707.2326753015116,654,53.23267530151156,53.23267530151156
2022,brier_score,2.1500000000000012,0.04904566282832802,0.1762245216568517,707.6367940385546,654,53.636794038554626,53.636794038554626
2022,brier_score,2.200000000000001,0.04920501735921342,0.17587864774675774,708.0387623254296,654,54.038762325429616,54.038762325429616
2022,brier_score,2.2500000000000013,0.04937234998842425,0.1756601120251,708.4383149957067,654,54.43831499570672,54.43831499570672
2022,brier_score,2.3000000000000016,0.04954732843136404,0.1755583801957808,708.8352164323861,654,54.83521643238612,54.83521643238612
2022,brier_score,2.3500000000000014,0.049729635959344286,0.17556398013459393,709.2292571128244,654,55.22925711282437,55.22925711282437
2022,brier_score,2.4000000000000012,0.0499189711480655,0.17566837219062895,709.6202505884462,654,55.6202505884462,55.6202505884462
2022,brier_score,2.4500000000000015,0.050115047498375795,0.17586383773939118,710.0080308485886,654,56.008030848588646,56.008030848588646
2022,brier_score,2.5000000000000018,0.050317592955095955,0.1761433831105971,710.392450020877,654,56.39245002087705,56.39245002087705
2022,brier_score,2.5500000000000016,0.05052634934774843,0.1765006565128096,710.7733763647168,654,56.773376364716796,56.773376364716796
2022,brier_score,2.6000000000000014,0.05074107177467687,0.1769298759823172,711.1506925191518,654,57.15069251915179,57.15069251915179
2022,brier_score,2.6500000000000017,0.05096152794948349,0.17742576671389965,711.5242939710599,654,57.52429397105993,57.52429397105993
2022,brier_score,2.700000000000002,0.05118749752609436,0.17798350640125143,711.8940877141199,654,57.894087714119905,57.894087714119905
2022,brier_score,2.7500000000000018,0.05141877141620273,0.17859867743658875,712.2599910730389,654,58.25999107303892,58.25999107303892
2022,brier_score,2.8000000000000016,0.051655151110419205,0.1792672250016547,712.6219306710968,654,58.621930671096834,58.621930671096834
2022,brier_score,2.850000000000002,0.05189644801223124,0.17998542023336236,712.9798415221348,654,58.97984152213485,58.97984152213485
2022,brier_score,2.900000000000002,0.05214248279187414,0.18074982777258292,713.3336662307287,654,59.33366623072868,59.33366623072868
2022,brier_score,2.950000000000002,0.05239308476545701,0.18155727710884242,713.6833542864865,654,59.68335428648652,59.68335428648652
2022,brier_score,3.0000000000000018,0.05264809130317102,0.18240483722073572,714.0288614402662,654,60.028861440266155,60.028861440266155
2022,brier_score,3.050000000000002,0.052907347269123314,0.18328979408477838,714.3701491516772,654,60.3701491516772,60.3701491516772
2022,brier_score,3.1000000000000023,0.05317070449427466,0.18420963068668264,714.7071840985694,654,60.70718409856943,60.70718409856943
2022,brier_score,3.150000000000002,0.05343802128309049,0.1851620092206755,715.0399377403662,654,61.03993774036621,61.03993774036621
2022,brier_score,3.200000000000002,0.05370916195382294,0.18614475520612792,715.3683859281073,654,61.36838592810727,61.36838592810727
2022,brier_score,3.250000000000002,0.05398399641180239,0.18715584328776416,715.6925085549547,654,61.69250855495466,61.69250855495466
2022,brier_score,3.3000000000000025,0.05426239975470942,0.1881933845171842,716.0122892417105,654,62.012289241710505,62.012289241710505
2022,brier_score,3.3500000000000023,0.05454425190850163,0.18925561494024737,716.3277150526005,654,62.327715052600524,62.327715052600524
2022,brier_score,3.400000000000002,0.05482943729246449,0.19034088533779317,716.638776237223,654,62.638776237223055,62.638776237223055
2022,brier_score,3.4500000000000024,0.055117844511726126,0.19144765198681832,716.9454659951298,654,62.94546599512978,62.94546599512978
2022,brier_score,3.5000000000000027,0.05540936607550563,0.19257446832610697,717.2477802600251,654,63.24778026002514,63.24778026002514
2022,brier_score,3.5500000000000025,0.055703898139343046,0.19371997742484648,717.5457175010272,654,63.545717501027184,63.545717501027184
2022,brier_score,3.6000000000000023,0.05600134026957299,0.19488290516530635,717.8392785388428,654,63.83927853884279,63.83927853884279
2022,brier_score,3.6500000000000026,0.05630159522834635,0.19606205406151195,718.1284663750624,654,64.12846637506243,64.12846637506243
2022,brier_score,3.700000000000003,0.05660456877756629,0.19725629764525748,718.4132860330973,654,64.41328603309728,64.41328603309728
2022,brier_score,3.7500000000000027,0.056910169500180845,0.19846457535897713,718.6937444095419,654,64.69374440954186,64.69374440954186
2022,brier_score,3.8000000000000025,0.057218308637359834,0.1996858879021154,718.9698501349767,654,64.9698501349767,64.9698501349767
2022,brier_score,3.8500000000000028,0.057528899940173725,0.2009192929838454,719.2416134434134,654,65.24161344341337,65.24161344341337
2022,brier_score,3.900000000000003,0.05784185953448522,0.20216390144041393,719.5090460497411,654,65.50904604974107,65.50904604974107
2022,brier_score,3.950000000000003,0.05815710579785633,0.20341887368014183,719.7721610346591,654,65.77216103465912,65.77216103465912
2022,brier_score,4.000000000000003,0.05847455924736466,0.20468341642327875,720.030972736682,654,66.03097273668197,66.03097273668197
2022,brier_score,4.0500000000000025,0.05879414243731065,0.20595677970756962,720.2854966508778,654,66.2854966508778,66.2854966508778
2022,brier_score,4.100000000000003,0.0591157798658804,0.2072382541336138,720.5357493340603,654,66.53574933406026,66.53574933406026
2022,brier_score,4.150000000000003,0.05943939788990906,0.20852716832693327,720.781748316198,654,66.78174831619799,66.78174831619799
2022,brier_score,4.200000000000003,0.05976492464696331,0.20982288659617304,721.0235120178219,654,67.02351201782187,67.02351201782187
2022,brier_score,4.2500000000000036,0.06009228998403179,0.2111248067690648,721.2610596732446,654,67.26105967324463,67.26105967324463
2022,brier_score,4.300000000000003,0.06042142539217605,0.21243235818974449,721.4944112593972,654,67.49441125939722,67.49441125939722
2022,brier_score,4.350000000000003,0.06075226394655524,0.21374499986274348,721.7235874301008,654,67.72358743010079,67.72358743010079
2022,brier_score,4.400000000000003,0.061084740251291555,0.21506221873050993,721.9486094555821,654,67.94860945558207,67.94860945558207
2022,brier_score,4.450000000000003,0.061418790388694765,0.21638352807267616,722.1694991670381,654,68.16949916703811,68.16949916703811
2022,brier_score,4.5000000000000036,0.061754351872409755,0.21770846601649863,722.386278906045,654,68.38627890604505,68.38627890604505
2022,log_loss,0.8,0.04932126542410145,0.3780503244766036,698.3573713986318,654,44.35737139863181,44.35737139863181
2022,log_loss,0.8500000000000001,0.04908765911045995,0.35279648853109585,698.4885747508334,654,44.488574750833436,44.488574750833436
2022,log_loss,0.9000000000000001,0.048879805922546926,0.3299146422495216,698.6548887616692,654,44.65488876166921,44.65488876166921
2022,log_loss,0.9500000000000002,0.04869529845448813,0.3081587497137367,698.8526557872401,654,44.85265578724011,44.85265578724011
2022,log_loss,1.0000000000000002,0.04853230356594621,0.2897261931586038,699.0787210701338,654,45.07872107013384,45.07872107013384
2022,log_loss,1.0500000000000003,0.048389417209886584,0.2739963363876902,699.3302888822466,654,45.33028888224658,45.33028888224658
2022,log_loss,1.1000000000000003,0.04826554893818824,0.2604993147336297,699.6048190276887,654,45.60481902768868,45.60481902768868
2022,log_loss,1.1500000000000004,0.048159831956937724,0.2488633091121555,699.8999599650957,654,45.89995996509572,45.89995996509572
2022,log_loss,1.2000000000000004,0.04807155454028518,0.23879141814304886,700.213510233628,654,46.21351023362797,46.21351023362797
2022,log_loss,1.2500000000000004,0.04800010889013302,0.2300441609988721,700.5433993731983,654,46.543399373198326,46.543399373198326
2022,log_loss,1.3000000000000005,0.047944953952178467,0.2224265868758756,700.8876808280078,654,46.887680828007774,46.887680828007774
2022,log_loss,1.3500000000000005,0.04790558917069246,0.2157786483714216,701.2445311632957,654,47.24453116329573,47.24453116329573
2022,log_loss,1.4000000000000006,0.047881536638006476,0.20996792773687709,701.6122517005022,654,47.612251700502156,47.612251700502156
2022,log_loss,1.4500000000000006,0.04787232954517159,0.20488407915630028,701.989270142575,654,47.98927014257504,47.98927014257504
2022,log_loss,1.5000000000000007,0.047877505251982616,0.20043453781696,702.374140863551,654,48.37414086355102,48.37414086355102
2022,log_loss,1.5500000000000007,0.04789660165695762,0.1965411748344738,702.7655433048075,654,48.765543304807466,48.765543304807466
2022,log_loss,1.6000000000000008,0.047929155855195284,0.19313766598747534,703.1622784159522,654,49.16227841595219,49.16227841595219
2022,log_loss,1.6500000000000008,0.04797470432357728,0.1901674045596232,703.5632633675597,654,49.56326336755967,49.56326336755967
2022,log_loss,1.7000000000000008,0.04803278407218919,0.18758183287020966,703.9675249056385,654,49.96752490563847,49.96752490563847
2022,log_loss,1.7500000000000009,0.0481029343547165,0.18533909885207817,704.3741917626328,654,50.37419176263279,50.37419176263279
2022,log_loss,1.800000000000001,0.04818469864690314,0.18340296708685758,704.7824865241558,654,50.78248652415584,50.78248652415584
2022,log_loss,1.850000000000001,0.048277626688903265,0.18174193059156687,705.1917173014322,654,51.19171730143216,51.19171730143216
2022,log_loss,1.900000000000001,0.04838127645159263,0.1803284821373145,705.6012694949277,654,51.60126949492769,51.60126949492769
2022,log_loss,1.950000000000001,0.04849521593441246,0.17913851320121965,706.0105978667941,654,52.010597866794114,52.010597866794114
2022,log_loss,2.000000000000001,0.04861902473752859,0.1781508156720984,706.4192190757418,654,52.41921907574181,52.41921907574181
2022,log_loss,2.050000000000001,0.04875229537724016,0.17734666676296693,706.8267047717616,654,52.82670477176157,52.82670477176157
2022,log_loss,2.1000000000000014,0.04889463433296069,0.17670948166819656,707.2326753015116,654,53.23267530151156,53.23267530151156
2022,log_loss,2.1500000000000012,0.04904566282832802,0.1762245216568517,707.6367940385546,654,53.636794038554626,53.636794038554626
2022,log_loss,2.200000000000001,0.04920501735921342,0.17587864774675774,708.0387623254296,654,54.038762325429616,54.038762325429616
2022,log_loss,2.2500000000000013,0.04937234998842425,0.1756601120251,708.4383149957067,654,54.43831499570672,54.43831499570672
2022,log_loss,2.3000000000000016,0.04954732843136404,0.1755583801957808,708.8352164323861,654,54.83521643238612,54.83521643238612
2022,log_loss,2.3500000000000014,0.049729635959344286,0.17556398013459393,709.2292571128244,654,55.22925711282437,55.22925711282437
2022,log_loss,2.4000000000000012,0.0499189711480655,0.17566837219062895,709.6202505884462,654,55.6202505884462,55.6202505884462
2022,log_loss,2.4500000000000015,0.050115047498375795,0.17586383773939118,710.0080308485886,654,56.008030848588646,56.008030848588646
2022,log_loss,2.5000000000000018,0.050317592955095955,0.1761433831105971,710.392450020877,654,56.39245002087705,56.39245002087705
2022,log_loss,2.5500000000000016,0.05052634934774843,0.1765006565128096,710.7733763647168,654,56.773376364716796,56.773376364716796
2022,log_loss,2.6000000000000014,0.05074107177467687,0.1769298759823172,711.1506925191518,654,57.15069251915179,57.15069251915179
2022,log_loss,2.6500000000000017,0.05096152794948349,0.17742576671389965,711.5242939710599,654,57.52429397105993,57.52429397105993
2022,log_loss,2.700000000000002,0.05118749752609436,0.17798350640125143,711.8940877141199,654,57.894087714119905,57.894087714119905
2022,log_loss,2.7500000000000018,0.05141877141620273,0.17859867743658875,712.2599910730389,654,58.25999107303892,58.25999107303892
2022,log_loss,2.8000000000000016,0.051655151110419205,0.1792672250016547,712.6219306710968,654,58.621930671096834,58.621930671096834
2022,log_loss,2.850000000000002,0.05189644801223124,0.17998542023336236,712.9798415221348,654,58.97984152213485,58.97984152213485
2022,log_loss,2.900000000000002,0.05214248279187414,0.18074982777258292,713.3336662307287,654,59.33366623072868,59.33366623072868
2022,log_loss,2.950000000000002,0.05239308476545701,0.18155727710884242,713.6833542864865,654,59.68335428648652,59.68335428648652
2022,log_loss,3.0000000000000018,0.05264809130317102,0.18240483722073572,714.0288614402662,654,60.028861440266155,60.028861440266155
2022,log_loss,3.050000000000002,0.052907347269123314,0.18328979408477838,714.3701491516772,654,60.3701491516772,60.3701491516772
2022,log_loss,3.1000000000000023,0.05317070449427466,0.18420963068668264,714.7071840985694,654,60.70718409856943,60.70718409856943
2022,log_loss,3.150000000000002,0.05343802128309049,0.1851620092206755,715.0399377403662,654,61.03993774036621,61.03993774036621
2022,log_loss,3.200000000000002,0.05370916195382294,0.18614475520612792,715.3683859281073,654,61.36838592810727,61.36838592810727
2022,log_loss,3.250000000000002,0.05398399641180239,0.18715584328776416,715.6925085549547,654,61.69250855495466,61.69250855495466
2022,log_loss,3.3000000000000025,0.05426239975470942,0.1881933845171842,716.0122892417105,654,62.012289241710505,62.012289241710505
2022,log_loss,3.3500000000000023,0.05454425190850163,0.18925561494024737,716.3277150526005,654,62.327715052600524,62.327715052600524
2022,log_loss,3.400000000000002,0.05482943729246449,0.19034088533779317,716.638776237223,654,62.638776237223055,62.638776237223055
2022,log_loss,3.4500000000000024,0.055117844511726126,0.19144765198681832,716.9454659951298,654,62.94546599512978,62.94546599512978
2022,log_loss,3.5000000000000027,0.05540936607550563,0.19257446832610697,717.2477802600251,654,63.24778026002514,63.24778026002514
2022,log_loss,3.5500000000000025,0.055703898139343046,0.19371997742484648,717.5457175010272,654,63.545717501027184,63.545717501027184
2022,log_loss,3.6000000000000023,0.05600134026957299,0.19488290516530635,717.8392785388428,654,63.83927853884279,63.83927853884279
2022,log_loss,3.6500000000000026,0.05630159522834635,0.19606205406151195,718.1284663750624,654,64.12846637506243,64.12846637506243
2022,log_loss,3.700000000000003,0.05660456877756629,0.19725629764525748,718.4132860330973,654,64.41328603309728,64.41328603309728
2022,log_loss,3.7500000000000027,0.056910169500180845,0.19846457535897713,718.6937444095419,654,64.69374440954186,64.69374440954186
2022,log_loss,3.8000000000000025,0.057218308637359834,0.1996858879021154,718.9698501349767,654,64.9698501349767,64.9698501349767
2022,log_loss,3.8500000000000028,0.057528899940173725,0.2009192929838454,719.2416134434134,654,65.24161344341337,65.24161344341337
2022,log_loss,3.900000000000003,0.05784185953448522,0.20216390144041393,719.5090460497411,654,65.50904604974107,65.50904604974107
2022,log_loss,3.950000000000003,0.05815710579785633,0.20341887368014183,719.7721610346591,654,65.77216103465912,65.77216103465912
2022,log_loss,4.000000000000003,0.05847455924736466,0.20468341642327875,720.030972736682,654,66.03097273668197,66.03097273668197
2022,log_loss,4.0500000000000025,0.05879414243731065,0.20595677970756962,720.2854966508778,654,66.2854966508778,66.2854966508778
2022,log_loss,4.100000000000003,0.0591157798658804,0.2072382541336138,720.5357493340603,654,66.53574933406026,66.53574933406026
2022,log_loss,4.150000000000003,0.05943939788990906,0.20852716832693327,720.781748316198,654,66.78174831619799,66.78174831619799
2022,log_loss,4.200000000000003,0.05976492464696331,0.20982288659617304,721.0235120178219,654,67.02351201782187,67.02351201782187
2022,log_loss,4.2500000000000036,0.06009228998403179,0.2111248067690648,721.2610596732446,654,67.26105967324463,67.26105967324463
2022,log_loss,4.300000000000003,0.06042142539217605,0.21243235818974449,721.4944112593972,654,67.49441125939722,67.49441125939722
2022,log_loss,4.350000000000003,0.06075226394655524,0.21374499986274348,721.7235874301008,654,67.72358743010079,67.72358743010079
2022,log_loss,4.400000000000003,0.061084740251291555,0.21506221873050993,721.9486094555821,654,67.94860945558207,67.94860945558207
2022,log_loss,4.450000000000003,0.061418790388694765,0.21638352807267616,722.1694991670381,654,68.16949916703811,68.16949916703811
2022,log_loss,4.5000000000000036,0.061754351872409755,0.21770846601649863,722.386278906045,654,68.38627890604505,68.38627890604505
