specification_id,baseline_type,baseline_label,model_family,model_label,generic_ballot_coefficient,approval_coefficient,midterm_coefficient,complexity_score,cycle,scored_races,mean_margin_error_dem_bias,mean_absolute_error,median_absolute_error,rmse,winner_accuracy,brier_score,log_loss,actual_dem_wins,predicted_dem_wins,expected_dem_wins,predicted_win_count_error,expected_win_count_error,absolute_mean_error,absolute_expected_seat_error,mean_absolute_error_rank,rmse_rank,brier_score_rank,log_loss_rank,absolute_mean_error_rank,absolute_expected_seat_error_rank,winner_accuracy_rank,performance_score,complexity_penalty,simplicity_adjusted_score
normalized_partisan_baseline__generic_only__gb_0.90,normalized_partisan_baseline,Normalized partisan baseline,generic_only,Generic ballot only,0.9,0.0,0.0,1,,1545,0.9488042151427901,6.0786397290146725,4.6599236300000015,8.128340443476674,0.9475728155339805,0.04553007909697334,0.1624765764149738,756,745,757.0744463911736,-11,1.0744463911736375,0.9488042151427901,1.0744463911736375,33.0,29.0,1.0,4.0,33.0,3.0,15.0,0.13768115942028986,0.0,0.13768115942028986
normalized_partisan_baseline__generic_only__gb_0.85,normalized_partisan_baseline,Normalized partisan baseline,generic_only,Generic ballot only,0.85,0.0,0.0,1,,1545,0.7752281633628546,6.037760903717585,4.55171359,8.094418955969509,0.945631067961165,0.0455584829596595,0.1623404811592431,756,742,754.0499696657646,-14,-1.9500303342354073,0.7752281633628546,1.9500303342354073,27.0,24.0,3.0,2.0,27.0,5.0,28.5,0.13828502415458938,0.0,0.13828502415458938
normalized_partisan_baseline__generic_only__gb_0.80,normalized_partisan_baseline,Normalized partisan baseline,generic_only,Generic ballot only,0.8,0.0,0.0,1,,1545,0.6016521115829191,6.007320230578427,4.526664099999998,8.068473575533746,0.9436893203883495,0.04563492680654513,0.16231677622457816,756,737,751.0447366258766,-19,-4.955263374123433,0.6016521115829191,4.955263374123433,23.0,18.0,5.0,1.0,21.0,12.0,41.5,0.14553140096618356,0.0,0.14553140096618356
normalized_partisan_baseline__generic_only__gb_0.70,normalized_partisan_baseline,Normalized partisan baseline,generic_only,Generic ballot only,0.7,0.0,0.0,1,,1545,0.25450000802304856,5.972227880767424,4.515794800000002,8.040796244876834,0.941747572815534,0.04592834410953064,0.16260382772710275,756,734,745.0920787074747,-22,-10.907921292525316,0.25450000802304856,10.907921292525316,13.0,9.0,9.0,5.0,9.0,30.0,63.0,0.16062801932367152,0.0,0.16062801932367152
normalized_partisan_baseline__generic_only__gb_0.95,normalized_partisan_baseline,Normalized partisan baseline,generic_only,Generic ballot only,0.95,0.0,0.0,1,,1545,1.1223802669227254,6.128014543952499,4.800841169999998,8.170138690988448,0.948220064724919,0.0455505653880305,0.16272573752276026,756,748,760.1180987060161,-8,4.118098706016099,1.1223802669227254,4.118098706016099,39.0,35.0,2.0,6.0,40.0,11.0,8.0,0.16304347826086957,0.0,0.16304347826086957
normalized_partisan_baseline__generic_only__gb_0.75,normalized_partisan_baseline,Normalized partisan baseline,generic_only,Generic ballot only,0.75,0.0,0.0,1,,1545,0.4280760598029847,5.98500703677519,4.568707985,8.050581418633186,0.941747572815534,0.04575852165535888,0.162404784314584,756,734,748.0587759295872,-22,-7.941224070412773,0.4280760598029847,7.941224070412773,18.0,13.0,7.0,3.0,15.0,21.0,63.0,0.16545893719806762,0.0,0.16545893719806762
normalized_partisan_baseline__generic_only__gb_0.65,normalized_partisan_baseline,Normalized partisan baseline,generic_only,Generic ballot only,0.65,0.0,0.0,1,,1545,0.08092395624311376,5.96764955097066,4.487391109999999,8.03914765754658,0.9411003236245955,0.046143440658794985,0.16291322964458335,756,733,742.1446005727507,-23,-13.855399427249267,0.08092395624311376,13.855399427249267,11.0,7.0,10.0,7.0,3.0,39.0,69.5,0.16847826086956522,0.0,0.16847826086956522
normalized_partisan_baseline__generic_plus_approval__gb_0.75,normalized_partisan_baseline,Normalized partisan baseline,generic_plus_approval,Generic ballot + approval,0.75,0.5,0.0,2,,1545,0.7342249272440516,5.987623740411014,4.445224233349997,8.06994993606379,0.9449838187702265,0.04635066976936541,0.16394215639140328,756,739,753.8264599798849,-17,-2.1735400201150696,0.7342249272440516,2.1735400201150696,19.0,19.0,14.0,12.0,26.0,7.0,32.5,0.14190821256038647,0.05,0.19190821256038648
normalized_partisan_baseline__generic_only__gb_0.60,normalized_partisan_baseline,Normalized partisan baseline,generic_only,Generic ballot only,0.6,0.0,0.0,1,,1545,-0.09265209553682156,5.969798660764835,4.44908204,8.045640658311543,0.9411003236245955,0.04640283185953741,0.16333231535208692,756,731,739.2162637060824,-25,-16.783736293917627,0.09265209553682156,16.783736293917627,12.0,11.0,16.0,9.0,4.0,47.0,69.5,0.1926328502415459,0.0,0.1926328502415459
normalized_partisan_baseline__generic_plus_approval__gb_0.80,normalized_partisan_baseline,Normalized partisan baseline,generic_plus_approval,Generic ballot + approval,0.8,0.5,0.0,2,,1545,0.9078009790239869,6.02211485386668,4.445941203350003,8.097802475858247,0.9462783171521035,0.04628731964118027,0.16399690250256266,756,741,756.835607934449,-15,0.8356079344489444,0.9078009790239869,0.8356079344489444,25.0,25.0,12.0,13.0,32.0,1.0,24.5,0.14432367149758454,0.05,0.19432367149758456
normalized_partisan_baseline__generic_plus_approval__gb_0.70,normalized_partisan_baseline,Normalized partisan baseline,generic_plus_approval,Generic ballot + approval,0.7,0.5,0.0,2,,1545,0.5606488754641168,5.964023292225449,4.433208416499994,8.050138305505303,0.943042071197411,0.046461232036420316,0.16399920836105064,756,736,750.8364778912605,-20,-5.163522108739471,0.5606488754641168,5.163522108739471,10.0,12.0,17.0,14.0,20.0,14.0,47.5,0.14553140096618356,0.05,0.19553140096618354
normalized_partisan_baseline__generic_only__gb_1.00,normalized_partisan_baseline,Normalized partisan baseline,generic_only,Generic ballot only,1.0,0.0,0.0,1,,1545,1.2959563187026604,6.184765390049586,4.862858181,8.219693536230055,0.9488673139158577,0.045620748719869465,0.163088636823261,756,751,763.1808172909472,-5,7.180817290947175,1.2959563187026604,7.180817290947175,45.0,41.0,4.0,8.0,49.0,20.0,3.0,0.1956521739130435,0.0,0.1956521739130435
normalized_partisan_baseline__generic_plus_approval__gb_0.65,normalized_partisan_baseline,Normalized partisan baseline,generic_plus_approval,Generic ballot + approval,0.65,0.5,0.0,2,,1545,0.3870728236841811,5.948172752336452,4.433399193350002,8.03842703764732,0.9423948220064725,0.04661809037457707,0.1641673843726774,756,733,747.8656592333068,-23,-8.134340766693185,0.3870728236841811,8.134340766693185,6.0,6.0,24.0,17.0,14.0,23.0,55.0,0.15458937198067632,0.05,0.20458937198067634
normalized_partisan_baseline__generic_plus_approval__gb_0.60,normalized_partisan_baseline,Normalized partisan baseline,generic_plus_approval,Generic ballot + approval,0.6,0.5,0.0,2,,1545,0.21349677190424643,5.940495376341372,4.4233884835,8.034851552830519,0.9423948220064725,0.04682029802263364,0.1644460109841949,756,733,744.9139658636718,-23,-11.08603413632818,0.21349677190424643,11.08603413632818,4.0,5.0,29.0,22.0,8.0,32.0,55.0,0.16062801932367152,0.05,0.21062801932367153
normalized_partisan_baseline__generic_plus_approval__gb_0.85,normalized_partisan_baseline,Normalized partisan baseline,generic_plus_approval,Generic ballot + approval,0.85,0.5,0.0,2,,1545,1.0813770308039223,6.066355851548556,4.585428383500009,8.133613320049323,0.9475728155339805,0.04627206271987634,0.1641641200305633,756,745,759.8638865254352,-11,3.8638865254351913,1.0813770308039223,3.8638865254351913,31.0,31.0,11.0,16.0,39.0,8.0,15.0,0.16304347826086957,0.05,0.21304347826086956
normalized_partisan_baseline__generic_plus_approval_plus_midterm__gb_0.65,normalized_partisan_baseline,Normalized partisan baseline,generic_plus_approval_plus_midterm,Generic ballot + approval + midterm,0.65,0.5,0.5,3,,1545,0.3848074515158963,5.954333715605061,4.4167077664999965,8.03373906214731,0.945631067961165,0.046723574918858854,0.16441470280370668,756,734,748.042873921401,-22,-7.9571260785990034,0.3848074515158963,7.9571260785990034,9.0,4.0,27.0,20.0,13.0,22.0,28.5,0.125,0.1,0.225
normalized_partisan_baseline__generic_plus_approval_plus_midterm__gb_0.75,normalized_partisan_baseline,Normalized partisan baseline,generic_plus_approval_plus_midterm,Generic ballot + approval + midterm,0.75,0.5,0.5,3,,1545,0.7319595550757668,6.01102404167121,4.473245663500002,8.078706785817975,0.948220064724919,0.04653604009162162,0.1643780815847146,756,740,754.0328966105228,-16,-1.967103389477188,0.7319595550757668,1.967103389477188,24.0,21.0,20.0,19.0,25.0,6.0,8.0,0.12560386473429952,0.1,0.22560386473429953
normalized_partisan_baseline__generic_plus_approval_plus_midterm__gb_0.60,normalized_partisan_baseline,Normalized partisan baseline,generic_plus_approval_plus_midterm,Generic ballot + approval + midterm,0.6,0.5,0.5,3,,1545,0.2112313997359616,5.939596724527132,4.3940930735,8.02341042913413,0.944336569579288,0.04688689101791952,0.16459983011902643,756,732,745.0764914939004,-24,-10.923508506099552,0.2112313997359616,10.923508506099552,3.0,2.0,30.0,25.0,7.0,31.0,36.5,0.1322463768115942,0.1,0.2322463768115942
normalized_partisan_baseline__generic_only__gb_0.55,normalized_partisan_baseline,Normalized partisan baseline,generic_only,Generic ballot only,0.55,0.0,0.0,1,,1545,-0.26622814731675637,5.981880957933507,4.454476669999998,8.060255571639322,0.9411003236245955,0.04670551637646112,0.16386041338070165,756,729,736.3069589913056,-27,-19.693041008694422,0.26622814731675637,19.693041008694422,17.0,16.0,25.0,11.0,10.0,55.0,69.5,0.23248792270531402,0.0,0.23248792270531402
normalized_partisan_baseline__generic_plus_approval__gb_0.55,normalized_partisan_baseline,Normalized partisan baseline,generic_plus_approval,Generic ballot + approval,0.55,0.5,0.0,2,,1545,0.039920720124311415,5.943361254873864,4.367013473499998,8.039422706083712,0.941747572815534,0.04706688171803739,0.16483441657925965,756,732,741.9813259728573,-24,-14.018674027142652,0.039920720124311415,14.018674027142652,5.0,8.0,34.0,27.0,2.0,41.0,63.0,0.18478260869565216,0.05,0.23478260869565215
normalized_partisan_baseline__generic_plus_approval_plus_midterm__gb_0.70,normalized_partisan_baseline,Normalized partisan baseline,generic_plus_approval_plus_midterm,Generic ballot + approval + midterm,0.7,0.5,0.5,3,,1545,0.558383503295832,5.977783925505061,4.447118396500002,8.052189730603256,0.945631067961165,0.046606318601635485,0.16434056284313317,756,736,751.0283397731971,-20,-4.971660226802896,0.558383503295832,4.971660226802896,16.0,15.0,22.0,18.0,19.0,13.0,28.5,0.13707729468599034,0.1,0.23707729468599034
normalized_partisan_baseline__generic_plus_approval__gb_0.90,normalized_partisan_baseline,Normalized partisan baseline,generic_plus_approval,Generic ballot + approval,0.9,0.5,0.0,2,,1545,1.254953082583858,6.119744680853345,4.640001326649999,8.177277913632349,0.948220064724919,0.046305740676715564,0.16444448024198666,756,744,762.9112210078054,-12,6.911221007805352,1.254953082583858,6.911221007805352,38.0,36.0,13.0,21.0,46.0,16.0,8.0,0.18961352657004832,0.05,0.2396135265700483
normalized_partisan_baseline__generic_plus_approval_plus_midterm__gb_0.80,normalized_partisan_baseline,Normalized partisan baseline,generic_plus_approval_plus_midterm,Generic ballot + approval + midterm,0.8,0.5,0.5,3,,1545,0.9055356068557022,6.053557252482342,4.503597266500002,8.113211136130877,0.948220064724919,0.046513623201187945,0.16452792982900843,756,740,757.0565148265882,-16,1.0565148265882272,0.9055356068557022,1.0565148265882272,30.0,27.0,18.0,24.0,31.0,2.0,8.0,0.1400966183574879,0.1,0.2400966183574879
normalized_partisan_baseline__generic_only__gb_1.05,normalized_partisan_baseline,Normalized partisan baseline,generic_only,Generic ballot only,1.05,0.0,0.0,1,,1545,1.469532370482596,6.250944418764149,4.96153127,8.276865660606417,0.948220064724919,0.04574138818634171,0.163565941981494,756,752,766.2624499692502,-4,10.262449969250156,1.469532370482596,10.262449969250156,51.0,47.0,6.0,10.0,58.0,29.0,8.0,0.24033816425120771,0.0,0.24033816425120771
normalized_partisan_baseline__generic_plus_approval_plus_midterm__gb_0.85,normalized_partisan_baseline,Normalized partisan baseline,generic_plus_approval_plus_midterm,Generic ballot + approval + midterm,0.85,0.5,0.5,3,,1545,1.0791116586356375,6.105224425248879,4.6195309675,8.155601405309273,0.948220064724919,0.0465399131716765,0.16479077647924625,756,742,760.099125810989,-14,4.099125810988994,1.0791116586356375,4.099125810988994,36.0,34.0,21.0,26.0,38.0,10.0,8.0,0.17753623188405798,0.1,0.27753623188405796
normalized_partisan_baseline__generic_plus_approval__gb_0.50,normalized_partisan_baseline,Normalized partisan baseline,generic_plus_approval,Generic ballot + approval,0.5,0.5,0.0,2,,1545,-0.13365533165562443,5.954016753398135,4.38578000835,8.05212662299802,0.940453074433657,0.047356845755143505,0.16533193252322362,756,730,739.0676361826083,-26,-16.93236381739166,0.13365533165562443,16.93236381739166,8.0,14.0,38.0,33.0,5.0,49.0,75.0,0.22826086956521738,0.05,0.2782608695652174
normalized_partisan_baseline__generic_only__gb_0.50,normalized_partisan_baseline,Normalized partisan baseline,generic_only,Generic ballot only,0.5,0.0,0.0,1,,1545,-0.43980419909669255,6.003901753374285,4.491804600000002,8.082948341554431,0.9398058252427185,0.04705047487102825,0.16449685657495836,756,723,733.4165481797572,-33,-22.58345182024277,0.43980419909669255,22.58345182024277,22.0,22.0,33.0,23.0,16.0,61.0,81.5,0.28442028985507245,0.0,0.28442028985507245
normalized_partisan_baseline__generic_plus_approval_plus_midterm__gb_0.55,normalized_partisan_baseline,Normalized partisan baseline,generic_plus_approval_plus_midterm,Generic ballot + approval + midterm,0.55,0.5,0.5,3,,1545,0.037655347956026625,5.934457227774187,4.401525356500002,8.021235206913769,0.940453074433657,0.047095318927321064,0.16489527417881727,756,728,742.1291497015723,-28,-13.87085029842774,0.037655347956026625,13.87085029842774,1.0,1.0,35.0,29.0,1.0,40.0,75.0,0.18478260869565216,0.1,0.2847826086956522
normalized_partisan_baseline__generic_only__gb_1.10,normalized_partisan_baseline,Normalized partisan baseline,generic_only,Generic ballot only,1.1,0.0,0.0,1,,1545,1.6431084222625314,6.324177711872241,4.995850869999998,8.341498440480407,0.9475728155339805,0.045913190570749204,0.16415831444696172,756,751,769.3628002494559,-5,13.362800249455859,1.6431084222625314,13.362800249455859,56.0,53.0,8.0,15.0,67.0,38.0,15.0,0.286231884057971,0.0,0.286231884057971
normalized_partisan_baseline__generic_plus_approval__gb_0.95,normalized_partisan_baseline,Normalized partisan baseline,generic_plus_approval,Generic ballot + approval,0.95,0.5,0.0,2,,1545,1.428529134363793,6.181702199512661,4.712509863500003,8.228671232228377,0.9475728155339805,0.04638915132608117,0.1648386509044539,756,747,765.9774954024706,-9,9.977495402470595,1.428529134363793,9.977495402470595,44.0,42.0,15.0,28.0,55.0,26.0,15.0,0.2379227053140097,0.05,0.2879227053140097
normalized_partisan_baseline__generic_plus_approval__gb_1.00,normalized_partisan_baseline,Normalized partisan baseline,generic_plus_approval,Generic ballot + approval,1.0,0.5,0.0,2,,1545,1.6021051861437285,6.250144537412466,4.830908736500003,8.287649495125516,0.9495145631067962,0.04652304413358996,0.16534729479945204,756,748,769.0625509352365,-8,13.062550935236459,1.6021051861437285,13.062550935236459,50.0,48.0,19.0,34.0,64.0,36.0,1.5,0.2638888888888889,0.05,0.3138888888888889
normalized_partisan_baseline__generic_plus_approval_plus_midterm__gb_0.50,normalized_partisan_baseline,Normalized partisan baseline,generic_plus_approval_plus_midterm,Generic ballot + approval + midterm,0.5,0.5,0.5,3,,1545,-0.13592070382390925,5.9393838838803354,4.417099896500002,8.027220023741434,0.9398058252427185,0.047347884882065545,0.16530036632409323,756,727,739.2007725479191,-29,-16.799227452080913,0.13592070382390925,16.799227452080913,2.0,3.0,37.0,32.0,6.0,48.0,81.5,0.21437198067632848,0.1,0.3143719806763285
normalized_partisan_baseline__generic_plus_approval_plus_midterm__gb_0.90,normalized_partisan_baseline,Normalized partisan baseline,generic_plus_approval_plus_midterm,Generic ballot + approval + midterm,0.9,0.5,0.5,3,,1545,1.2526877104155734,6.166648767335547,4.648151433500001,8.20575538020449,0.946925566343042,0.0466157122512065,0.16516728712857398,756,742,763.1606202433262,-14,7.160620243326207,1.2526877104155734,7.160620243326207,42.0,40.0,23.0,30.0,45.0,19.0,20.0,0.22826086956521738,0.1,0.3282608695652174
normalized_partisan_baseline__generic_plus_approval__gb_0.45,normalized_partisan_baseline,Normalized partisan baseline,generic_plus_approval,Generic ballot + approval,0.45,0.5,0.0,2,,1545,-0.30723138343555995,5.974041179678782,4.2897192565,8.07292490941917,0.9385113268608414,0.04768917589395573,0.16593789424431715,756,725,736.1727636803134,-31,-19.827236319686563,0.30723138343555995,19.827236319686563,15.0,20.0,48.0,37.0,11.0,57.0,89.0,0.2898550724637681,0.05,0.3398550724637681
normalized_partisan_baseline__generic_only__gb_0.45,normalized_partisan_baseline,Normalized partisan baseline,generic_only,Generic ballot only,0.45,0.0,0.0,1,,1545,-0.613380250876627,6.034499665417002,4.481074850000001,8.113651190368003,0.9359223300970874,0.04743667372578641,0.16524098308359367,756,717,730.5448660627928,-39,-25.455133937207165,0.613380250876627,25.455133937207165,26.0,28.0,40.0,31.0,22.0,67.0,99.5,0.34118357487922707,0.0,0.34118357487922707
normalized_partisan_baseline__generic_plus_approval__gb_1.05,normalized_partisan_baseline,Normalized partisan baseline,generic_plus_approval,Generic ballot + approval,1.05,0.5,0.0,2,,1545,1.7756812379236637,6.325915561478227,4.925550406500001,8.354052058410538,0.948220064724919,0.046708115727426454,0.1659710681835602,756,752,772.1661846580141,-4,16.166184658014117,1.7756812379236637,16.166184658014117,57.0,54.0,26.0,38.0,73.0,45.0,8.0,0.3176328502415459,0.05,0.3676328502415459
normalized_partisan_baseline__generic_plus_approval_plus_midterm__gb_0.95,normalized_partisan_baseline,Normalized partisan baseline,generic_plus_approval_plus_midterm,Generic ballot + approval + midterm,0.95,0.5,0.5,3,,1545,1.426263762195508,6.234432564653502,4.7883380235,8.263531700904592,0.946925566343042,0.04674177523904826,0.16565812259009052,756,744,766.2408465407339,-12,10.240846540733855,1.426263762195508,10.240846540733855,49.0,46.0,28.0,35.0,54.0,28.0,20.0,0.2717391304347826,0.1,0.37173913043478257
normalized_partisan_baseline__generic_plus_approval_plus_midterm__gb_0.45,normalized_partisan_baseline,Normalized partisan baseline,generic_plus_approval_plus_midterm,Generic ballot + approval + midterm,0.45,0.5,0.5,3,,1545,-0.3094967556038447,5.952464956146096,4.3297619935,8.041346660174884,0.9359223300970874,0.04764359334281079,0.1658144409889912,756,723,736.2912529067407,-33,-19.708747093259262,0.3094967556038447,19.708747093259262,7.0,10.0,46.0,36.0,12.0,56.0,99.5,0.27838164251207725,0.1,0.3783816425120773
normalized_partisan_baseline__generic_plus_approval__gb_0.40,normalized_partisan_baseline,Normalized partisan baseline,generic_plus_approval,Generic ballot + approval,0.4,0.5,0.0,2,,1545,-0.48080743521549446,6.003857638729981,4.362208326650006,8.10175522760811,0.9378640776699029,0.04806284310737247,0.16665164223912424,756,722,733.2965483686775,-34,-22.703451631322537,0.48080743521549446,22.703451631322537,21.0,26.0,55.0,42.0,17.0,63.0,91.0,0.32971014492753625,0.05,0.37971014492753624
normalized_partisan_baseline__generic_only__gb_0.40,normalized_partisan_baseline,Normalized partisan baseline,generic_only,Generic ballot only,0.4,0.0,0.0,1,,1545,-0.7869563026565624,6.072481094724446,4.528607790000002,8.152273616624418,0.9320388349514563,0.0478630685970563,0.16609213727369757,756,711,727.6917226341757,-45,-28.308277365824324,0.7869563026565624,28.308277365824324,32.0,33.0,51.0,39.0,28.0,73.0,113.0,0.39855072463768115,0.0,0.39855072463768115
normalized_partisan_baseline__generic_plus_approval_plus_midterm__gb_1.00,normalized_partisan_baseline,Normalized partisan baseline,generic_plus_approval_plus_midterm,Generic ballot + approval + midterm,1.0,0.5,0.5,3,,1545,1.5998398139754437,6.311242180241335,4.893742913349993,8.32877174129434,0.9475728155339805,0.04691880503082008,0.1662639373756359,756,749,769.3396094835676,-7,13.339609483567642,1.5998398139754437,13.339609483567642,55.0,52.0,31.0,40.0,63.0,37.0,15.0,0.3055555555555555,0.1,0.40555555555555556
normalized_partisan_baseline__generic_plus_approval__gb_1.10,normalized_partisan_baseline,Normalized partisan baseline,generic_plus_approval,Generic ballot + approval,1.1,0.5,0.0,2,,1545,1.9492572897035996,6.410011663765671,4.995776306499991,8.427703433904181,0.9495145631067962,0.046945005451127994,0.16671061920500452,756,756,775.2881482761096,0,19.28814827610961,1.9492572897035996,19.28814827610961,69.0,59.0,32.0,43.0,81.0,53.0,1.5,0.35688405797101447,0.05,0.40688405797101446
normalized_partisan_baseline__generic_plus_approval_plus_midterm__gb_0.40,normalized_partisan_baseline,Normalized partisan baseline,generic_plus_approval_plus_midterm,Generic ballot + approval + midterm,0.4,0.5,0.5,3,,1545,-0.4830728073837789,5.973475737618653,4.322409413500001,8.063572325172256,0.9359223300970874,0.04798143086616364,0.16643683676859264,756,721,733.4004546350525,-35,-22.599545364947517,0.4830728073837789,22.599545364947517,14.0,17.0,53.0,41.0,18.0,62.0,99.5,0.3182367149758454,0.1,0.41823671497584536
normalized_partisan_baseline__generic_plus_approval__gb_0.35,normalized_partisan_baseline,Normalized partisan baseline,generic_plus_approval,Generic ballot + approval,0.35,0.5,0.0,2,,1545,-0.6543834869954295,6.041052359131339,4.419397256650001,8.138532218874483,0.9365695792880259,0.048476807158420517,0.16747252300211268,756,720,730.4388050118941,-36,-25.561194988105854,0.6543834869954295,25.561194988105854,28.0,32.0,62.0,47.0,23.0,69.0,94.5,0.3725845410628019,0.05,0.4225845410628019
normalized_partisan_baseline__generic_only__gb_0.35,normalized_partisan_baseline,Normalized partisan baseline,generic_only,Generic ballot only,0.35,0.0,0.0,1,,1545,-0.9605323544364982,6.117691681151631,4.603307040000001,8.19870369852996,0.9313915857605178,0.04832860779147299,0.16704967056888803,756,710,724.8569052263147,-46,-31.143094773685334,0.9605323544364982,31.143094773685334,37.0,39.0,58.0,45.0,35.0,79.0,118.0,0.4420289855072464,0.0,0.4420289855072464
normalized_partisan_baseline__generic_plus_approval_plus_midterm__gb_1.05,normalized_partisan_baseline,Normalized partisan baseline,generic_plus_approval_plus_midterm,Generic ballot + approval + midterm,1.05,0.5,0.5,3,,1545,1.773415865755379,6.393591381832272,5.010002603350003,8.401301625339908,0.948220064724919,0.04714744820193503,0.16698537813012246,756,754,772.4566690425565,-2,16.45666904255654,1.773415865755379,16.45666904255654,68.0,58.0,36.0,44.0,72.0,46.0,8.0,0.34782608695652173,0.1,0.4478260869565217
normalized_partisan_baseline__generic_plus_approval_plus_midterm__gb_0.35,normalized_partisan_baseline,Normalized partisan baseline,generic_plus_approval_plus_midterm,Generic ballot + approval + midterm,0.35,0.5,0.5,3,,1545,-0.6566488591637143,6.002981743270498,4.3866081635,8.093830299190232,0.9359223300970874,0.04836036981435092,0.16716689741179686,756,719,730.5282147010008,-37,-25.47178529899918,0.6566488591637143,25.47178529899918,20.0,23.0,59.0,46.0,24.0,68.0,99.5,0.3544685990338164,0.1,0.4544685990338164
normalized_partisan_baseline__generic_plus_approval__gb_0.30,normalized_partisan_baseline,Normalized partisan baseline,generic_plus_approval,Generic ballot + approval,0.3,0.5,0.0,2,,1545,-0.8279595387753654,6.084700467420013,4.500540846500002,8.183148741277316,0.9333333333333333,0.04893002000209673,0.16839988987961235,756,715,727.5993253617582,-41,-28.400674638241753,0.8279595387753654,28.400674638241753,34.0,38.0,84.0,56.0,29.0,75.0,106.0,0.4420289855072464,0.05,0.4920289855072464
normalized_partisan_baseline__generic_plus_approval_plus_midterm__gb_1.10,normalized_partisan_baseline,Normalized partisan baseline,generic_plus_approval_plus_midterm,Generic ballot + approval + midterm,1.1,0.5,0.5,3,,1545,1.9469919175353148,6.483380627278422,5.1188481266500006,8.480934324467007,0.948220064724919,0.047428290669445074,0.1678230820290011,756,754,775.5917394292818,-2,19.5917394292818,1.9469919175353148,19.5917394292818,83.0,63.0,39.0,48.0,80.0,54.0,8.0,0.39492753623188404,0.1,0.494927536231884
normalized_partisan_baseline__generic_only__gb_0.30,normalized_partisan_baseline,Normalized partisan baseline,generic_only,Generic ballot only,0.3,0.0,0.0,1,,1545,-1.1341084062164333,6.16874303581312,4.686452179999996,8.252809660163923,0.9313915857605178,0.04883223546449926,0.16811294221268203,756,710,722.0401806067746,-46,-33.959819393225416,1.1341084062164333,33.959819393225416,43.0,45.0,78.0,51.0,42.0,85.0,118.0,0.4963768115942029,0.0,0.4963768115942029
raw_presidential_margin__generic_only__gb_0.30,raw_presidential_margin,Raw presidential margin,generic_only,Generic ballot only,0.3,0.0,0.0,1,,1545,1.9988365776023371,6.50786069859189,4.895272729999995,8.66365350129339,0.9423948220064725,0.04857890550271339,0.16949384971588616,756,755,774.3844703479444,-1,18.384470347944443,1.9988365776023371,18.384470347944443,89.0,80.0,66.0,64.0,84.0,50.0,55.0,0.5120772946859904,0.0,0.5120772946859904
raw_presidential_margin__generic_only__gb_0.40,raw_presidential_margin,Raw presidential margin,generic_only,Generic ballot only,0.4,0.0,0.0,1,,1545,2.345988681162208,6.491906929896745,4.9662074200000035,8.646735144483165,0.9423948220064725,0.04803917514343433,0.16860422650998708,756,759,780.2727228274952,3,24.27272282749516,2.345988681162208,24.27272282749516,85.0,76.0,54.0,57.0,92.0,64.0,55.0,0.5144927536231884,0.0,0.5144927536231884
normalized_partisan_baseline__generic_plus_approval_plus_midterm__gb_0.30,normalized_partisan_baseline,Normalized partisan baseline,generic_plus_approval_plus_midterm,Generic ballot + approval + midterm,0.3,0.5,0.5,3,,1545,-0.8302249109436503,6.041447165859495,4.4391877435,8.13203092194832,0.9339805825242719,0.048779371895901605,0.16800397273899664,756,716,727.6743453084707,-40,-28.32565469152928,0.8302249109436503,28.32565469152928,29.0,30.0,77.0,49.0,30.0,74.0,105.0,0.4166666666666667,0.1,0.5166666666666667
raw_presidential_margin__generic_only__gb_0.50,raw_presidential_margin,Raw presidential margin,generic_only,Generic ballot only,0.5,0.0,0.0,1,,1545,2.693140784722078,6.508017017640433,4.99330089,8.660078305980766,0.9436893203883495,0.047680230638633,0.16815597103576624,756,763,786.2380510639439,7,30.238051063943885,2.693140784722078,30.238051063943885,90.0,79.0,47.0,53.0,98.0,76.0,41.5,0.5211352657004831,0.0,0.5211352657004831
raw_presidential_margin__generic_only__gb_0.35,raw_presidential_margin,Raw presidential margin,generic_only,Generic ballot only,0.35,0.0,0.0,1,,1545,2.1724126293822725,6.4963945027096885,4.901450929999996,8.651415286376146,0.9411003236245955,0.04828692958994307,0.16899420470910706,756,757,777.3189975664061,1,21.318997566406097,2.1724126293822725,21.318997566406097,87.0,78.0,57.0,60.0,88.0,58.0,69.5,0.5283816425120773,0.0,0.5283816425120773
raw_presidential_margin__generic_only__gb_0.45,raw_presidential_margin,Raw presidential margin,generic_only,Generic ballot only,0.45,0.0,0.0,1,,1545,2.5195647329421433,6.4949712030449644,5.000502519999998,8.649625344196453,0.941747572815534,0.047836623573098265,0.1683245896946989,756,758,783.245725351469,2,27.24572535146899,2.5195647329421433,27.24572535146899,86.0,77.0,50.0,55.0,95.0,70.0,63.0,0.532608695652174,0.0,0.532608695652174
raw_presidential_margin__generic_only__gb_0.55,raw_presidential_margin,Raw presidential margin,generic_only,Generic ballot only,0.55,0.0,0.0,1,,1545,2.866716836502014,6.529626968443022,5.004007039999998,8.678066701235919,0.9436893203883495,0.04757092228084156,0.16809904828993075,756,765,789.2497105051854,9,33.24971050518536,2.866716836502014,33.24971050518536,95.0,83.0,44.0,50.0,101.0,82.0,41.5,0.5392512077294687,0.0,0.5392512077294687
raw_presidential_margin__generic_only__gb_0.25,raw_presidential_margin,Raw presidential margin,generic_only,Generic ballot only,0.25,0.0,0.0,1,,1545,1.8252605258224024,6.529007942608718,4.913995929999999,8.683417832756376,0.9411003236245955,0.04891409985069035,0.17010249028785426,756,753,771.4690307967408,-3,15.469030796740753,1.8252605258224024,15.469030796740753,94.0,84.0,82.0,69.0,76.0,42.0,69.5,0.5404589371980676,0.0,0.5404589371980676
normalized_partisan_baseline__generic_plus_approval__gb_0.25,normalized_partisan_baseline,Normalized partisan baseline,generic_plus_approval,Generic ballot + approval,0.25,0.5,0.0,2,,1545,-1.0015355905553005,6.137337710236517,4.545299593500001,8.235477381470176,0.9320388349514563,0.04942142900920681,0.1694331038491842,756,713,724.777880249501,-43,-31.22211975049902,1.0015355905553005,31.22211975049902,40.0,44.0,96.0,63.0,36.0,81.0,113.0,0.49516908212560384,0.05,0.5451690821256039
raw_presidential_margin__generic_only__gb_0.60,raw_presidential_margin,Raw presidential margin,generic_only,Generic ballot only,0.6,0.0,0.0,1,,1545,3.040292888281949,6.560409017474737,5.0122847900000025,8.703543807617013,0.9449838187702265,0.04750959033140151,0.16815449891338222,756,767,792.2806768118878,11,36.280676811887815,3.040292888281949,36.280676811887815,99.0,91.0,42.0,52.0,104.0,88.0,32.5,0.5513285024154589,0.0,0.5513285024154589
normalized_partisan_baseline__generic_only__gb_0.25,normalized_partisan_baseline,Normalized partisan baseline,generic_only,Generic ballot only,0.25,0.0,0.0,1,,1545,-1.307684457996368,6.228373357754867,4.770406770000001,8.314441651255295,0.9300970873786408,0.04937289464123747,0.16928131995866835,756,708,719.2412970239689,-48,-36.758702976031145,1.307684457996368,36.758702976031145,48.0,51.0,95.0,62.0,51.0,91.0,125.0,0.5567632850241545,0.0,0.5567632850241545
raw_presidential_margin__generic_only__gb_0.65,raw_presidential_margin,Raw presidential margin,generic_only,Generic ballot only,0.65,0.0,0.0,1,,1545,3.2138689400618845,6.600551260831981,5.124007040000002,8.736444109919383,0.946925566343042,0.04749708812314321,0.1683229987073568,756,772,795.330883796282,16,39.33088379628202,3.2138689400618845,39.33088379628202,105.0,97.0,41.0,54.0,107.0,94.0,20.0,0.5603864734299516,0.0,0.5603864734299516
raw_presidential_margin__generic_only__gb_0.20,raw_presidential_margin,Raw presidential margin,generic_only,Generic ballot only,0.2,0.0,0.0,1,,1545,1.651684474042467,6.560020206426194,4.88107485,8.710657051027637,0.9391585760517799,0.04929149185691745,0.17081945957748085,756,748,768.572539548551,-8,12.572539548551049,1.651684474042467,12.572539548551049,98.0,93.0,92.0,82.0,68.0,33.0,86.5,0.5682367149758455,0.0,0.5682367149758455
normalized_partisan_baseline__generic_plus_approval_plus_midterm__gb_0.25,normalized_partisan_baseline,Normalized partisan baseline,generic_plus_approval_plus_midterm,Generic ballot + approval + midterm,0.25,0.5,0.5,3,,1545,-1.0038009627235853,6.088283066380854,4.425239756499998,8.178062891271093,0.9320388349514563,0.049237391532052914,0.16894741948492592,756,713,724.8386360022262,-43,-31.161363997773833,1.0038009627235853,31.161363997773833,35.0,37.0,90.0,59.0,37.0,80.0,113.0,0.47342995169082125,0.1,0.5734299516908212
normalized_partisan_baseline__generic_plus_approval__gb_0.20,normalized_partisan_baseline,Normalized partisan baseline,generic_plus_approval,Generic ballot + approval,0.2,0.5,0.0,2,,1545,-1.1751116423352357,6.200275143694834,4.64714200649999,8.295372192624813,0.9320388349514563,0.04994998001195317,0.1705715342257866,756,713,721.9742216315856,-43,-34.02577836841442,1.1751116423352357,34.02577836841442,46.0,50.0,108.0,76.0,43.0,87.0,113.0,0.5398550724637681,0.05,0.5898550724637681
raw_presidential_margin__generic_only__gb_0.15,raw_presidential_margin,Raw presidential margin,generic_only,Generic ballot only,0.15,0.0,0.0,1,,1545,1.4781084222625316,6.599328333936874,4.941514676,8.745301309710909,0.9352750809061489,0.04971004670936028,0.17164409611671444,756,742,765.6948304229711,-14,9.694830422971108,1.4781084222625316,9.694830422971108,104.0,101.0,102.0,94.0,59.0,24.0,102.5,0.5948067632850241,0.0,0.5948067632850241
raw_presidential_margin__generic_only__gb_0.70,raw_presidential_margin,Raw presidential margin,generic_only,Generic ballot only,0.7,0.0,0.0,1,,1545,3.3874449918418192,6.647746325036511,5.235126209999997,8.776684128701994,0.9462783171521035,0.04753422602693372,0.16860522039800385,756,775,798.4002241481753,19,42.40022414817531,3.3874449918418192,42.40022414817531,110.0,104.0,43.0,58.0,110.0,103.0,24.5,0.5972222222222222,0.0,0.5972222222222222
normalized_partisan_baseline__generic_only__gb_0.20,normalized_partisan_baseline,Normalized partisan baseline,generic_only,Generic ballot only,0.2,0.0,0.0,1,,1545,-1.4812605097763036,6.3002534693238,4.856615090000002,8.383433687457106,0.9300970873786408,0.049949530061643224,0.1705541806894361,756,708,716.4599861934439,-48,-39.54001380655609,1.4812605097763036,39.54001380655609,54.0,57.0,107.0,75.0,60.0,96.0,125.0,0.6026570048309179,0.0,0.6026570048309179
raw_presidential_margin__generic_only__gb_0.10,raw_presidential_margin,Raw presidential margin,generic_only,Generic ballot only,0.1,0.0,0.0,1,,1545,1.3045323704825964,6.646070121512278,5.03576784,8.787263024928357,0.9320388349514563,0.05016871910004453,0.17257574472492235,756,737,762.8357125845182,-19,6.835712584518205,1.3045323704825964,6.835712584518205,109.0,107.0,110.0,104.0,50.0,15.0,113.0,0.6086956521739131,0.0,0.6086956521739131
raw_presidential_margin__generic_only__gb_0.05,raw_presidential_margin,Raw presidential margin,generic_only,Generic ballot only,0.05,0.0,0.0,1,,1545,1.130956318702661,6.699787519758233,5.0821817056,8.836437951773474,0.9307443365695793,0.050666456588213594,0.173613757340927,756,737,759.9949726762923,-19,3.9949726762922637,1.130956318702661,3.9949726762922637,113.0,111.0,119.0,113.0,41.0,9.0,121.5,0.6213768115942029,0.0,0.6213768115942029
raw_presidential_margin__generic_only__gb_0.75,raw_presidential_margin,Raw presidential margin,generic_only,Generic ballot only,0.75,0.0,0.0,1,,1545,3.5610210436217553,6.704178621668227,5.339487479999999,8.824163452639677,0.9462783171521035,0.047621766945237565,0.16900183215533376,756,775,801.488547785801,19,45.48854778580096,3.5610210436217553,45.48854778580096,114.0,109.0,45.0,61.0,113.0,109.0,24.5,0.6213768115942029,0.0,0.6213768115942029
normalized_partisan_baseline__generic_plus_approval_plus_midterm__gb_0.20,normalized_partisan_baseline,Normalized partisan baseline,generic_plus_approval_plus_midterm,Generic ballot + approval + midterm,0.2,0.5,0.5,3,,1545,-1.1773770145035207,6.145827962689009,4.559508416500002,8.231794830185866,0.9313915857605178,0.04973337904631059,0.16999660206758474,756,712,722.0208557397322,-44,-33.979144260267844,1.1773770145035207,33.979144260267844,41.0,43.0,103.0,66.0,44.0,86.0,118.0,0.5253623188405797,0.1,0.6253623188405797
raw_presidential_margin__generic_plus_approval_plus_midterm__gb_0.45,raw_presidential_margin,Raw presidential margin,generic_plus_approval_plus_midterm,Generic ballot + approval + midterm,0.45,0.5,0.5,3,,1545,2.823448228214926,6.388935213033346,4.7899903974999996,8.637634939032313,0.943042071197411,0.04850866371481658,0.17004324766473525,756,770,789.5720568212299,14,33.57205682122992,2.823448228214926,33.57205682122992,66.0,74.0,65.0,67.0,99.0,84.0,47.5,0.5259661835748792,0.1,0.6259661835748792
raw_presidential_margin__generic_only__gb_0.00,raw_presidential_margin,Raw presidential margin,generic_only,Generic ballot only,0.0,0.0,0.0,1,,1545,0.9573802669227256,6.759458763993831,5.202430679999999,8.892706428103875,0.9307443365695793,0.051202202785789366,0.17475749378035227,756,737,757.1723769128685,-19,1.172376912868458,0.9573802669227256,1.172376912868458,117.0,116.0,127.0,122.0,34.0,4.0,121.5,0.6274154589371981,0.0,0.6274154589371981
raw_presidential_margin__generic_plus_approval_plus_midterm__gb_0.40,raw_presidential_margin,Raw presidential margin,generic_plus_approval_plus_midterm,Generic ballot + approval + midterm,0.4,0.5,0.5,3,,1545,2.6498721764349917,6.365697075916194,4.6656212365,8.619075382933726,0.940453074433657,0.04861207574674442,0.1700855539186816,756,766,786.5603581584227,10,30.560358158422673,2.6498721764349917,30.560358158422673,62.0,71.0,70.0,68.0,96.0,78.0,75.0,0.5458937198067633,0.1,0.6458937198067632
raw_presidential_margin__generic_plus_approval_plus_midterm__gb_0.30,raw_presidential_margin,Raw presidential margin,generic_plus_approval_plus_midterm,Generic ballot + approval + midterm,0.3,0.5,0.5,3,,1545,2.3027200728751205,6.347671324910885,4.7194164265000005,8.604693480536216,0.9385113268608414,0.04895877768174674,0.17050440775493808,756,763,780.5943992379547,7,24.59439923795469,2.3027200728751205,24.59439923795469,58.0,67.0,85.0,74.0,90.0,66.0,89.0,0.5495169082125604,0.1,0.6495169082125604
normalized_partisan_baseline__generic_only__gb_0.15,normalized_partisan_baseline,Normalized partisan baseline,generic_only,Generic ballot only,0.15,0.0,0.0,1,,1545,-1.654836561556239,6.3810233148383615,4.99025226,8.459605696867925,0.9300970873786408,0.050561090853589445,0.17193091096647375,756,708,713.6959652185891,-48,-42.304034781410905,1.654836561556239,42.304034781410905,65.0,62.0,117.0,98.0,69.0,100.0,125.0,0.6497584541062802,0.0,0.6497584541062802
normalized_partisan_baseline__generic_plus_approval__gb_0.15,normalized_partisan_baseline,Normalized partisan baseline,generic_plus_approval,Generic ballot + approval,0.15,0.5,0.0,2,,1545,-1.3486876941151713,6.271885530343184,4.747695346500002,8.362670605869097,0.9294498381877022,0.050514620172962946,0.17181455929652287,756,709,719.1880845801627,-47,-36.811915419837305,1.3486876941151713,36.811915419837305,52.0,56.0,116.0,96.0,52.0,93.0,128.5,0.6008454106280193,0.05,0.6508454106280194
raw_presidential_margin__generic_plus_approval_plus_midterm__gb_0.35,raw_presidential_margin,Raw presidential margin,generic_plus_approval_plus_midterm,Generic ballot + approval + midterm,0.35,0.5,0.5,3,,1545,2.476296124655056,6.3528005175758056,4.6838107135000016,8.608085228901047,0.9391585760517799,0.04876242125685,0.17023949795299628,756,764,783.5678089206718,8,27.567808920671837,2.476296124655056,27.567808920671837,60.0,69.0,76.0,72.0,93.0,72.0,86.5,0.5513285024154589,0.1,0.6513285024154589
raw_presidential_margin__generic_only__gb_0.80,raw_presidential_margin,Raw presidential margin,generic_only,Generic ballot only,0.8,0.0,0.0,1,,1545,3.73459709540169,6.7680550960669335,5.439891906,8.878765945638047,0.945631067961165,0.04776042179622453,0.16951349605697555,756,776,804.595660381141,20,48.59566038114099,3.73459709540169,48.59566038114099,118.0,115.0,49.0,65.0,116.0,113.0,28.5,0.6515700483091788,0.0,0.6515700483091788
raw_presidential_margin__generic_plus_approval_plus_midterm__gb_0.25,raw_presidential_margin,Raw presidential margin,generic_plus_approval_plus_midterm,Generic ballot + approval + midterm,0.25,0.5,0.5,3,,1545,2.1291440210951853,6.3527996391659025,4.717878523499998,8.608909118730919,0.9365695792880259,0.04920019285912653,0.1708796121798058,756,758,777.6400841166787,2,21.640084116678736,2.1291440210951853,21.640084116678736,59.0,70.0,89.0,83.0,86.0,60.0,94.5,0.553743961352657,0.1,0.653743961352657
raw_presidential_margin__generic_plus_approval_plus_midterm__gb_0.50,raw_presidential_margin,Raw presidential margin,generic_plus_approval_plus_midterm,Generic ballot + approval + midterm,0.5,0.5,0.5,3,,1545,2.997024279994861,6.421749674686744,4.837894083350001,8.663715251433254,0.9423948220064725,0.04845307385949946,0.17011325079222633,756,769,792.6028776970294,13,36.602877697029385,2.997024279994861,36.602877697029385,71.0,81.0,61.0,70.0,102.0,90.0,55.0,0.5555555555555556,0.1,0.6555555555555556
raw_presidential_margin__generic_plus_approval__gb_0.45,raw_presidential_margin,Raw presidential margin,generic_plus_approval,Generic ballot + approval,0.45,0.5,0.0,2,,1545,2.8257136003832106,6.46117561136409,4.797181823499997,8.703657254507544,0.940453074433657,0.04874225895080918,0.1706297243605639,756,768,789.3704687381543,12,33.37046873815427,2.8257136003832106,33.37046873815427,78.0,92.0,74.0,79.0,100.0,83.0,75.0,0.606280193236715,0.05,0.656280193236715
raw_presidential_margin__generic_plus_approval__gb_0.35,raw_presidential_margin,Raw presidential margin,generic_plus_approval,Generic ballot + approval,0.35,0.5,0.0,2,,1545,2.478561496823341,6.441421471559624,4.776076248500001,8.686817648225833,0.9365695792880259,0.04907550173504651,0.17101433640119243,756,762,783.3960964049721,6,27.396096404972127,2.478561496823341,27.396096404972127,72.0,85.0,86.0,87.0,94.0,71.0,94.5,0.6068840579710145,0.05,0.6568840579710146
raw_presidential_margin__generic_plus_approval__gb_0.30,raw_presidential_margin,Raw presidential margin,generic_plus_approval,Generic ballot + approval,0.3,0.5,0.0,2,,1545,2.3049854450434055,6.443585716081113,4.796205413499997,8.689694935972298,0.9365695792880259,0.049310529438808974,0.17137262515870272,756,760,780.4377026178418,4,24.43770261784175,2.3049854450434055,24.43770261784175,74.0,86.0,93.0,91.0,91.0,65.0,94.5,0.6080917874396136,0.05,0.6580917874396136
raw_presidential_margin__generic_plus_approval__gb_0.25,raw_presidential_margin,Raw presidential margin,generic_plus_approval,Generic ballot + approval,0.25,0.5,0.0,2,,1545,2.1314093932634703,6.455738590144543,4.8047551235000014,8.700100174229329,0.9365695792880259,0.04958986806075766,0.17184067263081,756,758,777.4984166547783,2,21.49841665477834,2.1314093932634703,21.49841665477834,76.0,89.0,99.0,97.0,87.0,59.0,94.5,0.6092995169082125,0.05,0.6592995169082125
raw_presidential_margin__generic_plus_approval__gb_0.40,raw_presidential_margin,Raw presidential margin,generic_plus_approval,Generic ballot + approval,0.4,0.5,0.0,2,,1545,2.652137548603276,6.447555908678006,4.802136223500002,8.691475787311433,0.9385113268608414,0.04888576146074286,0.17076647820542198,756,765,786.3736717237248,9,30.373671723724783,2.652137548603276,30.373671723724783,75.0,87.0,80.0,81.0,97.0,77.0,89.0,0.6099033816425121,0.05,0.6599033816425122
raw_presidential_margin__generic_plus_approval__gb_0.50,raw_presidential_margin,Raw presidential margin,generic_plus_approval,Generic ballot + approval,0.5,0.5,0.0,2,,1545,2.9992896521631467,6.485595702810886,4.8345251335000015,8.723330532605681,0.9411003236245955,0.048645914177758286,0.1706047493739671,756,769,792.3864920159282,13,36.386492015928184,2.9992896521631467,36.386492015928184,84.0,95.0,71.0,78.0,103.0,89.0,69.5,0.6177536231884058,0.05,0.6677536231884058
raw_presidential_margin__generic_plus_approval__gb_0.55,raw_presidential_margin,Raw presidential margin,generic_plus_approval,Generic ballot + approval,0.55,0.5,0.0,2,,1545,3.172865703943082,6.519677580579755,4.943810713500003,8.750445091129198,0.943042071197411,0.048597612448942624,0.1706922271762486,756,774,795.4217085551562,18,39.421708555156215,3.172865703943082,39.421708555156215,93.0,102.0,68.0,80.0,106.0,95.0,47.5,0.6177536231884058,0.05,0.6677536231884058
raw_presidential_margin__generic_plus_approval_plus_midterm__gb_0.20,raw_presidential_margin,Raw presidential margin,generic_plus_approval_plus_midterm,Generic ballot + approval + midterm,0.2,0.5,0.5,3,,1545,1.95556796931525,6.3675121412594935,4.682336033500004,8.620720983176644,0.9352750809061489,0.04948568917657159,0.17136444216018926,756,756,774.7047854759184,0,18.704785475918356,1.95556796931525,18.704785475918356,64.0,72.0,98.0,90.0,82.0,52.0,102.5,0.5682367149758455,0.1,0.6682367149758455
raw_presidential_margin__generic_plus_approval_plus_midterm__gb_0.10,raw_presidential_margin,Raw presidential margin,generic_plus_approval_plus_midterm,Generic ballot + approval + midterm,0.1,0.5,0.5,3,,1545,1.6084158657553793,6.421179668508103,4.7017394535,8.666989187952934,0.9326860841423948,0.050184911457171265,0.1726603196482576,756,748,768.8907724523373,-8,12.890772452337274,1.6084158657553793,12.890772452337274,70.0,82.0,111.0,105.0,65.0,35.0,108.0,0.5688405797101449,0.1,0.6688405797101449
raw_presidential_margin__generic_plus_approval_plus_midterm__gb_0.15,raw_presidential_margin,Raw presidential margin,generic_plus_approval_plus_midterm,Generic ballot + approval + midterm,0.15,0.5,0.5,3,,1545,1.7819919175353147,6.3901234190868745,4.635352073500002,8.640097919562235,0.9320388349514563,0.04981426758434373,0.17195823184236642,756,751,771.7883942381112,-5,15.78839423811121,1.7819919175353147,15.78839423811121,67.0,75.0,104.0,99.0,74.0,44.0,113.0,0.5760869565217391,0.1,0.6760869565217391
raw_presidential_margin__generic_only__gb_0.85,raw_presidential_margin,Raw presidential margin,generic_only,Generic ballot only,0.85,0.0,0.0,1,,1545,3.9081731471816252,6.837162096747192,5.481721598,8.9403610962069,0.9449838187702265,0.047950845025791146,0.17014086650336774,756,779,807.7213220846477,23,51.72132208464768,3.9081731471816252,51.72132208464768,121.0,119.0,52.0,71.0,119.0,117.0,32.5,0.6769323671497585,0.0,0.6769323671497585
raw_presidential_margin__generic_plus_approval_plus_midterm__gb_0.05,raw_presidential_margin,Raw presidential margin,generic_plus_approval_plus_midterm,Generic ballot + approval + midterm,0.05,0.5,0.5,3,,1545,1.4348398139754446,6.461275779731923,4.6902944366499995,8.701325119956747,0.9326860841423948,0.050596590293690506,0.17347004926209778,756,746,766.0117554300126,-10,10.011755430012613,1.4348398139754446,10.011755430012613,79.0,90.0,118.0,112.0,56.0,27.0,108.0,0.5772946859903382,0.1,0.6772946859903382
raw_presidential_margin__generic_plus_approval__gb_0.20,raw_presidential_margin,Raw presidential margin,generic_plus_approval,Generic ballot + approval,0.2,0.5,0.0,2,,1545,1.957833341483535,6.475816221792828,4.713019706649998,8.718006408440845,0.9346278317152104,0.04991251896337653,0.17241781006276055,756,755,774.5781333735614,-1,18.5781333735614,1.957833341483535,18.5781333735614,82.0,94.0,106.0,103.0,83.0,51.0,104.0,0.6280193236714976,0.05,0.6780193236714976
raw_presidential_margin__generic_plus_approval_plus_midterm__gb_0.55,raw_presidential_margin,Raw presidential margin,generic_plus_approval_plus_midterm,Generic ballot + approval + midterm,0.55,0.5,0.5,3,,1545,3.1706003317747973,6.463237851421824,4.848231863349994,8.697248663253824,0.943042071197411,0.048446156653741544,0.17029623314361783,756,772,795.6527546351267,16,39.65275463512671,3.1706003317747973,39.65275463512671,80.0,88.0,60.0,73.0,105.0,99.0,47.5,0.5791062801932367,0.1,0.6791062801932367
normalized_partisan_baseline__generic_plus_approval_plus_midterm__gb_0.15,normalized_partisan_baseline,Normalized partisan baseline,generic_plus_approval_plus_midterm,Generic ballot + approval + midterm,0.15,0.5,0.5,3,,1545,-1.3509530662834561,6.211943660125061,4.6378429265000065,8.293077072690936,0.9294498381877022,0.050266283676914804,0.17115089328460206,756,709,719.2207549182003,-47,-36.77924508179967,1.3509530662834561,36.77924508179967,47.0,49.0,113.0,88.0,53.0,92.0,128.5,0.5827294685990339,0.1,0.6827294685990338
raw_presidential_margin__generic_plus_approval__gb_0.15,raw_presidential_margin,Raw presidential margin,generic_plus_approval,Generic ballot + approval,0.15,0.5,0.0,2,,1545,1.7842572897035995,6.505312879315351,4.775556496500002,8.743367553078956,0.9326860841423948,0.05027746528180635,0.17310337286743913,756,750,771.6767183397135,-6,15.676718339713489,1.7842572897035995,15.676718339713489,88.0,100.0,114.0,109.0,75.0,43.0,108.0,0.6376811594202898,0.05,0.6876811594202898
raw_presidential_margin__generic_plus_approval__gb_0.60,raw_presidential_margin,Raw presidential margin,generic_plus_approval,Generic ballot + approval,0.6,0.5,0.0,2,,1545,3.3464417557230175,6.562889687730045,4.9895486765,8.784932028153174,0.9436893203883495,0.04859820001025574,0.1708928297586288,756,775,798.4760459157135,19,42.476045915713485,3.3464417557230175,42.476045915713485,101.0,105.0,69.0,85.0,109.0,104.0,41.5,0.6394927536231884,0.05,0.6894927536231884
raw_presidential_margin__generic_plus_approval__gb_0.10,raw_presidential_margin,Raw presidential margin,generic_plus_approval,Generic ballot + approval,0.1,0.5,0.0,2,,1545,1.6106812379236641,6.544523930203896,4.7931766335000034,8.776118978995214,0.9320388349514563,0.05068367565993117,0.17389670162465715,756,745,768.7940099818516,-11,12.79400998185156,1.6106812379236641,12.79400998185156,97.0,103.0,120.0,118.0,66.0,34.0,113.0,0.643719806763285,0.05,0.693719806763285
raw_presidential_margin__generic_only__gb_0.90,raw_presidential_margin,Raw presidential margin,generic_only,Generic ballot only,0.9,0.0,0.0,1,,1545,4.08174919896156,6.915364846685056,5.553008503000001,9.008805474553528,0.9449838187702265,0.048193630187941004,0.1708845885918719,756,781,810.8652464730251,25,54.86524647302508,4.08174919896156,54.86524647302508,124.0,122.0,56.0,84.0,122.0,120.0,32.5,0.696256038647343,0.0,0.696256038647343
normalized_partisan_baseline__generic_plus_approval__gb_0.10,normalized_partisan_baseline,Normalized partisan baseline,generic_plus_approval,Generic ballot + approval,0.1,0.5,0.0,2,,1545,-1.5222637458951065,6.35366389779464,4.8728500666500025,8.437195460873763,0.9288025889967637,0.051114300680953094,0.17316156688604312,756,708,716.4191892113165,-48,-39.58081078868349,1.5222637458951065,39.58081078868349,61.0,60.0,125.0,110.0,61.0,98.0,132.0,0.6485507246376812,0.05,0.6985507246376812
raw_presidential_margin__generic_plus_approval__gb_0.05,raw_presidential_margin,Raw presidential margin,generic_plus_approval,Generic ballot + approval,0.05,0.5,0.0,2,,1545,1.4371051861437294,6.590761636535158,4.923914513499998,8.816178323590893,0.9307443365695793,0.05113010781549276,0.17479714300432697,756,743,765.9298217413659,-13,9.929821741365913,1.4371051861437294,9.929821741365913,103.0,108.0,126.0,124.0,57.0,25.0,121.5,0.6527777777777778,0.05,0.7027777777777778
raw_presidential_margin__generic_plus_approval_plus_midterm__gb_0.00,raw_presidential_margin,Raw presidential margin,generic_plus_approval_plus_midterm,Generic ballot + approval + midterm,0.0,0.5,0.5,3,,1545,1.2612637621955087,6.50932014087341,4.812300726499998,8.743018005066407,0.9307443365695793,0.05104826324557518,0.1743867705416724,756,743,763.1511538748193,-13,7.151153874819329,1.2612637621955087,7.151153874819329,91.0,99.0,124.0,119.0,47.0,18.0,121.5,0.6044685990338164,0.1,0.7044685990338164
raw_presidential_margin__generic_only__gb_0.95,raw_presidential_margin,Raw presidential margin,generic_only,Generic ballot only,0.95,0.0,0.0,1,,1545,4.255325250741496,6.998601354927127,5.575929480000003,9.083944262309693,0.946925566343042,0.04848930563651293,0.1717452964581022,756,788,814.0270997419552,32,58.027099741955226,4.255325250741496,58.027099741955226,127.0,125.0,64.0,95.0,125.0,123.0,20.0,0.7053140096618357,0.0,0.7053140096618357
raw_presidential_margin__generic_plus_approval__gb_0.00,raw_presidential_margin,Raw presidential margin,generic_plus_approval,Generic ballot + approval,0.0,0.5,0.0,2,,1545,1.2635291343637935,6.643217647342019,4.982208326650003,8.863446500535538,0.9275080906148867,0.05161571192918095,0.17580405061399293,756,738,763.0839442000449,-18,7.083944200044925,1.2635291343637935,7.083944200044925,108.0,113.0,132.0,129.0,48.0,17.0,134.5,0.6672705314009661,0.05,0.7172705314009662
normalized_partisan_baseline__generic_only__gb_0.10,normalized_partisan_baseline,Normalized partisan baseline,generic_only,Generic ballot only,0.1,0.0,0.0,1,,1545,-1.828412613336174,6.468424369186582,5.114641580000001,8.542765619844529,0.9255663430420712,0.051206533038155116,0.17341090751343113,756,701,710.9489384419232,-55,-45.05106155807675,1.828412613336174,45.05106155807675,81.0,66.0,129.0,111.0,77.0,106.0,136.0,0.7185990338164252,0.0,0.7185990338164252
raw_presidential_margin__generic_plus_approval_plus_midterm__gb_0.60,raw_presidential_margin,Raw presidential margin,generic_plus_approval_plus_midterm,Generic ballot + approval + midterm,0.6,0.5,0.5,3,,1545,3.3441763835547325,6.514856059199948,4.9504665935,8.73814936915429,0.943042071197411,0.04848871991661612,0.17059286139272162,756,774,798.7215808164476,18,42.72158081644761,3.3441763835547325,42.72158081644761,92.0,98.0,63.0,77.0,108.0,105.0,47.5,0.6201690821256038,0.1,0.7201690821256038
normalized_partisan_baseline__generic_plus_approval_plus_midterm__gb_0.10,normalized_partisan_baseline,Normalized partisan baseline,generic_plus_approval_plus_midterm,Generic ballot + approval + midterm,0.1,0.5,0.5,3,,1545,-1.5245291180633913,6.285300434897554,4.749761993500002,8.361743614554154,0.9294498381877022,0.05083505641386655,0.17240967493876622,756,709,716.4380673478122,-47,-39.56193265218781,1.5245291180633913,39.56193265218781,53.0,55.0,122.0,102.0,62.0,97.0,128.5,0.625,0.1,0.725
raw_presidential_margin__generic_only__gb_1.00,raw_presidential_margin,Raw presidential margin,generic_only,Generic ballot only,1.0,0.0,0.0,1,,1545,4.428901302521431,7.087119068390039,5.70724839,9.16561282063456,0.946925566343042,0.04883833037314861,0.1727236115935033,756,794,817.2065001633777,38,61.206500163377655,4.428901302521431,61.206500163377655,130.0,128.0,79.0,106.0,128.0,127.0,20.0,0.7391304347826086,0.0,0.7391304347826086
raw_presidential_margin__generic_plus_approval__gb_0.65,raw_presidential_margin,Raw presidential margin,generic_plus_approval,Generic ballot + approval,0.65,0.5,0.0,2,,1545,3.5200178075029522,6.614634034557644,5.0648437433500035,8.826704929944338,0.941747572815534,0.0486484795834804,0.1712072257467021,756,778,801.5493904803977,22,45.54939048039773,3.5200178075029522,45.54939048039773,106.0,110.0,72.0,89.0,112.0,110.0,63.0,0.6920289855072463,0.05,0.7420289855072464
normalized_partisan_baseline__generic_plus_approval__gb_0.05,normalized_partisan_baseline,Normalized partisan baseline,generic_plus_approval,Generic ballot + approval,0.05,0.5,0.0,2,,1545,-1.695839797675041,6.441979691493669,5.034532486499998,8.518757101968484,0.9288025889967637,0.05174797927731042,0.1746119548548813,756,706,713.6672425465634,-50,-42.33275745343656,1.695839797675041,42.33275745343656,73.0,64.0,133.0,121.0,70.0,102.0,132.0,0.6932367149758455,0.05,0.7432367149758455
raw_presidential_margin__generic_plus_approval__gb_0.70,raw_presidential_margin,Raw presidential margin,generic_plus_approval,Generic ballot + approval,0.7,0.5,0.0,2,,1545,3.693593859282888,6.673177854161851,5.199868053349999,8.8756609238954,0.943042071197411,0.04874920586835107,0.1716360789157342,756,780,804.6415858713465,24,48.64158587134648,3.693593859282888,48.64158587134648,112.0,114.0,75.0,93.0,115.0,114.0,47.5,0.697463768115942,0.05,0.7474637681159421
raw_presidential_margin__generic_only__gb_1.05,raw_presidential_margin,Raw presidential margin,generic_only,Generic ballot only,1.05,0.0,0.0,1,,1545,4.602477354301366,7.180713622304603,5.817023020000001,9.253638264457926,0.9462783171521035,0.04924109009756545,0.1738201411488543,756,795,820.4030178242051,39,64.40301782420511,4.602477354301366,64.40301782420511,133.0,131.0,91.0,117.0,131.0,130.0,24.5,0.7735507246376812,0.0,0.7735507246376812
normalized_partisan_baseline__generic_plus_approval_plus_midterm__gb_0.05,normalized_partisan_baseline,Normalized partisan baseline,generic_plus_approval_plus_midterm,Generic ballot + approval + midterm,0.05,0.5,0.5,3,,1545,-1.698105169843326,6.367102448435675,4.967142006499991,8.43761417416737,0.9288025889967637,0.05143865266364896,0.17377233839473588,756,706,713.6725121644457,-50,-42.32748783555428,1.698105169843326,42.32748783555428,63.0,61.0,130.0,115.0,71.0,101.0,132.0,0.6739130434782609,0.1,0.7739130434782608
normalized_partisan_baseline__generic_only__gb_0.05,normalized_partisan_baseline,Normalized partisan baseline,generic_only,Generic ballot only,0.05,0.0,0.0,1,,1545,-2.001988665116109,6.561998628202763,5.237635990000005,8.632711512574884,0.9242718446601942,0.05188482187204174,0.17499357763523346,756,701,708.2185992252466,-55,-47.781400774753365,2.001988665116109,47.781400774753365,100.0,73.0,135.0,125.0,85.0,112.0,137.5,0.7759661835748792,0.0,0.7759661835748792
raw_presidential_margin__generic_plus_approval_plus_midterm__gb_0.65,raw_presidential_margin,Raw presidential margin,generic_plus_approval_plus_midterm,Generic ballot + approval + midterm,0.65,0.5,0.5,3,,1545,3.5177524353346667,6.57263956853758,5.014346236500003,8.786314484438877,0.941747572815534,0.048581524347517495,0.17100379757653816,756,776,801.8092071755008,20,45.809207175500774,3.5177524353346667,45.809207175500774,102.0,106.0,67.0,86.0,111.0,111.0,63.0,0.6763285024154589,0.1,0.7763285024154589
raw_presidential_margin__generic_plus_approval_plus_midterm__gb_0.70,raw_presidential_margin,Raw presidential margin,generic_plus_approval_plus_midterm,Generic ballot + approval + midterm,0.7,0.5,0.5,3,,1545,3.691328487114603,6.638811278061915,5.079167406500002,8.841625290403185,0.9436893203883495,0.04872527905697928,0.17152969757485192,756,779,804.9154409985829,23,48.91544099858288,3.691328487114603,48.91544099858288,107.0,112.0,73.0,92.0,114.0,115.0,41.5,0.6793478260869565,0.1,0.7793478260869565
raw_presidential_margin__generic_plus_approval__gb_0.75,raw_presidential_margin,Raw presidential margin,generic_plus_approval,Generic ballot + approval,0.75,0.5,0.0,2,,1545,3.8671699110628226,6.738641806191172,5.2957450035,8.931681895715476,0.9423948220064725,0.048901081044056535,0.17218004665347206,756,783,807.7524315467277,27,51.752431546727735,3.8671699110628226,51.752431546727735,116.0,118.0,81.0,101.0,118.0,118.0,55.0,0.7318840579710145,0.05,0.7818840579710146
normalized_partisan_baseline__generic_plus_approval__gb_0.00,normalized_partisan_baseline,Normalized partisan baseline,generic_plus_approval,Generic ballot + approval,0.0,0.5,0.0,2,,1545,-1.8694158494549769,6.534886767453152,5.188186743349995,8.60715548914483,0.9275080906148867,0.05241462261853594,0.17616513153312888,756,702,710.9319403052544,-54,-45.06805969474556,1.8694158494549769,45.06805969474556,96.0,68.0,137.0,131.0,78.0,107.0,134.5,0.7493961352657005,0.05,0.7993961352657005
raw_presidential_margin__generic_plus_approval__gb_0.80,raw_presidential_margin,Raw presidential margin,generic_plus_approval,Generic ballot + approval,0.8,0.5,0.0,2,,1545,4.040745962842758,6.813245168215443,5.3259381385,8.994635838718947,0.9423948220064725,0.0491047503082248,0.1728397783773232,756,785,810.88168160179,29,54.88168160178998,4.040745962842758,54.88168160178998,120.0,121.0,87.0,107.0,121.0,121.0,55.0,0.7548309178743962,0.05,0.8048309178743962
raw_presidential_margin__generic_plus_approval_plus_midterm__gb_0.75,raw_presidential_margin,Raw presidential margin,generic_plus_approval_plus_midterm,Generic ballot + approval + midterm,0.75,0.5,0.5,3,,1545,3.8649045388945376,6.711468592143922,5.2312411705,8.90394862221036,0.944336569579288,0.04892063713140251,0.17217120954430878,756,784,808.0400447218635,28,52.040044721863524,3.8649045388945376,52.040044721863524,115.0,117.0,83.0,100.0,117.0,119.0,36.5,0.7095410628019324,0.1,0.8095410628019324
raw_presidential_margin__generic_plus_approval__gb_0.85,raw_presidential_margin,Raw presidential margin,generic_plus_approval,Generic ballot + approval,0.85,0.5,0.0,2,,1545,4.2143220146226925,6.893355059010006,5.411354376500004,9.064378301390056,0.9436893203883495,0.04936079749429078,0.17361591391358802,756,789,814.0290437969139,33,58.029043796913925,4.2143220146226925,58.029043796913925,123.0,124.0,94.0,114.0,124.0,124.0,41.5,0.7614734299516908,0.05,0.8114734299516908
raw_presidential_margin__generic_only__gb_1.10,raw_presidential_margin,Raw presidential margin,generic_only,Generic ballot only,1.1,0.0,0.0,1,,1545,4.776053406081302,7.279521376056058,5.951993715,9.34784101360988,0.944336569579288,0.0496978935065717,0.175035476233919,756,798,823.6161746602186,42,67.61617466021858,4.776053406081302,67.61617466021858,136.0,134.0,101.0,126.0,134.0,133.0,36.5,0.8146135265700484,0.0,0.8146135265700484
normalized_partisan_baseline__generic_plus_approval_plus_midterm__gb_0.00,normalized_partisan_baseline,Normalized partisan baseline,generic_plus_approval_plus_midterm,Generic ballot + approval + midterm,0.0,0.5,0.5,3,,1545,-1.8716812216232617,6.457251067692246,5.045339013500001,8.520496309682372,0.9294498381877022,0.052076034745838246,0.175238285069146,756,705,710.9237956775164,-51,-45.07620432248359,1.8716812216232617,45.07620432248359,77.0,65.0,136.0,127.0,79.0,108.0,128.5,0.7167874396135266,0.1,0.8167874396135266
normalized_partisan_baseline__generic_only__gb_0.00,normalized_partisan_baseline,Normalized partisan baseline,generic_only,Generic ballot only,0.0,0.0,0.0,1,,1545,-2.175564716896045,6.662228485807941,5.355793499999997,8.729233609986391,0.9242718446601942,0.052594934032184244,0.17667833957556314,756,697,705.5046316588846,-59,-50.49536834111541,2.175564716896045,50.49536834111541,111.0,96.0,138.0,133.0,89.0,116.0,137.5,0.8303140096618357,0.0,0.8303140096618357
raw_presidential_margin__generic_plus_approval_plus_midterm__gb_0.80,raw_presidential_margin,Raw presidential margin,generic_plus_approval_plus_midterm,Generic ballot + approval + midterm,0.8,0.5,0.5,3,,1545,4.038480590674473,6.791364325868001,5.276354376500006,8.973138363619173,0.944336569579288,0.04916819127179272,0.17292897231451196,756,784,811.1827349515993,28,55.182734951599286,4.038480590674473,55.182734951599286,119.0,120.0,88.0,108.0,120.0,122.0,36.5,0.731280193236715,0.1,0.831280193236715
raw_presidential_margin__generic_plus_approval__gb_0.90,raw_presidential_margin,Raw presidential margin,generic_plus_approval,Generic ballot + approval,0.9,0.5,0.0,2,,1545,4.387898066402629,6.977777702389296,5.504191933500003,9.140753899153081,0.9423948220064725,0.04966974081044303,0.1745090818471943,756,791,817.1941788333726,35,61.194178833372575,4.387898066402629,61.194178833372575,126.0,127.0,100.0,120.0,127.0,126.0,55.0,0.7983091787439613,0.05,0.8483091787439614
raw_presidential_margin__generic_plus_approval_plus_midterm__gb_0.85,raw_presidential_margin,Raw presidential margin,generic_plus_approval_plus_midterm,Generic ballot + approval + midterm,0.85,0.5,0.5,3,,1545,4.2120566424544075,6.875003527784763,5.401061423350001,9.049037012465714,0.9423948220064725,0.04946846954887013,0.17380361375442557,756,787,814.3431817268456,31,58.343181726845614,4.2120566424544075,58.343181726845614,122.0,123.0,97.0,116.0,123.0,125.0,55.0,0.7789855072463768,0.1,0.8789855072463768
raw_presidential_margin__generic_plus_approval__gb_0.95,raw_presidential_margin,Raw presidential margin,generic_plus_approval,Generic ballot + approval,0.95,0.5,0.0,2,,1545,4.561474118182564,7.067300539349036,5.599530076499999,9.223597857326686,0.9398058252427185,0.05003202874498309,0.1755198978510724,756,795,820.3766998951023,39,64.37669989510232,4.561474118182564,64.37669989510232,129.0,130.0,109.0,128.0,130.0,129.0,81.5,0.8556763285024154,0.05,0.9056763285024154
raw_presidential_margin__generic_plus_approval_plus_midterm__gb_0.90,raw_presidential_margin,Raw presidential margin,generic_plus_approval_plus_midterm,Generic ballot + approval + midterm,0.9,0.5,0.5,3,,1545,4.385632694234344,6.9637428236579035,5.4877970165,9.13147728179414,0.941747572815534,0.049821931318546585,0.17479574911805235,756,788,817.5210080427144,32,61.52100804271436,4.385632694234344,61.52100804271436,125.0,126.0,105.0,123.0,126.0,128.0,63.0,0.8128019323671498,0.1,0.9128019323671498
raw_presidential_margin__generic_plus_approval__gb_1.00,raw_presidential_margin,Raw presidential margin,generic_plus_approval,Generic ballot + approval,1.0,0.5,0.0,2,,1545,4.735050169962499,7.1610869397983565,5.659234207349999,9.312737554398732,0.9398058252427185,0.05044803618383129,0.17664896300490335,756,799,823.5761724719493,43,67.57617247194935,4.735050169962499,67.57617247194935,132.0,132.0,115.0,132.0,133.0,132.0,81.5,0.876207729468599,0.05,0.9262077294685991
raw_presidential_margin__generic_plus_approval__gb_1.05,raw_presidential_margin,Raw presidential margin,generic_plus_approval,Generic ballot + approval,1.05,0.5,0.0,2,,1545,4.908626221742434,7.261961917723017,5.894008023349997,9.407994037793781,0.9398058252427185,0.050918060786019445,0.17789686211345898,756,803,826.7921144766553,47,70.79211447665534,4.908626221742434,70.79211447665534,134.0,135.0,123.0,135.0,136.0,135.0,81.5,0.8991545893719807,0.05,0.9491545893719807
raw_presidential_margin__generic_plus_approval_plus_midterm__gb_0.95,raw_presidential_margin,Raw presidential margin,generic_plus_approval_plus_midterm,Generic ballot + approval + midterm,0.95,0.5,0.5,3,,1545,4.559208746014279,7.058185804859716,5.5859167435,9.22028370374244,0.9398058252427185,0.050228963342682925,0.17590597937893535,756,793,820.7157896494639,37,64.71578964946389,4.559208746014279,64.71578964946389,128.0,129.0,112.0,130.0,129.0,131.0,81.5,0.8580917874396136,0.1,0.9580917874396135
raw_presidential_margin__generic_plus_approval__gb_1.10,raw_presidential_margin,Raw presidential margin,generic_plus_approval,Generic ballot + approval,1.1,0.5,0.0,2,,1545,5.082202273522371,7.370070552301334,5.9747116333500045,9.509183487968148,0.940453074433657,0.05144231966228639,0.17926416203511897,756,802,830.023996664328,46,74.02399666432802,5.082202273522371,74.02399666432802,137.0,137.0,131.0,137.0,138.0,137.0,75.0,0.9118357487922705,0.05,0.9618357487922705
raw_presidential_margin__generic_plus_approval_plus_midterm__gb_1.00,raw_presidential_margin,Raw presidential margin,generic_plus_approval_plus_midterm,Generic ballot + approval + midterm,1.0,0.5,0.5,3,,1545,4.732784797794214,7.158763769562757,5.6769995364999986,9.315274206468757,0.9398058252427185,0.05068987616019477,0.1771348895635149,756,797,823.927055139608,41,67.927055139608,4.732784797794214,67.927055139608,131.0,133.0,121.0,134.0,132.0,134.0,81.5,0.8846618357487922,0.1,0.9846618357487922
raw_presidential_margin__generic_plus_approval_plus_midterm__gb_1.05,raw_presidential_margin,Raw presidential margin,generic_plus_approval_plus_midterm,Generic ballot + approval + midterm,1.05,0.5,0.5,3,,1545,4.906360849574149,7.267080325027224,5.922008153349999,9.416261638279478,0.9398058252427185,0.051204900752930285,0.1784830470937342,756,801,827.1542863318064,45,71.15428633180636,4.906360849574149,71.15428633180636,135.0,136.0,128.0,136.0,135.0,136.0,81.5,0.907608695652174,0.1,1.007608695652174
raw_presidential_margin__generic_plus_approval_plus_midterm__gb_1.10,raw_presidential_margin,Raw presidential margin,generic_plus_approval_plus_midterm,Generic ballot + approval + midterm,1.1,0.5,0.5,3,,1545,5.079936901354086,7.381531273018745,6.009000063500004,9.52305521741805,0.9365695792880259,0.05177418554928881,0.17995100014952395,756,806,830.3969189566518,50,74.3969189566518,5.079936901354086,74.3969189566518,138.0,138.0,134.0,138.0,137.0,138.0,94.5,0.9414251207729468,0.1,1.0414251207729468
