model_id,alpha,feature,coefficient,absolute_coefficient
0_intercept_only,,<TRAINING_FOLD_MEAN_RESIDUAL>,-2.94223873597903,2.94223873597903
A_elasticity_only,1000.0,<INTERCEPT>,-2.94223873597903,2.94223873597903
A_elasticity_only,1000.0,numeric__district_dna_elasticity_bounded_normalized,-0.08114280244787447,0.08114280244787447
B_competitiveness_only,300.0,<INTERCEPT>,-2.94223873597903,2.94223873597903
B_competitiveness_only,300.0,numeric__selected_regime_competitive_within_10_rate,0.24052985819746403,0.24052985819746403
B_competitiveness_only,300.0,numeric__selected_regime_mean_absolute_margin,-0.20641155429529304,0.20641155429529304
B_competitiveness_only,300.0,numeric__selected_regime_competitive_within_15_rate,0.19242010377272367,0.19242010377272367
B_competitiveness_only,300.0,numeric__selected_regime_competitive_within_5_rate,-0.05195647613687413,0.05195647613687413
C_volatility_only,100.0,<INTERCEPT>,-2.94223873597903,2.94223873597903
C_volatility_only,100.0,numeric__selected_regime_margin_std,0.5244187039687895,0.5244187039687895
C_volatility_only,100.0,numeric__selected_regime_margin_mad,-0.11963480606487499,0.11963480606487499
D_swing_predictability,3.0,<INTERCEPT>,-2.9422387359790285,2.9422387359790285
D_swing_predictability,3.0,numeric__selected_regime_largest_absolute_swing,3.3635316043937453,3.3635316043937453
D_swing_predictability,3.0,numeric__selected_regime_swing_std,-2.6520657168454274,2.6520657168454274
D_swing_predictability,3.0,numeric__selected_regime_mean_absolute_swing,-0.994048285681632,0.994048285681632
D_swing_predictability,3.0,numeric__selected_regime_trend_slope_points_per_election,-0.8532114042980851,0.8532114042980851
D_swing_predictability,3.0,numeric__selected_regime_trend_residual_rmse,0.552362877780119,0.552362877780119
E_party_behavior,10000.0,<INTERCEPT>,-2.94223873597903,2.94223873597903
E_party_behavior,10000.0,numeric__selected_regime_party_switch_count,0.005182635584173024,0.005182635584173024
E_party_behavior,10000.0,numeric__selected_regime_democratic_win_rate,-0.003495820197113788,0.003495820197113788
F_demographics,30.0,<INTERCEPT>,-2.8303872765349567,2.8303872765349567
F_demographics,30.0,categorical__region_Southeast,-1.7838562848177524,1.7838562848177524
F_demographics,30.0,categorical__region_Deep South,-1.4014079501232348,1.4014079501232348
F_demographics,30.0,categorical__region_Southwest,1.2975723587649448,1.2975723587649448
F_demographics,30.0,categorical__region_Pacific,-1.275612171635353,1.275612171635353
F_demographics,30.0,numeric__hispanic_vap_share,-1.194770929721062,1.194770929721062
F_demographics,30.0,categorical__region_Urban South,1.087673237357258,1.087673237357258
F_demographics,30.0,categorical__region_Middle South,-0.7906369443608823,0.7906369443608823
F_demographics,30.0,categorical__region_Midwest,0.7621335865289627,0.7621335865289627
F_demographics,30.0,categorical__region_Northwest,0.7049498353425516,0.7049498353425516
F_demographics,30.0,numeric__native_vap_share,0.6204246114565805,0.6204246114565805
F_demographics,30.0,numeric__pacific_vap_share,0.585795637394703,0.585795637394703
F_demographics,30.0,categorical__district_type_Urban,0.4976999075072638,0.4976999075072638
F_demographics,30.0,numeric__white_vap_share,0.47514227754594407,0.47514227754594407
F_demographics,30.0,categorical__region_Great Plains,0.4395858492192936,0.4395858492192936
F_demographics,30.0,numeric__black_vap_share,-0.4141947205482233,0.4141947205482233
F_demographics,30.0,categorical__district_type_Mixed,0.40120447989061214,0.40120447989061214
F_demographics,30.0,categorical__district_type_Rural,-0.2726392975094722,0.2726392975094722
F_demographics,30.0,categorical__district_type_Suburban,-0.2620577590255124,0.2620577590255124
F_demographics,30.0,categorical__region_Mountain West,0.23574384181968172,0.23574384181968172
F_demographics,30.0,categorical__region_Northeast,0.23014748060509477,0.23014748060509477
F_demographics,30.0,categorical__region_Mid-Atlantic,-0.22242961085736496,0.22242961085736496
F_demographics,30.0,numeric__asian_vap_share,-0.1924485015584223,0.1924485015584223
G_combined_behavior,3.0,<INTERCEPT>,-2.8906838450513326,2.8906838450513326
G_combined_behavior,3.0,numeric__selected_regime_largest_absolute_swing,3.0370755283038564,3.0370755283038564
G_combined_behavior,3.0,categorical__selected_regime_reliability_insufficient_single_cycle,-2.694732165996992,2.694732165996992
G_combined_behavior,3.0,categorical__selected_regime_reliability_no_scorable_history,2.0749323835913605,2.0749323835913605
G_combined_behavior,3.0,numeric__selected_regime_scorable_elections,1.8461845827107042,1.8461845827107042
G_combined_behavior,3.0,numeric__selected_regime_swing_std,-1.3746584802023256,1.3746584802023256
G_combined_behavior,3.0,numeric__selected_regime_trend_residual_rmse,-1.260668280700952,1.260668280700952
G_combined_behavior,3.0,categorical__selected_regime_reliability_medium,-1.2543437461900413,1.2543437461900413
G_combined_behavior,3.0,numeric__selected_regime_competitive_within_10_rate,1.1165049207680353,1.1165049207680353
G_combined_behavior,3.0,categorical__selected_regime_reliability_low,0.890770074498384,0.890770074498384
G_combined_behavior,3.0,numeric__behavior_reliability_score,-0.7986338055711028,0.7986338055711028
G_combined_behavior,3.0,numeric__selected_regime_trend_slope_points_per_election,-0.7069092474043016,0.7069092474043016
G_combined_behavior,3.0,numeric__selected_regime_competitive_within_5_rate,-0.6312511959661669,0.6312511959661669
G_combined_behavior,3.0,numeric__selected_regime_party_switch_count,-0.43593857884466447,0.43593857884466447
G_combined_behavior,3.0,numeric__selected_regime_mean_absolute_swing,-0.35869272478821196,0.35869272478821196
G_combined_behavior,3.0,numeric__selected_regime_margin_mad,-0.3056106546721997,0.3056106546721997
G_combined_behavior,3.0,numeric__selected_regime_mean_absolute_margin,-0.143329750758963,0.143329750758963
G_combined_behavior,3.0,numeric__selected_regime_margin_std,-0.08680545235257874,0.08680545235257874
G_combined_behavior,3.0,numeric__selected_regime_competitive_within_15_rate,0.05453990967496725,0.05453990967496725
G_combined_behavior,3.0,numeric__selected_regime_democratic_win_rate,-0.014666365709940517,0.014666365709940517
H_safe_full_district_dna,30.0,<INTERCEPT>,-2.8607761706586468,2.8607761706586468
H_safe_full_district_dna,30.0,categorical__region_Southeast,-1.4482239223479916,1.4482239223479916
H_safe_full_district_dna,30.0,categorical__region_Pacific,-1.4469292012196364,1.4469292012196364
H_safe_full_district_dna,30.0,numeric__selected_regime_largest_absolute_swing,1.332992800950356,1.332992800950356
H_safe_full_district_dna,30.0,categorical__region_Deep South,-1.2054342756358778,1.2054342756358778
H_safe_full_district_dna,30.0,categorical__region_Urban South,1.1872935420590087,1.1872935420590087
H_safe_full_district_dna,30.0,numeric__hispanic_vap_share,-1.1341476162221178,1.1341476162221178
H_safe_full_district_dna,30.0,categorical__region_Southwest,1.0367779824077912,1.0367779824077912
H_safe_full_district_dna,30.0,categorical__region_Midwest,0.8579178479452269,0.8579178479452269
H_safe_full_district_dna,30.0,numeric__selected_regime_competitive_within_10_rate,0.7476004499463423,0.7476004499463423
H_safe_full_district_dna,30.0,numeric__selected_regime_democratic_win_rate,0.7133787174267215,0.7133787174267215
H_safe_full_district_dna,30.0,categorical__selected_regime_reliability_low,0.7013593366399666,0.7013593366399666
H_safe_full_district_dna,30.0,numeric__selected_regime_swing_std,-0.6869870810111305,0.6869870810111305
H_safe_full_district_dna,30.0,numeric__native_vap_share,0.6814974593671549,0.6814974593671549
H_safe_full_district_dna,30.0,categorical__region_Middle South,-0.6415234482681476,0.6415234482681476
H_safe_full_district_dna,30.0,categorical__region_Northwest,0.6393009314987711,0.6393009314987711
H_safe_full_district_dna,30.0,categorical__region_Great Plains,0.6275601979921533,0.6275601979921533
H_safe_full_district_dna,30.0,categorical__selected_regime_reliability_medium,-0.5474760902135446,0.5474760902135446
H_safe_full_district_dna,30.0,categorical__district_type_Suburban,-0.5089830232319861,0.5089830232319861
H_safe_full_district_dna,30.0,numeric__white_vap_share,0.4956374122243106,0.4956374122243106
H_safe_full_district_dna,30.0,numeric__black_vap_share,-0.49434737905734727,0.49434737905734727
H_safe_full_district_dna,30.0,numeric__selected_regime_trend_residual_rmse,-0.49205205772349625,0.49205205772349625
H_safe_full_district_dna,30.0,categorical__selected_regime_reliability_insufficient_single_cycle,-0.4245385373526361,0.4245385373526361
H_safe_full_district_dna,30.0,numeric__selected_regime_margin_std,0.41130298008615995,0.41130298008615995
H_safe_full_district_dna,30.0,numeric__pacific_vap_share,0.3886235229491535,0.3886235229491535
H_safe_full_district_dna,30.0,numeric__district_dna_elasticity_bounded_normalized,-0.38103961370217215,0.38103961370217215
H_safe_full_district_dna,30.0,numeric__selected_regime_competitive_within_5_rate,-0.3586904211991265,0.3586904211991265
H_safe_full_district_dna,30.0,categorical__region_Mid-Atlantic,-0.32621282624513204,0.32621282624513204
H_safe_full_district_dna,30.0,numeric__selected_regime_mean_absolute_swing,-0.3148580669471124,0.3148580669471124
H_safe_full_district_dna,30.0,categorical__district_type_Mixed,0.312210181194663,0.312210181194663
H_safe_full_district_dna,30.0,numeric__selected_regime_scorable_elections,0.30960465814379334,0.30960465814379334
H_safe_full_district_dna,30.0,categorical__region_Mountain West,0.2803707935848685,0.2803707935848685
H_safe_full_district_dna,30.0,numeric__behavior_reliability_score,-0.24945367240533076,0.24945367240533076
H_safe_full_district_dna,30.0,categorical__district_type_Urban,0.2189694044075695,0.2189694044075695
H_safe_full_district_dna,30.0,numeric__asian_vap_share,-0.19977316604338013,0.19977316604338013
H_safe_full_district_dna,30.0,numeric__selected_regime_party_switch_count,-0.18467161799722412,0.18467161799722412
H_safe_full_district_dna,30.0,numeric__selected_regime_competitive_within_15_rate,0.17542565016949652,0.17542565016949652
H_safe_full_district_dna,30.0,categorical__selected_regime_reliability_no_scorable_history,0.16259123608212303,0.16259123608212303
H_safe_full_district_dna,30.0,numeric__selected_regime_trend_slope_points_per_election,-0.14782201841981538,0.14782201841981538
H_safe_full_district_dna,30.0,categorical__district_type_Rural,0.14606683571935458,0.14606683571935458
H_safe_full_district_dna,30.0,categorical__region_Northeast,-0.10755544060650281,0.10755544060650281
H_safe_full_district_dna,30.0,numeric__selected_regime_mean_absolute_margin,0.08425552256065845,0.08425552256065845
H_safe_full_district_dna,30.0,numeric__selected_regime_margin_mad,-0.03266102662561709,0.03266102662561709
