district_id,dem_candidate,gop_candidate,incumbent_party,dem_war_matched,gop_war_matched,dem_war_name,gop_war_name,dem_name_match_score,gop_name_match_score,dem_war_cycles,gop_war_cycles,dem_war_observations,gop_war_observations,dem_candidate_war,gop_candidate_war,dem_effective_war,gop_effective_war,candidate_war_net_dem,house_candidate_war_shrinkage,house_candidate_war_cap,house_candidate_war_one_sided_multiplier,candidate_war_adjustment_dem_before_match_quality,candidate_war_match_quality_multiplier,candidate_war_adjustment_dem,war_match_status
AL-1,,,R,False,False,,,0.0,0.0,,,0,0,0.0,0.0,0.0,0.0,0.0,0.45,3.0,0.5,0.0,0.0,0.0,Neither matched
AL-2,,,D,False,False,,,0.0,0.0,,,0,0,0.0,0.0,0.0,0.0,0.0,0.45,3.0,0.5,0.0,0.0,0.0,Neither matched
AL-3,"McGinnis, Lee","Rogers, Mike",R,False,True,,Mike Rogers,0.0,1.0,,"2022,2020,2018,2016,2014",0,5,0.0,-0.2783333333333333,0.0,-0.13916666666666666,0.13916666666666666,0.45,3.0,0.5,0.062625,0.5,0.0313125,Only R matched
AL-4,"Pusczek, Amanda","Aderholt, Robert",R,False,True,,Robert Aderholt,0.0,1.0,,"2022,2020,2018",0,3,0.0,-0.44230769230769235,0.0,-0.22115384615384617,0.22115384615384617,0.45,3.0,0.5,0.09951923076923078,0.5,0.04975961538461539,Only R matched
AL-5,"Sneed, Andrew","Strong, Dale",R,False,True,,Dale Strong,0.0,1.0,,2022,0,1,0.0,1.85,0.0,0.925,-0.925,0.45,3.0,0.5,-0.41625,0.5,-0.208125,Only R matched
AL-6,,"Strong, Dale",R,False,True,,Dale Strong,0.0,1.0,,2022,0,1,0.0,1.85,0.0,0.925,-0.925,0.45,3.0,0.5,-0.41625,0.5,-0.208125,Only R matched
AL-7,,,D,False,False,,,0.0,0.0,,,0,0,0.0,0.0,0.0,0.0,0.0,0.45,3.0,0.5,0.0,0.0,0.0,Neither matched
AK-AL,,,R,False,False,,,0.0,0.0,,,0,0,0.0,0.0,0.0,0.0,0.0,0.45,3.0,0.5,0.0,0.0,0.0,Neither matched
AZ-1,"Shah, Amish","Feely, Jay",R,True,False,Amish Shah,,1.0,0.0,2024,,1,0,2.0,0.0,2.0,0.0,2.0,0.45,3.0,0.5,0.9,0.5,0.45,Only D matched
AZ-2,"Nez, Jonathan","Crane, Eli",R,True,True,Jonathan Nez,Eli Crane,1.0,1.0,2024,"2024,2022",1,2,4.25,-2.9303030303030306,4.25,-1.4651515151515153,5.715151515151515,0.45,3.0,0.5,2.571818181818182,1.0,2.571818181818182,Both matched
AZ-3,"Ansari, Yassamin","Glenn, Nicholas",D,True,False,Yassamin Ansari,,1.0,0.0,2024,,1,0,1.45,0.0,0.725,0.0,0.725,0.45,3.0,0.5,0.32625,0.5,0.163125,Only D matched
AZ-4,"Stanton, Greg","Jasser, Zuhdi",D,True,False,Greg Stanton,,1.0,0.0,"2024,2022,2020,2018",,4,0,0.39239130434782615,0.0,0.19619565217391308,0.0,0.19619565217391308,0.45,3.0,0.5,0.08828804347826089,0.5,0.04414402173913044,Only D matched
AZ-5,"Lee, Elizabeth","Lamb, Mike",R,False,False,,,0.0,0.0,,,0,0,0.0,0.0,0.0,0.0,0.0,0.45,3.0,0.5,0.0,0.0,0.0,Neither matched
AZ-6,"Mendoza, JoAnn","Ciscomani, Juan",R,False,True,,Juan Ciscomani,0.0,1.0,,"2024,2022",0,2,0.0,-1.4363636363636365,0.0,-0.7181818181818183,0.7181818181818183,0.45,3.0,0.5,0.32318181818181824,0.5,0.16159090909090912,Only R matched
AZ-7,"Grijalva, Adelita","Butierez, Daniel",D,False,True,,Daniel Butierez,0.0,1.0,,2024,0,1,0.0,-0.3,0.0,-0.3,0.3,0.45,3.0,0.5,0.135,0.5,0.0675,Only R matched
AZ-8,"Greene-Placentia, Bernadette","Hamadeh, Abraham",R,False,True,,Abraham Hamadeh,0.0,1.0,,2024,0,1,0.0,-3.2,0.0,-1.6,1.6,0.45,3.0,0.5,0.7200000000000001,0.5,0.36000000000000004,Only R matched
AZ-9,"Sterbinsky, Danielle","Gosar, Paul",R,False,True,,Paul Gosar,0.0,1.0,,"2024,2020,2018,2016,2014",0,5,0.0,-1.6189189189189188,0.0,-0.8094594594594594,0.8094594594594594,0.45,3.0,0.5,0.3642567567567567,0.5,0.18212837837837836,Only R matched
AR-1,"Yarbrough Green, Terri","Crawford, Rick",R,False,True,,Rick Crawford,0.0,1.0,,"2024,2022,2018,2014",0,4,0.0,0.8756410256410255,0.0,0.43782051282051276,-0.43782051282051276,0.45,3.0,0.5,-0.19701923076923075,0.5,-0.09850961538461538,Only R matched
AR-2,"Jones, Chris","Hill, French",R,False,True,,French Hill,0.0,1.0,,"2024,2022,2020,2018,2016,2014",0,6,0.0,-0.517,0.0,-0.2585,0.2585,0.45,3.0,0.5,0.11632500000000001,0.5,0.058162500000000006,Only R matched
AR-3,"Ryerse, Robb","Womack, Steve",R,False,True,,Steve Womack,0.0,1.0,,"2024,2022,2020,2018",0,4,0.0,0.5076086956521739,0.0,0.25380434782608696,-0.25380434782608696,0.45,3.0,0.5,-0.11421195652173914,0.5,-0.05710597826086957,Only R matched
AR-4,"Russell, James","Westerman, Bruce",R,False,True,,Bruce Westerman,0.0,1.0,,"2024,2022,2020,2018,2014",0,5,0.0,0.75,0.0,0.375,-0.375,0.45,3.0,0.5,-0.16875,0.5,-0.084375,Only R matched
CA-1,"McGuire, Mike","Gallagher, James",VACANT,False,False,,,0.0,0.0,,,0,0,0.0,0.0,0.0,0.0,0.0,0.45,3.0,0.5,0.0,0.0,0.0,Neither matched
CA-2,"Huffman, Jared","Littau, Robin",D,True,False,Jared Huffman,,1.0,0.0,"2024,2022,2020,2018,2016,2014",,6,0,-0.602,0.0,-0.301,0.0,-0.301,0.45,3.0,0.5,-0.13545,0.5,-0.067725,Only D matched
CA-3,"Bera, Ami","Tucker, Robb",D,True,False,Ami Bera,,1.0,0.0,"2024,2022,2020,2018,2016,2014",,6,0,-0.925,0.0,-0.4625,0.0,-0.4625,0.45,3.0,0.5,-0.208125,0.5,-0.1040625,Only D matched
CA-4,"Thompson, Mike",,D,True,False,Mike Thompson,,1.0,0.0,"2024,2022,2020,2016",,4,0,0.16704545454545447,0.0,0.08352272727272723,0.0,0.08352272727272723,0.45,3.0,0.5,0.037585227272727256,0.5,0.018792613636363628,Only D matched
CA-5,"Mesuda, Michael","McClintock, Tom",R,False,True,,Tom McClintock,0.0,1.0,,"2024,2022,2020,2018,2016",0,5,0.0,0.006122448979591819,0.0,0.0030612244897959095,-0.0030612244897959095,0.45,3.0,0.5,-0.0013775510204081594,0.5,-0.0006887755102040797,Only R matched
CA-6,"Pan, Richard","Kiley, Kevin",R,False,True,,Kevin Kiley,0.0,1.0,,"2024,2022",0,2,0.0,0.4787878787878788,0.0,0.2393939393939394,-0.2393939393939394,0.45,3.0,0.5,-0.10772727272727274,0.5,-0.05386363636363637,Only R matched
CA-7,"Matsui, Doris",,D,True,False,Doris Matsui,,1.0,0.0,"2024,2022,2020,2016,2014",,5,0,0.907777777777778,0.0,0.453888888888889,0.0,0.453888888888889,0.45,3.0,0.5,0.20425000000000007,0.5,0.10212500000000004,Only D matched
CA-8,"Garamendi, John","Recile, Rudy",D,True,True,John Garamendi,Rudy Recile,1.0,1.0,"2024,2022,2020,2018,2016,2014","2024,2022",6,2,-0.16999999999999998,-0.2030303030303031,-0.08499999999999999,-0.2030303030303031,0.1180303030303031,0.45,3.0,0.5,0.0531136363636364,1.0,0.0531136363636364,Both matched
CA-9,"Harder, Josh","McBride, John",D,True,False,Josh Harder,,1.0,0.0,"2024,2022,2020,2018",,4,0,1.165217391304348,0.0,0.582608695652174,0.0,0.582608695652174,0.45,3.0,0.5,0.2621739130434783,0.5,0.13108695652173916,Only D matched
CA-10,"DeSaulnier, Mark","Frese, Jeff",D,True,False,Mark DeSaulnier,,1.0,0.0,"2024,2020,2018,2016,2014",,5,0,-1.9945945945945944,0.0,-0.9972972972972972,0.0,-0.9972972972972972,0.45,3.0,0.5,-0.44878378378378375,0.5,-0.22439189189189188,Only D matched
CA-11,"Weiner, Scott",,D,False,False,,,0.0,0.0,,,0,0,0.0,0.0,0.0,0.0,0.0,0.45,3.0,0.5,0.0,0.0,0.0,Neither matched
CA-12,"Simon, Lateefah",,D,False,False,,,0.0,0.0,,,0,0,0.0,0.0,0.0,0.0,0.0,0.45,3.0,0.5,0.0,0.0,0.0,Neither matched
CA-13,"Gray, Adam","Lincoln, Kevin",D,True,True,Adam Gray,Kevin Lincoln,1.0,1.0,"2024,2022",2024,2,1,1.0636363636363637,0.05,0.5318181818181819,0.05,0.48181818181818187,0.45,3.0,0.5,0.21681818181818185,1.0,0.21681818181818185,Both matched
CA-14,"Wahab, Aisha",,VACANT,False,False,,,0.0,0.0,,,0,0,0.0,0.0,0.0,0.0,0.0,0.45,3.0,0.5,0.0,0.0,0.0,Neither matched
CA-15,"Mullin, Kevin","Hoelter, Charles",D,True,False,Kevin Mullin,,1.0,0.0,2024,,1,0,-3.0,0.0,-1.5,0.0,-1.5,0.45,3.0,0.5,-0.675,0.5,-0.3375,Only D matched
CA-16,"Liccardo, Sam","Soule, Peter",D,False,False,,,0.0,0.0,,,0,0,0.0,0.0,0.0,0.0,0.0,0.45,3.0,0.5,0.0,0.0,0.0,Neither matched
CA-17,"Khanna, Ro","Tandon, Ritesh",D,True,True,Ro Khanna,Ritesh Tandon,1.0,1.0,"2024,2022,2020,2018","2022,2020",4,2,-2.8434782608695652,1.8,-1.4217391304347826,1.8,-3.2217391304347824,0.45,3.0,0.5,-1.4497826086956522,1.0,-1.4497826086956522,Both matched
CA-18,"Lofgren, Zoe","Lewis, Shane",D,True,False,Zoe Lofgren,,1.0,0.0,"2024,2022,2020,2018,2016",,5,0,-3.1051020408163263,0.0,-1.5525510204081632,0.0,-1.5525510204081632,0.45,3.0,0.5,-0.6986479591836734,0.5,-0.3493239795918367,Only D matched
CA-19,"Panetta, Jimmy","Verbica, Peter Coe",D,True,False,Jimmy Panetta,,1.0,0.0,"2024,2022,2020,2016",,4,0,0.4,0.0,0.2,0.0,0.2,0.45,3.0,0.5,0.09000000000000001,0.5,0.045000000000000005,Only D matched
CA-20,"Van Scotter, Sandra","Fong, Vince",R,False,False,,,0.0,0.0,,,0,0,0.0,0.0,0.0,0.0,0.0,0.45,3.0,0.5,0.0,0.0,0.0,Neither matched
CA-21,"Costa, Jim","Kirkland, Kyle",D,True,False,Jim Costa,,1.0,0.0,"2024,2022,2020,2018,2016,2014",,6,0,-2.718,0.0,-1.359,0.0,-1.359,0.45,3.0,0.5,-0.61155,0.5,-0.305775,Only D matched
CA-22,"Villegas, Randy","Valadao, David",R,False,True,,David Valadao,0.0,1.0,,"2024,2022,2020,2018,2016,2014",0,6,0.0,3.0680000000000005,0.0,1.5340000000000003,-1.5340000000000003,0.45,3.0,0.5,-0.6903000000000001,0.5,-0.34515000000000007,Only R matched
CA-23,"Hodge, Tessa","Obernolte, Jay",R,False,True,,Jay Obernolte,0.0,1.0,,"2024,2022,2020",0,3,0.0,0.19634146341463415,0.0,0.09817073170731708,-0.09817073170731708,0.45,3.0,0.5,-0.04417682926829269,0.5,-0.022088414634146344,Only R matched
CA-24,"Carbajal, Salud","Smith, Bob",D,True,False,Salud Carbajal,,1.0,0.0,"2024,2022,2020,2018,2016",,5,0,-2.2051020408163264,0.0,-1.1025510204081632,0.0,-1.1025510204081632,0.45,3.0,0.5,-0.49614795918367344,0.5,-0.24807397959183672,Only D matched
CA-25,"Ruiz, Raul","Males, John",D,True,False,Raul Ruiz,,1.0,0.0,"2024,2022,2020,2018,2016,2014",,6,0,3.027,0.0,1.5135,0.0,1.5135,0.45,3.0,0.5,0.6810750000000001,0.5,0.34053750000000005,Only D matched
CA-26,"Irwin, Jacqui","Gallucci, Sam",D,False,False,,,0.0,0.0,,,0,0,0.0,0.0,0.0,0.0,0.0,0.45,3.0,0.5,0.0,0.0,0.0,Neither matched
CA-27,"Whitesides, George","Gibbs, Jason",D,True,False,George Whitesides,,1.0,0.0,2024,,1,0,0.65,0.0,0.325,0.0,0.325,0.45,3.0,0.5,0.14625000000000002,0.5,0.07312500000000001,Only D matched
CA-28,"Chu, Judy","Verlato, April",D,True,True,Judy Chu,April Verlato,1.0,1.0,"2024,2022,2020,2016,2014",2024,5,1,0.4255555555555556,0.3,0.2127777777777778,0.3,-0.0872222222222222,0.45,3.0,0.5,-0.03924999999999999,1.0,-0.03924999999999999,Both matched
CA-29,"Rivas, Luz",,D,True,False,Luz Rivas,,1.0,0.0,2024,,1,0,0.8,0.0,0.4,0.0,0.4,0.45,3.0,0.5,0.18000000000000002,0.5,0.09000000000000001,Only D matched
CA-30,"Friedman, Laura","Meyers, Scott",D,True,False,Laura Friedman,,1.0,0.0,2024,,1,0,-1.6,0.0,-0.8,0.0,-0.8,0.45,3.0,0.5,-0.36000000000000004,0.5,-0.18000000000000002,Only D matched
CA-31,"Cisneros, Gil","Ching, Eric",D,True,True,Gil Cisneros,Eric Ching,1.0,1.0,"2024,2020,2018","2024,2022",3,2,-1.7606060606060605,2.401515151515152,-0.8803030303030303,2.401515151515152,-3.281818181818182,0.45,3.0,0.5,-1.476818181818182,1.0,-1.476818181818182,Both matched
CA-32,"Sherman, Brad","Thompson, Larry",D,True,True,Brad Sherman,Larry Thompson,1.0,1.0,"2024,2022,2020,2018,2016,2014",2024,6,1,-0.8949999999999999,1.4,-0.44749999999999995,1.4,-1.8475,0.45,3.0,0.5,-0.831375,1.0,-0.831375,Both matched
CA-33,"Aguilar, Pete","Vargas, Stephanie",D,True,False,Pete Aguilar,,1.0,0.0,"2024,2022,2020,2018,2016,2014",,6,0,-0.749,0.0,-0.3745,0.0,-0.3745,0.45,3.0,0.5,-0.168525,0.5,-0.0842625,Only D matched
CA-34,"Gomez, Jimmy",,D,False,False,,,0.0,0.0,,,0,0,0.0,0.0,0.0,0.0,0.0,0.45,3.0,0.5,0.0,0.0,0.0,Neither matched
CA-35,"Torres, Norma","Cargile, Mark",D,True,True,Norma Torres,Mark Cargile,1.0,1.0,"2024,2022,2020,2018,2016",2020,5,1,-0.6591836734693877,-1.85,-0.32959183673469383,-1.85,1.5204081632653064,0.45,3.0,0.5,0.6841836734693879,1.0,0.6841836734693879,Both matched
CA-36,"Lieu, Ted","Brignano, Houston",D,True,False,Ted Lieu,,1.0,0.0,"2024,2022,2020,2018,2016,2014",,6,0,-2.147,0.0,-1.0735,0.0,-1.0735,0.45,3.0,0.5,-0.483075,0.5,-0.2415375,Only D matched
CA-37,"Kamlager-Dove, Sydney",,D,False,False,,,0.0,0.0,,,0,0,0.0,0.0,0.0,0.0,0.0,0.45,3.0,0.5,0.0,0.0,0.0,Neither matched
CA-38,"Solis, Hilda","Casas, Pedro",D,False,False,,,0.0,0.0,,,0,0,0.0,0.0,0.0,0.0,0.0,0.45,3.0,0.5,0.0,0.0,0.0,Neither matched
CA-39,"Takano, Mark","Manos, Steve",D,True,False,Mark Takano,,1.0,0.0,"2024,2022,2020,2018,2016,2014",,6,0,-1.091,0.0,-0.5455,0.0,-0.5455,0.45,3.0,0.5,-0.245475,0.5,-0.1227375,Only D matched
CA-40,,"Calvert, Ken",R,False,True,,Ken Calvert,0.0,1.0,,"2024,2022,2020,2018,2016,2014",0,6,0.0,-2.435,0.0,-1.2175,1.2175,0.45,3.0,0.5,0.547875,0.5,0.2739375,Only R matched
CA-41,"Sanchez, Linda","Clemmons, Mitch",D,True,False,Linda Sánchez,,1.0,0.0,"2024,2022,2018,2016,2014",,5,0,-1.9488095238095238,0.0,-0.9744047619047619,0.0,-0.9744047619047619,0.45,3.0,0.5,-0.4384821428571429,0.5,-0.21924107142857144,Only D matched
CA-42,"Garcia, Robert","Burley, Brian",D,True,False,Robert Garcia,,1.0,0.0,"2024,2022",,2,0,-0.7712121212121212,0.0,-0.3856060606060606,0.0,-0.3856060606060606,0.45,3.0,0.5,-0.17352272727272727,0.5,-0.08676136363636364,Only D matched
CA-43,"Waters, Maxine","Morales, Cristian",D,True,False,Maxine Waters,,1.0,0.0,"2024,2022,2020,2018,2016",,5,0,-2.8397959183673467,0.0,-1.4198979591836733,0.0,-1.4198979591836733,0.45,3.0,0.5,-0.638954081632653,0.5,-0.3194770408163265,Only D matched
CA-44,"Barragan, Nanette","Angel, Genevieve",D,True,False,Nanette Barragan,,1.0,0.0,"2024,2022",,2,0,1.146969696969697,0.0,0.5734848484848485,0.0,0.5734848484848485,0.45,3.0,0.5,0.2580681818181818,0.5,0.1290340909090909,Only D matched
CA-45,"Tran, Derek","Vo, Chuong",D,True,False,Derek Tran,,1.0,0.0,2024,,1,0,1.95,0.0,0.975,0.0,0.975,0.45,3.0,0.5,0.43875,0.5,0.219375,Only D matched
CA-46,"Correa, Lou","Pan, David",D,True,True,Lou Correa,David Pan,1.0,1.0,"2024,2022,2020,2018",2024,4,1,1.2043478260869567,-2.3,0.6021739130434783,-2.3,2.902173913043478,0.45,3.0,0.5,1.3059782608695651,1.0,1.3059782608695651,Both matched
CA-47,"Min, David","Le Roux, Jenny",D,True,False,Dave Min,,1.0,0.0,2024,,1,0,-0.2,0.0,-0.1,0.0,-0.1,0.45,3.0,0.5,-0.045000000000000005,0.5,-0.022500000000000003,Only D matched
CA-48,"von Wilpert, Marie","Desmond, Jim",R,False,False,,,0.0,0.0,,,0,0,0.0,0.0,0.0,0.0,0.0,0.45,3.0,0.5,0.0,0.0,0.0,Neither matched
CA-49,"Levin, Mike","Kurdian, Armen",D,True,False,Mike Levin,,1.0,0.0,"2024,2022,2020,2018",,4,0,-1.5434782608695652,0.0,-0.7717391304347826,0.0,-0.7717391304347826,0.45,3.0,0.5,-0.3472826086956522,0.5,-0.1736413043478261,Only D matched
CA-50,"Peters, Scott","Cohen, Steve",D,True,False,Scott Peters,,1.0,0.0,"2024,2022,2020,2018,2016,2014",,6,0,-1.861,0.0,-0.9305,0.0,-0.9305,0.45,3.0,0.5,-0.418725,0.5,-0.2093625,Only D matched
CA-51,"Jacobs, Sara","Cabrera, Ricardo",D,True,False,Sara Jacobs,,1.0,0.0,"2024,2022",,2,0,-1.193939393939394,0.0,-0.596969696969697,0.0,-0.596969696969697,0.45,3.0,0.5,-0.2686363636363637,0.5,-0.13431818181818184,Only D matched
CA-52,"Vargas, Juan","Bell, Jeff",D,True,False,Juan Vargas,,1.0,0.0,"2024,2022,2020,2018,2016,2014",,6,0,0.8949999999999999,0.0,0.44749999999999995,0.0,0.44749999999999995,0.45,3.0,0.5,0.20137499999999997,0.5,0.10068749999999999,Only D matched
CO-1,"Kiros, Milat","Peterson, Christy",D,False,False,,,0.0,0.0,,,0,0,0.0,0.0,0.0,0.0,0.0,0.45,3.0,0.5,0.0,0.0,0.0,Neither matched
CO-2,"Neguse, Joe","Dennison, Kelley",D,True,False,Joe Neguse,,1.0,0.0,"2024,2022,2020,2018",,4,0,-1.082608695652174,0.0,-0.541304347826087,0.0,-0.541304347826087,0.45,3.0,0.5,-0.24358695652173917,0.5,-0.12179347826086959,Only D matched
CO-3,"Romero, Dwayne","Hurd, Jeff",R,False,True,,Jeff Hurd,0.0,1.0,,2024,0,1,0.0,-3.15,0.0,-1.575,1.575,0.45,3.0,0.5,0.70875,0.5,0.354375,Only R matched
CO-4,"Laubacher, Ellen","Boebert, Lauren",R,False,True,,Lauren Boebert,0.0,1.0,,"2024,2022,2020",0,3,0.0,-4.117073170731707,0.0,-2.0585365853658537,2.0585365853658537,0.45,3.0,0.5,0.9263414634146342,0.5,0.4631707317073171,Only R matched
CO-5,"Killin, Jessica","Crank, Jeff",R,False,True,,Jeff Crank,0.0,1.0,,2024,0,1,0.0,1.3,0.0,0.65,-0.65,0.45,3.0,0.5,-0.29250000000000004,0.5,-0.14625000000000002,Only R matched
CO-6,"Crow, Jason","Tewahade, Mel",D,True,False,Jason Crow,,1.0,0.0,"2024,2022,2020,2018",,4,0,-0.9347826086956522,0.0,-0.4673913043478261,0.0,-0.4673913043478261,0.45,3.0,0.5,-0.21032608695652175,0.5,-0.10516304347826087,Only D matched
CO-7,"Pettersen, Brittany","Bennett, Tim",D,True,False,Brittany Pettersen,,1.0,0.0,"2024,2022",,2,0,-0.42878787878787883,0.0,-0.21439393939393941,0.0,-0.21439393939393941,0.45,3.0,0.5,-0.09647727272727274,0.5,-0.04823863636363637,Only D matched
CO-8,"Rutinel, Manny","Evans, Gabe",R,False,True,,Gabe Evans,0.0,1.0,,2024,0,1,0.0,1.05,0.0,0.525,-0.525,0.45,3.0,0.5,-0.23625000000000002,0.5,-0.11812500000000001,Only R matched
CT-1,,,D,False,False,,,0.0,0.0,,,0,0,0.0,0.0,0.0,0.0,0.0,0.45,3.0,0.5,0.0,0.0,0.0,Neither matched
CT-2,,,D,False,False,,,0.0,0.0,,,0,0,0.0,0.0,0.0,0.0,0.0,0.45,3.0,0.5,0.0,0.0,0.0,Neither matched
CT-3,,,D,False,False,,,0.0,0.0,,,0,0,0.0,0.0,0.0,0.0,0.0,0.45,3.0,0.5,0.0,0.0,0.0,Neither matched
CT-4,,,D,False,False,,,0.0,0.0,,,0,0,0.0,0.0,0.0,0.0,0.0,0.45,3.0,0.5,0.0,0.0,0.0,Neither matched
CT-5,,,D,False,False,,,0.0,0.0,,,0,0,0.0,0.0,0.0,0.0,0.0,0.45,3.0,0.5,0.0,0.0,0.0,Neither matched
DE-AL,,,D,False,False,,,0.0,0.0,,,0,0,0.0,0.0,0.0,0.0,0.0,0.45,3.0,0.5,0.0,0.0,0.0,Neither matched
FL-1,,,R,False,False,,,0.0,0.0,,,0,0,0.0,0.0,0.0,0.0,0.0,0.45,3.0,0.5,0.0,0.0,0.0,Neither matched
FL-2,,,R,False,False,,,0.0,0.0,,,0,0,0.0,0.0,0.0,0.0,0.0,0.45,3.0,0.5,0.0,0.0,0.0,Neither matched
FL-3,,,R,False,False,,,0.0,0.0,,,0,0,0.0,0.0,0.0,0.0,0.0,0.45,3.0,0.5,0.0,0.0,0.0,Neither matched
FL-4,,,R,False,False,,,0.0,0.0,,,0,0,0.0,0.0,0.0,0.0,0.0,0.45,3.0,0.5,0.0,0.0,0.0,Neither matched
FL-5,,,R,False,False,,,0.0,0.0,,,0,0,0.0,0.0,0.0,0.0,0.0,0.45,3.0,0.5,0.0,0.0,0.0,Neither matched
FL-6,,,R,False,False,,,0.0,0.0,,,0,0,0.0,0.0,0.0,0.0,0.0,0.45,3.0,0.5,0.0,0.0,0.0,Neither matched
FL-7,,,R,False,False,,,0.0,0.0,,,0,0,0.0,0.0,0.0,0.0,0.0,0.45,3.0,0.5,0.0,0.0,0.0,Neither matched
FL-8,,,R,False,False,,,0.0,0.0,,,0,0,0.0,0.0,0.0,0.0,0.0,0.45,3.0,0.5,0.0,0.0,0.0,Neither matched
FL-9,,,D,False,False,,,0.0,0.0,,,0,0,0.0,0.0,0.0,0.0,0.0,0.45,3.0,0.5,0.0,0.0,0.0,Neither matched
FL-10,,,D,False,False,,,0.0,0.0,,,0,0,0.0,0.0,0.0,0.0,0.0,0.45,3.0,0.5,0.0,0.0,0.0,Neither matched
FL-11,,,R,False,False,,,0.0,0.0,,,0,0,0.0,0.0,0.0,0.0,0.0,0.45,3.0,0.5,0.0,0.0,0.0,Neither matched
FL-12,,,R,False,False,,,0.0,0.0,,,0,0,0.0,0.0,0.0,0.0,0.0,0.45,3.0,0.5,0.0,0.0,0.0,Neither matched
FL-13,,,R,False,False,,,0.0,0.0,,,0,0,0.0,0.0,0.0,0.0,0.0,0.45,3.0,0.5,0.0,0.0,0.0,Neither matched
FL-14,,,D,False,False,,,0.0,0.0,,,0,0,0.0,0.0,0.0,0.0,0.0,0.45,3.0,0.5,0.0,0.0,0.0,Neither matched
FL-15,,,R,False,False,,,0.0,0.0,,,0,0,0.0,0.0,0.0,0.0,0.0,0.45,3.0,0.5,0.0,0.0,0.0,Neither matched
FL-16,,,R,False,False,,,0.0,0.0,,,0,0,0.0,0.0,0.0,0.0,0.0,0.45,3.0,0.5,0.0,0.0,0.0,Neither matched
FL-17,,,R,False,False,,,0.0,0.0,,,0,0,0.0,0.0,0.0,0.0,0.0,0.45,3.0,0.5,0.0,0.0,0.0,Neither matched
FL-18,,,R,False,False,,,0.0,0.0,,,0,0,0.0,0.0,0.0,0.0,0.0,0.45,3.0,0.5,0.0,0.0,0.0,Neither matched
FL-19,,,R,False,False,,,0.0,0.0,,,0,0,0.0,0.0,0.0,0.0,0.0,0.45,3.0,0.5,0.0,0.0,0.0,Neither matched
FL-20,,,VACANT,False,False,,,0.0,0.0,,,0,0,0.0,0.0,0.0,0.0,0.0,0.45,3.0,0.5,0.0,0.0,0.0,Neither matched
FL-21,,,R,False,False,,,0.0,0.0,,,0,0,0.0,0.0,0.0,0.0,0.0,0.45,3.0,0.5,0.0,0.0,0.0,Neither matched
FL-22,,,D,False,False,,,0.0,0.0,,,0,0,0.0,0.0,0.0,0.0,0.0,0.45,3.0,0.5,0.0,0.0,0.0,Neither matched
FL-23,,,D,False,False,,,0.0,0.0,,,0,0,0.0,0.0,0.0,0.0,0.0,0.45,3.0,0.5,0.0,0.0,0.0,Neither matched
FL-24,,,D,False,False,,,0.0,0.0,,,0,0,0.0,0.0,0.0,0.0,0.0,0.45,3.0,0.5,0.0,0.0,0.0,Neither matched
FL-25,,,D,False,False,,,0.0,0.0,,,0,0,0.0,0.0,0.0,0.0,0.0,0.45,3.0,0.5,0.0,0.0,0.0,Neither matched
FL-26,,,R,False,False,,,0.0,0.0,,,0,0,0.0,0.0,0.0,0.0,0.0,0.45,3.0,0.5,0.0,0.0,0.0,Neither matched
FL-27,,,R,False,False,,,0.0,0.0,,,0,0,0.0,0.0,0.0,0.0,0.0,0.45,3.0,0.5,0.0,0.0,0.0,Neither matched
FL-28,,,R,False,False,,,0.0,0.0,,,0,0,0.0,0.0,0.0,0.0,0.0,0.45,3.0,0.5,0.0,0.0,0.0,Neither matched
GA-1,"Hollowell, Amanda","Kingston, James",R,False,False,,,0.0,0.0,,,0,0,0.0,0.0,0.0,0.0,0.0,0.45,3.0,0.5,0.0,0.0,0.0,Neither matched
GA-2,"Bishop, Sanford","Day, Matt",D,True,False,Sanford Bishop,,1.0,0.0,"2024,2022,2020,2018,2016,2014",,6,0,1.585,0.0,0.7925,0.0,0.7925,0.45,3.0,0.5,0.356625,0.5,0.1783125,Only D matched
GA-3,"Keller, Maura","Jack, Brian",R,True,True,Maura Keller,Brian Jack,1.0,1.0,2024,2024,1,1,0.15,-0.15,0.15,-0.075,0.22499999999999998,0.45,3.0,0.5,0.10124999999999999,1.0,0.10124999999999999,Both matched
GA-4,"Johnson, Hank","Duffie, Jim",D,True,False,Hank Johnson,,1.0,0.0,"2024,2022,2020,2018,2016",,5,0,-0.1346938775510204,0.0,-0.0673469387755102,0.0,-0.0673469387755102,0.45,3.0,0.5,-0.030306122448979594,0.5,-0.015153061224489797,Only D matched
GA-5,"Williams, Nikema","Salveson, John",D,True,False,Nikema Williams,,1.0,0.0,"2024,2022,2020",,3,0,-0.35487804878048784,0.0,-0.17743902439024392,0.0,-0.17743902439024392,0.45,3.0,0.5,-0.07984756097560977,0.5,-0.039923780487804886,Only D matched
GA-6,"McBath, Lucy","Martin, Kevin",D,True,False,Lucy McBath,,1.0,0.0,"2024,2022,2020,2018",,4,0,-0.20326086956521738,0.0,-0.10163043478260869,0.0,-0.10163043478260869,0.45,3.0,0.5,-0.04573369565217391,0.5,-0.022866847826086955,Only D matched
GA-7,"Kozycki, Tony","McCormick, Rich",R,False,True,,Rich McCormick,0.0,1.0,,"2024,2022,2020",0,3,0.0,0.8219512195121952,0.0,0.4109756097560976,-0.4109756097560976,0.45,3.0,0.5,-0.18493902439024393,0.5,-0.09246951219512196,Only R matched
GA-8,"Esti, Kelly","Scott, Austin",R,False,True,,Austin Scott,0.0,1.0,,"2024,2022,2020,2016",0,4,0.0,0.2590909090909091,0.0,0.12954545454545455,-0.12954545454545455,0.45,3.0,0.5,-0.058295454545454546,0.5,-0.029147727272727273,Only R matched
GA-9,"Gegen, Caitlyn","Clyde, Andrew",R,False,True,,Andrew Clyde,0.0,1.0,,"2024,2022,2020",0,3,0.0,-0.4707317073170732,0.0,-0.2353658536585366,0.2353658536585366,0.45,3.0,0.5,0.10591463414634147,0.5,0.05295731707317074,Only R matched
GA-10,"DeLancy, Pamela","Gaines, Houston",R,False,False,,,0.0,0.0,,,0,0,0.0,0.0,0.0,0.0,0.0,0.45,3.0,0.5,0.0,0.0,0.0,Neither matched
GA-11,"Harden, Chris","Cowan, John",R,False,False,,,0.0,0.0,,,0,0,0.0,0.0,0.0,0.0,0.0,0.45,3.0,0.5,0.0,0.0,0.0,Neither matched
GA-12,"Smith, Ceretta","Allen, Rick",R,False,True,,Rick Allen,0.0,1.0,,"2024,2022,2020,2018,2016,2014",0,6,0.0,0.616,0.0,0.308,-0.308,0.45,3.0,0.5,-0.1386,0.5,-0.0693,Only R matched
GA-13,"Clarke, Jasmine","Chavez, Jonathan",VACANT,False,True,,Jonathan Chavez,0.0,1.0,,"2024,2022",0,2,0.0,-0.7333333333333334,0.0,-0.7333333333333334,0.7333333333333334,0.45,3.0,0.5,0.33,0.5,0.165,Only R matched
GA-14,"Harris, Shawn","Fuller, Clay",R,True,False,Shawn Harris,,1.0,0.0,2024,,1,0,6.25,0.0,6.25,0.0,6.25,0.45,3.0,0.5,2.8125,0.5,1.40625,Only D matched
HI-1,,,D,False,False,,,0.0,0.0,,,0,0,0.0,0.0,0.0,0.0,0.0,0.45,3.0,0.5,0.0,0.0,0.0,Neither matched
HI-2,,,D,False,False,,,0.0,0.0,,,0,0,0.0,0.0,0.0,0.0,0.0,0.45,3.0,0.5,0.0,0.0,0.0,Neither matched
ID-1,"Peterson, Kaylee","Fulcher, Russ",R,True,True,Kaylee Peterson,Russ Fulcher,1.0,1.0,"2024,2022","2024,2022,2020,2018",2,4,-0.2227272727272727,-0.22173913043478263,-0.2227272727272727,-0.11086956521739132,-0.11185770750988137,0.45,3.0,0.5,-0.05033596837944662,1.0,-0.05033596837944662,Both matched
ID-2,"Gilbreath, Ellie","Simpson, Mike",R,False,True,,Mike Simpson,0.0,1.0,,"2024,2022,2020,2018,2016,2014",0,6,0.0,-0.266,0.0,-0.133,0.133,0.45,3.0,0.5,0.05985000000000001,0.5,0.029925000000000004,Only R matched
IL-1,"Jackson, Jonathan","Maxwell, Christian",D,True,False,Jonathan Jackson,,1.0,0.0,"2024,2022",,2,0,-2.1560606060606062,0.0,-1.0780303030303031,0.0,-1.0780303030303031,0.45,3.0,0.5,-0.4851136363636364,0.5,-0.2425568181818182,Only D matched
IL-2,"Miller, Donna","Noack, Michael Scott",D,False,False,,,0.0,0.0,,,0,0,0.0,0.0,0.0,0.0,0.0,0.45,3.0,0.5,0.0,0.0,0.0,Neither matched
IL-3,"Ramirez, Delia","Oakley, Angel",D,True,False,Delia Ramirez,,1.0,0.0,"2024,2022",,2,0,-0.39545454545454545,0.0,-0.19772727272727272,0.0,-0.19772727272727272,0.45,3.0,0.5,-0.08897727272727272,0.5,-0.04448863636363636,Only D matched
IL-4,"Garcia, Patty","Castillo, Lupe",D,False,True,,Lupe Castillo,0.0,1.0,,2024,0,1,0.0,-3.7,0.0,-3.7,3.7,0.45,3.0,0.5,1.665,0.5,0.8325,Only R matched
IL-5,"Quigley, Mike","Hanson, Tommy",D,True,True,Mike Quigley,Tommy Hanson,1.0,1.0,"2024,2022,2020,2018,2016,2014","2022,2020",6,2,-0.44300000000000006,0.5833333333333334,-0.22150000000000003,0.5833333333333334,-0.8048333333333334,0.45,3.0,0.5,-0.362175,1.0,-0.362175,Both matched
IL-6,"Casten, Sean","Conforti, Niki",D,True,True,Sean Casten,Niki Conforti,1.0,1.0,"2024,2022,2020,2018",2024,4,1,-0.9054347826086957,0.2,-0.45271739130434785,0.2,-0.6527173913043478,0.45,3.0,0.5,-0.29372282608695655,1.0,-0.29372282608695655,Both matched
IL-7,"Ford, La Shawn","Koppie, Chad",D,False,True,,Chad Koppie,0.0,1.0,,2024,0,1,0.0,0.8,0.0,0.8,-0.8,0.45,3.0,0.5,-0.36000000000000004,0.5,-0.18000000000000002,Only R matched
IL-8,"Bean, Melissa","Davis, Jennifer",D,False,False,,,0.0,0.0,,,0,0,0.0,0.0,0.0,0.0,0.0,0.45,3.0,0.5,0.0,0.0,0.0,Neither matched
IL-9,"Biss, Daniel","Elleson, John",D,False,True,,John Elleson,0.0,1.0,,2018,0,1,0.0,4.05,0.0,4.05,-4.05,0.45,3.0,0.5,-1.8225,0.5,-0.91125,Only R matched
IL-10,"Schneider, Brad","Lambrecht, Carl",D,True,False,Brad Schneider,,1.0,0.0,"2024,2022,2020,2018,2016,2014",,6,0,-2.008,0.0,-1.004,0.0,-1.004,0.45,3.0,0.5,-0.45180000000000003,0.5,-0.22590000000000002,Only D matched
IL-11,"Foster, Bill","Walter, Jeff",D,True,False,Bill Foster,,1.0,0.0,"2024,2022,2020,2018,2016,2014",,6,0,-1.1960000000000002,0.0,-0.5980000000000001,0.0,-0.5980000000000001,0.45,3.0,0.5,-0.26910000000000006,0.5,-0.13455000000000003,Only D matched
IL-12,"Fortier, Julie","Bost, Mike",R,False,True,,Mike Bost,0.0,1.0,,"2024,2022,2020,2018,2016,2014",0,6,0.0,0.462,0.0,0.231,-0.231,0.45,3.0,0.5,-0.10395,0.5,-0.051975,Only R matched
IL-13,"Budzinski, Nikki","Wilson, Jeff",D,True,False,Nikki Budzinski,,1.0,0.0,"2024,2022",,2,0,2.0833333333333335,0.0,1.0416666666666667,0.0,1.0416666666666667,0.45,3.0,0.5,0.46875000000000006,0.5,0.23437500000000003,Only D matched
IL-14,"Underwood, Lauren","Marter, James",D,True,True,Lauren Underwood,Jim Marter,1.0,1.0,"2024,2022,2020,2018",2024,4,1,0.1608695652173913,-0.65,0.08043478260869565,-0.65,0.7304347826086957,0.45,3.0,0.5,0.32869565217391306,1.0,0.32869565217391306,Both matched
IL-15,"Todd, Jennifer","Miller, Mary",R,False,True,,Mary Miller,0.0,1.0,,"2022,2020",0,2,0.0,-0.7357142857142857,0.0,-0.3678571428571428,0.3678571428571428,0.45,3.0,0.5,0.16553571428571429,0.5,0.08276785714285714,Only R matched
IL-16,"Nolley, Paul","LaHood, Darin",R,False,True,,Darin LaHood,0.0,1.0,,"2022,2020,2018,2016",0,4,0.0,4.15344827586207,0.0,2.076724137931035,-2.076724137931035,0.45,3.0,0.5,-0.9345258620689658,0.5,-0.4672629310344829,Only R matched
IL-17,"Sorensen, Eric","Vancil, Dillan",D,True,False,Eric Sorensen,,1.0,0.0,"2024,2022",,2,0,0.17575757575757578,0.0,0.08787878787878789,0.0,0.08787878787878789,0.45,3.0,0.5,0.03954545454545455,0.5,0.019772727272727275,Only D matched
IN-1,"Mrvan, Frank","Regnitz, Barb",D,True,False,Frank Mrvan,,1.0,0.0,"2024,2022,2020",,3,0,1.6426829268292682,0.0,0.8213414634146341,0.0,0.8213414634146341,0.45,3.0,0.5,0.36960365853658533,0.5,0.18480182926829267,Only D matched
IN-2,"Decio, Jamie","Yakym, Rudy",R,False,True,,Rudy Yakym,0.0,1.0,,"2024,2022",0,2,0.0,0.7196969696969697,0.0,0.35984848484848486,-0.35984848484848486,0.45,3.0,0.5,-0.1619318181818182,0.5,-0.0809659090909091,Only R matched
IN-3,"Thompson, Kelly","Stutzman, Marlin",R,False,True,,Marlin Stutzman,0.0,1.0,,"2024,2014",0,2,0.0,1.6857142857142857,0.0,0.8428571428571429,-0.8428571428571429,0.45,3.0,0.5,-0.3792857142857143,0.5,-0.18964285714285714,Only R matched
IN-4,"Cox, Drew","Baird, Jim",R,False,True,,Jim Baird,0.0,1.0,,"2024,2022,2020,2018",0,4,0.0,0.5032608695652174,0.0,0.2516304347826087,-0.2516304347826087,0.45,3.0,0.5,-0.11323369565217392,0.5,-0.05661684782608696,Only R matched
IN-5,"Ford, J.D.","Spartz, Victoria",R,False,True,,Victoria Spartz,0.0,1.0,,"2024,2022,2020",0,3,0.0,-0.09512195121951224,0.0,-0.04756097560975612,0.04756097560975612,0.45,3.0,0.5,0.021402439024390253,0.5,0.010701219512195126,Only R matched
IN-6,"Wirth, Cynthia","Shreve, Jefferson",R,False,True,,Jefferson Shreve,0.0,1.0,,2024,0,1,0.0,-0.65,0.0,-0.325,0.325,0.45,3.0,0.5,0.14625000000000002,0.5,0.07312500000000001,Only R matched
IN-7,"Carson, Andre","McAuley, Patrick",D,True,False,André Carson,,1.0,0.0,"2024,2022,2018,2016,2014",,5,0,-1.5321428571428573,0.0,-0.7660714285714286,0.0,-0.7660714285714286,0.45,3.0,0.5,-0.3447321428571429,0.5,-0.17236607142857144,Only D matched
IN-8,"Allen, Mary","Messmer, Mark",R,False,True,,Mark Messmer,0.0,1.0,,2024,0,1,0.0,2.0,0.0,1.0,-1.0,0.45,3.0,0.5,-0.45,0.5,-0.225,Only R matched
IN-9,"Meyer, Brad","Houchin, Erin",R,False,True,,Erin Houchin,0.0,1.0,,"2024,2022",0,2,0.0,-0.4303030303030303,0.0,-0.21515151515151515,0.21515151515151515,0.45,3.0,0.5,0.09681818181818182,0.5,0.04840909090909091,Only R matched
IA-1,"Bohannon, Christina","Miller-Meeks, Mariannette",R,False,True,,Mariannette Miller-Meeks,0.0,1.0,,"2024,2022,2020,2014",0,4,0.0,-3.369047619047619,0.0,-1.6845238095238095,1.6845238095238095,0.45,3.0,0.5,0.7580357142857143,0.5,0.37901785714285713,Only R matched
IA-2,"James, Lindsay","Mitchell, Joe",R,False,False,,,0.0,0.0,,,0,0,0.0,0.0,0.0,0.0,0.0,0.45,3.0,0.5,0.0,0.0,0.0,Neither matched
IA-3,"Trone Garriott, Sarah","Nunn, Zach",R,False,True,,Zach Nunn,0.0,1.0,,"2024,2022",0,2,0.0,-1.768181818181818,0.0,-0.884090909090909,0.884090909090909,0.45,3.0,0.5,0.3978409090909091,0.5,0.19892045454545454,Only R matched
IA-4,"Dawson, Dave","McGowan, Chris",R,False,False,,,0.0,0.0,,,0,0,0.0,0.0,0.0,0.0,0.0,0.45,3.0,0.5,0.0,0.0,0.0,Neither matched
KS-1,,,R,False,False,,,0.0,0.0,,,0,0,0.0,0.0,0.0,0.0,0.0,0.45,3.0,0.5,0.0,0.0,0.0,Neither matched
KS-2,,,R,False,False,,,0.0,0.0,,,0,0,0.0,0.0,0.0,0.0,0.0,0.45,3.0,0.5,0.0,0.0,0.0,Neither matched
KS-3,,,D,False,False,,,0.0,0.0,,,0,0,0.0,0.0,0.0,0.0,0.0,0.45,3.0,0.5,0.0,0.0,0.0,Neither matched
KS-4,,,R,False,False,,,0.0,0.0,,,0,0,0.0,0.0,0.0,0.0,0.0,0.45,3.0,0.5,0.0,0.0,0.0,Neither matched
KY-1,"Williams, John","Comer, James",R,False,True,,James Comer,0.0,1.0,,"2024,2022,2020,2018,2016",0,5,0.0,-0.3683673469387755,0.0,-0.18418367346938774,0.18418367346938774,0.45,3.0,0.5,0.08288265306122448,0.5,0.04144132653061224,Only R matched
KY-2,"Wingfield, Megan","Guthrie, Brett",R,False,True,,Brett Guthrie,0.0,1.0,,"2024,2022,2020,2018,2014",0,5,0.0,0.902127659574468,0.0,0.451063829787234,-0.451063829787234,0.45,3.0,0.5,-0.20297872340425532,0.5,-0.10148936170212766,Only R matched
KY-3,"McGarvey, Morgan","Rodriguez, Maria",D,True,False,Morgan McGarvey,,1.0,0.0,"2024,2022",,2,0,1.6575757575757575,0.0,0.8287878787878787,0.0,0.8287878787878787,0.45,3.0,0.5,0.3729545454545454,0.5,0.1864772727272727,Only D matched
KY-4,"Strange, Melissa","Gallrein, Ed",R,False,False,,,0.0,0.0,,,0,0,0.0,0.0,0.0,0.0,0.0,0.45,3.0,0.5,0.0,0.0,0.0,Neither matched
KY-5,"Pillersdorf, Ned","Rogers, Hal",R,False,True,,Hal Rogers,0.0,1.0,,"2022,2020,2018,2014",0,4,0.0,0.17962962962962964,0.0,0.08981481481481482,-0.08981481481481482,0.45,3.0,0.5,-0.04041666666666667,0.5,-0.020208333333333335,Only R matched
KY-6,"Dembo, Zach","Alvarado, Ralph",R,False,False,,,0.0,0.0,,,0,0,0.0,0.0,0.0,0.0,0.0,0.45,3.0,0.5,0.0,0.0,0.0,Neither matched
LA-1,,,R,False,False,,,0.0,0.0,,,0,0,0.0,0.0,0.0,0.0,0.0,0.45,3.0,0.5,0.0,0.0,0.0,Neither matched
LA-2,,,D,False,False,,,0.0,0.0,,,0,0,0.0,0.0,0.0,0.0,0.0,0.45,3.0,0.5,0.0,0.0,0.0,Neither matched
LA-3,,,R,False,False,,,0.0,0.0,,,0,0,0.0,0.0,0.0,0.0,0.0,0.45,3.0,0.5,0.0,0.0,0.0,Neither matched
LA-4,,,R,False,False,,,0.0,0.0,,,0,0,0.0,0.0,0.0,0.0,0.0,0.45,3.0,0.5,0.0,0.0,0.0,Neither matched
LA-5,,,R,False,False,,,0.0,0.0,,,0,0,0.0,0.0,0.0,0.0,0.0,0.45,3.0,0.5,0.0,0.0,0.0,Neither matched
LA-6,,,D,False,False,,,0.0,0.0,,,0,0,0.0,0.0,0.0,0.0,0.0,0.45,3.0,0.5,0.0,0.0,0.0,Neither matched
ME-1,"Pingree, Chellie","Russell, Ronald",D,True,True,Chellie Pingree,Ronald Russell,1.0,1.0,"2024,2022,2020,2018,2016,2014",2024,6,1,-0.242,0.0,-0.121,0.0,-0.121,0.45,3.0,0.5,-0.05445,1.0,-0.05445,Both matched
ME-2,"Dunlap, Matthew","LePage, Paul",D,False,False,,,0.0,0.0,,,0,0,0.0,0.0,0.0,0.0,0.0,0.45,3.0,0.5,0.0,0.0,0.0,Neither matched
MD-1,"Schwartz, Dan","Harris, Andy",R,False,True,,Andy Harris,0.0,1.0,,"2024,2022,2020,2018,2016",0,5,0.0,-0.5979591836734693,0.0,-0.29897959183673467,0.29897959183673467,0.45,3.0,0.5,0.13454081632653062,0.5,0.06727040816326531,Only R matched
MD-2,"Olszewski, Johnny","Wallace, Dave",D,True,True,Johnny Olszewski,David Wallace,1.0,1.0,2024,2014,1,1,0.7,1.3999999999999997,0.35,1.3999999999999997,-1.0499999999999998,0.45,3.0,0.5,-0.4724999999999999,1.0,-0.4724999999999999,Both matched
MD-3,"Elfreth, Sarah","Flowers, Bernie",D,True,False,Sarah Elfreth,,1.0,0.0,2024,,1,0,-0.65,0.0,-0.325,0.0,-0.325,0.45,3.0,0.5,-0.14625000000000002,0.5,-0.07312500000000001,Only D matched
MD-4,"Ivey, Glenn","McDermott, George",D,True,True,Glenn Ivey,George McDermott,1.0,1.0,"2024,2022","2024,2020,2018,2016",2,4,0.3681818181818182,0.5722222222222222,0.1840909090909091,0.5722222222222222,-0.3881313131313131,0.45,3.0,0.5,-0.1746590909090909,1.0,-0.1746590909090909,Both matched
MD-5,"Boafo, Adrian","Chaffee, Chris",D,False,True,,Chris Chaffee,0.0,1.0,,2014,0,1,0.0,1.5000000000000002,0.0,1.5000000000000002,-1.5000000000000002,0.45,3.0,0.5,-0.6750000000000002,0.5,-0.3375000000000001,Only R matched
MD-6,"McClain Delaney, April","Ficker, Robin",D,True,False,April McClain Delaney,,1.0,0.0,2024,,1,0,0.4,0.0,0.2,0.0,0.2,0.45,3.0,0.5,0.09000000000000001,0.5,0.045000000000000005,Only D matched
MD-7,"Mfume, Kwesi","Collier, Scott",D,False,True,,Scott Collier,0.0,1.0,,"2024,2022",0,2,0.0,-1.459090909090909,0.0,-1.459090909090909,1.459090909090909,0.45,3.0,0.5,0.6565909090909091,0.5,0.32829545454545456,Only R matched
MD-8,"Raskin, Jamie","Riley, Cheryl",D,True,True,Jamie Raskin,Cheryl Riley,1.0,1.0,"2024,2022,2020,2018,2016",2024,5,1,-1.2571428571428571,1.5,-0.6285714285714286,1.5,-2.1285714285714286,0.45,3.0,0.5,-0.9578571428571429,1.0,-0.9578571428571429,Both matched
MA-1,,,D,False,False,,,0.0,0.0,,,0,0,0.0,0.0,0.0,0.0,0.0,0.45,3.0,0.5,0.0,0.0,0.0,Neither matched
MA-2,,,D,False,False,,,0.0,0.0,,,0,0,0.0,0.0,0.0,0.0,0.0,0.45,3.0,0.5,0.0,0.0,0.0,Neither matched
MA-3,,,D,False,False,,,0.0,0.0,,,0,0,0.0,0.0,0.0,0.0,0.0,0.45,3.0,0.5,0.0,0.0,0.0,Neither matched
MA-4,,,D,False,False,,,0.0,0.0,,,0,0,0.0,0.0,0.0,0.0,0.0,0.45,3.0,0.5,0.0,0.0,0.0,Neither matched
MA-5,,,D,False,False,,,0.0,0.0,,,0,0,0.0,0.0,0.0,0.0,0.0,0.45,3.0,0.5,0.0,0.0,0.0,Neither matched
MA-6,,,D,False,False,,,0.0,0.0,,,0,0,0.0,0.0,0.0,0.0,0.0,0.45,3.0,0.5,0.0,0.0,0.0,Neither matched
MA-7,,,D,False,False,,,0.0,0.0,,,0,0,0.0,0.0,0.0,0.0,0.0,0.45,3.0,0.5,0.0,0.0,0.0,Neither matched
MA-8,,,D,False,False,,,0.0,0.0,,,0,0,0.0,0.0,0.0,0.0,0.0,0.45,3.0,0.5,0.0,0.0,0.0,Neither matched
MA-9,,,D,False,False,,,0.0,0.0,,,0,0,0.0,0.0,0.0,0.0,0.0,0.45,3.0,0.5,0.0,0.0,0.0,Neither matched
MI-1,,,R,False,False,,,0.0,0.0,,,0,0,0.0,0.0,0.0,0.0,0.0,0.45,3.0,0.5,0.0,0.0,0.0,Neither matched
MI-2,,,R,False,False,,,0.0,0.0,,,0,0,0.0,0.0,0.0,0.0,0.0,0.45,3.0,0.5,0.0,0.0,0.0,Neither matched
MI-3,,,D,False,False,,,0.0,0.0,,,0,0,0.0,0.0,0.0,0.0,0.0,0.45,3.0,0.5,0.0,0.0,0.0,Neither matched
MI-4,,,R,False,False,,,0.0,0.0,,,0,0,0.0,0.0,0.0,0.0,0.0,0.45,3.0,0.5,0.0,0.0,0.0,Neither matched
MI-5,,,R,False,False,,,0.0,0.0,,,0,0,0.0,0.0,0.0,0.0,0.0,0.45,3.0,0.5,0.0,0.0,0.0,Neither matched
MI-6,,,D,False,False,,,0.0,0.0,,,0,0,0.0,0.0,0.0,0.0,0.0,0.45,3.0,0.5,0.0,0.0,0.0,Neither matched
MI-7,,,R,False,False,,,0.0,0.0,,,0,0,0.0,0.0,0.0,0.0,0.0,0.45,3.0,0.5,0.0,0.0,0.0,Neither matched
MI-8,,,D,False,False,,,0.0,0.0,,,0,0,0.0,0.0,0.0,0.0,0.0,0.45,3.0,0.5,0.0,0.0,0.0,Neither matched
MI-9,,,R,False,False,,,0.0,0.0,,,0,0,0.0,0.0,0.0,0.0,0.0,0.45,3.0,0.5,0.0,0.0,0.0,Neither matched
MI-10,,,R,False,False,,,0.0,0.0,,,0,0,0.0,0.0,0.0,0.0,0.0,0.45,3.0,0.5,0.0,0.0,0.0,Neither matched
MI-11,,,D,False,False,,,0.0,0.0,,,0,0,0.0,0.0,0.0,0.0,0.0,0.45,3.0,0.5,0.0,0.0,0.0,Neither matched
MI-12,,,D,False,False,,,0.0,0.0,,,0,0,0.0,0.0,0.0,0.0,0.0,0.45,3.0,0.5,0.0,0.0,0.0,Neither matched
MI-13,,,D,False,False,,,0.0,0.0,,,0,0,0.0,0.0,0.0,0.0,0.0,0.45,3.0,0.5,0.0,0.0,0.0,Neither matched
MN-1,,,R,False,False,,,0.0,0.0,,,0,0,0.0,0.0,0.0,0.0,0.0,0.45,3.0,0.5,0.0,0.0,0.0,Neither matched
MN-2,,,D,False,False,,,0.0,0.0,,,0,0,0.0,0.0,0.0,0.0,0.0,0.45,3.0,0.5,0.0,0.0,0.0,Neither matched
MN-3,,,D,False,False,,,0.0,0.0,,,0,0,0.0,0.0,0.0,0.0,0.0,0.45,3.0,0.5,0.0,0.0,0.0,Neither matched
MN-4,,,D,False,False,,,0.0,0.0,,,0,0,0.0,0.0,0.0,0.0,0.0,0.45,3.0,0.5,0.0,0.0,0.0,Neither matched
MN-5,,,D,False,False,,,0.0,0.0,,,0,0,0.0,0.0,0.0,0.0,0.0,0.45,3.0,0.5,0.0,0.0,0.0,Neither matched
MN-6,,,R,False,False,,,0.0,0.0,,,0,0,0.0,0.0,0.0,0.0,0.0,0.45,3.0,0.5,0.0,0.0,0.0,Neither matched
MN-7,,,R,False,False,,,0.0,0.0,,,0,0,0.0,0.0,0.0,0.0,0.0,0.45,3.0,0.5,0.0,0.0,0.0,Neither matched
MN-8,,,R,False,False,,,0.0,0.0,,,0,0,0.0,0.0,0.0,0.0,0.0,0.45,3.0,0.5,0.0,0.0,0.0,Neither matched
MS-1,"Johnson, Cliff","Kelly, Trent",R,False,True,,Trent Kelly,0.0,1.0,,"2024,2022,2020,2018,2016",0,5,0.0,0.3153061224489796,0.0,0.1576530612244898,-0.1576530612244898,0.45,3.0,0.5,-0.07094387755102041,0.5,-0.035471938775510206,Only R matched
MS-2,"Thompson, Bennie","Eller, Ron",D,True,True,Bennie Thompson,Ron Eller,1.0,1.0,"2024,2022,2020,2016",2024,4,1,0.9102272727272727,-0.5,0.45511363636363633,-0.5,0.9551136363636363,0.45,3.0,0.5,0.42980113636363637,1.0,0.42980113636363637,Both matched
MS-3,"Chiaradio, Michael","Guest, Michael",R,False,True,,Michael Guest,0.0,1.0,,"2022,2020,2018",0,3,0.0,1.3269230769230769,0.0,0.6634615384615384,-0.6634615384615384,0.45,3.0,0.5,-0.2985576923076923,0.5,-0.14927884615384615,Only R matched
MS-4,"Hulum, Jeffrey","Ezell, Mike",R,False,True,,Mike Ezell,0.0,1.0,,"2024,2022",0,2,0.0,0.843939393939394,0.0,0.421969696969697,-0.421969696969697,0.45,3.0,0.5,-0.18988636363636366,0.5,-0.09494318181818183,Only R matched
MO-1,,,D,False,False,,,0.0,0.0,,,0,0,0.0,0.0,0.0,0.0,0.0,0.45,3.0,0.5,0.0,0.0,0.0,Neither matched
MO-2,,,R,False,False,,,0.0,0.0,,,0,0,0.0,0.0,0.0,0.0,0.0,0.45,3.0,0.5,0.0,0.0,0.0,Neither matched
MO-3,,,R,False,False,,,0.0,0.0,,,0,0,0.0,0.0,0.0,0.0,0.0,0.45,3.0,0.5,0.0,0.0,0.0,Neither matched
MO-4,,,R,False,False,,,0.0,0.0,,,0,0,0.0,0.0,0.0,0.0,0.0,0.45,3.0,0.5,0.0,0.0,0.0,Neither matched
MO-5,,,D,False,False,,,0.0,0.0,,,0,0,0.0,0.0,0.0,0.0,0.0,0.45,3.0,0.5,0.0,0.0,0.0,Neither matched
MO-6,,,R,False,False,,,0.0,0.0,,,0,0,0.0,0.0,0.0,0.0,0.0,0.45,3.0,0.5,0.0,0.0,0.0,Neither matched
MO-7,,,R,False,False,,,0.0,0.0,,,0,0,0.0,0.0,0.0,0.0,0.0,0.45,3.0,0.5,0.0,0.0,0.0,Neither matched
MO-8,,,R,False,False,,,0.0,0.0,,,0,0,0.0,0.0,0.0,0.0,0.0,0.45,3.0,0.5,0.0,0.0,0.0,Neither matched
MT-1,"Forstag, Sam","Flint, Aaron",R,False,False,,,0.0,0.0,,,0,0,0.0,0.0,0.0,0.0,0.0,0.45,3.0,0.5,0.0,0.0,0.0,Neither matched
MT-2,"Miller, Brian","Downing, Troy",R,False,True,,Troy Downing,0.0,1.0,,2024,0,1,0.0,0.0,0.0,0.0,0.0,0.45,3.0,0.5,0.0,0.5,0.0,Only R matched
NE-1,"Backemeyer, Chris","Flood, Mike",R,False,True,,Mike Flood,0.0,1.0,,"2024,2022",0,2,0.0,0.5090909090909091,0.0,0.2545454545454546,-0.2545454545454546,0.45,3.0,0.5,-0.11454545454545456,0.5,-0.05727272727272728,Only R matched
NE-2,"Powell, Denise","Harding, Brinker",R,False,False,,,0.0,0.0,,,0,0,0.0,0.0,0.0,0.0,0.0,0.45,3.0,0.5,0.0,0.0,0.0,Neither matched
NE-3,"Stille, Becky Kelly","Smith, Adrian",R,False,True,,Adrian Smith,0.0,1.0,,"2024,2022,2020,2018,2014",0,5,0.0,1.9276595744680847,0.0,0.9638297872340423,-0.9638297872340423,0.45,3.0,0.5,-0.4337234042553191,0.5,-0.21686170212765954,Only R matched
NV-1,"Titus, Dina","Buck, Carrie",D,True,False,Dina Titus,,1.0,0.0,"2024,2022,2020,2018,2016,2014",,6,0,1.068,0.0,0.534,0.0,0.534,0.45,3.0,0.5,0.2403,0.5,0.12015,Only D matched
NV-2,"Benitez-Thompson, Teresa","Flippo, David",R,False,False,,,0.0,0.0,,,0,0,0.0,0.0,0.0,0.0,0.0,0.45,3.0,0.5,0.0,0.0,0.0,Neither matched
NV-3,"Lee, Susie","O'Donnell, Marty",D,True,False,Susie Lee,,1.0,0.0,"2024,2022,2020,2018",,4,0,1.0206521739130436,0.0,0.5103260869565218,0.0,0.5103260869565218,0.45,3.0,0.5,0.22964673913043482,0.5,0.11482336956521741,Only D matched
NV-4,"Horsford, Steven","Whipple, Cody",D,True,False,Steven Horsford,,1.0,0.0,"2024,2022,2020,2018,2014",,5,0,0.9191489361702128,0.0,0.4595744680851064,0.0,0.4595744680851064,0.45,3.0,0.5,0.2068085106382979,0.5,0.10340425531914894,Only D matched
NH-1,,,D,False,False,,,0.0,0.0,,,0,0,0.0,0.0,0.0,0.0,0.0,0.45,3.0,0.5,0.0,0.0,0.0,Neither matched
NH-2,,,D,False,False,,,0.0,0.0,,,0,0,0.0,0.0,0.0,0.0,0.0,0.45,3.0,0.5,0.0,0.0,0.0,Neither matched
NJ-1,"Norcross, Donald","Galdo, Damon",D,True,False,Donald Norcross,,1.0,0.0,"2024,2022,2020,2018,2016,2014",,6,0,-0.8219999999999998,0.0,-0.4109999999999999,0.0,-0.4109999999999999,0.45,3.0,0.5,-0.18494999999999998,0.5,-0.09247499999999999,Only D matched
NJ-2,"Mullock, Zach","Van Drew, Jeff",R,False,True,,Jeff Van Drew,0.0,1.0,,"2024,2022,2020",0,3,0.0,1.1439024390243904,0.0,0.5719512195121952,-0.5719512195121952,0.45,3.0,0.5,-0.25737804878048787,0.5,-0.12868902439024393,Only R matched
NJ-3,"Conaway, Herb","McGuire, Michael",D,True,False,Herb Conaway,,1.0,0.0,2024,,1,0,0.7,0.0,0.35,0.0,0.35,0.45,3.0,0.5,0.1575,0.5,0.07875,Only D matched
NJ-4,"Peace, Rachel","Smith, Chris",R,False,True,,Chris Smith,0.0,1.0,,"2024,2022,2020,2018,2016,2014",0,6,0.0,2.428,0.0,1.214,-1.214,0.45,3.0,0.5,-0.5463,0.5,-0.27315,Only R matched
NJ-5,"Gottheimer, Josh","Kirrane, Sean",D,True,False,Josh Gottheimer,,1.0,0.0,"2024,2022,2020,2018,2016",,5,0,2.363265306122449,0.0,1.1816326530612244,0.0,1.1816326530612244,0.45,3.0,0.5,0.531734693877551,0.5,0.2658673469387755,Only D matched
NJ-6,"Pallone, Frank","Herzig, Hillary",D,True,False,Frank Pallone,,1.0,0.0,"2024,2022,2020,2018,2016,2014",,6,0,1.534,0.0,0.767,0.0,0.767,0.45,3.0,0.5,0.34515,0.5,0.172575,Only D matched
NJ-7,"Bennett, Rebecca","Kean, Tom",R,False,True,,Tom Kean,0.0,1.0,,"2024,2022,2020",0,3,0.0,1.0512195121951222,0.0,0.5256097560975611,-0.5256097560975611,0.45,3.0,0.5,-0.2365243902439025,0.5,-0.11826219512195126,Only R matched
NJ-8,"Menendez, Rob",,D,True,False,Rob Menendez Jr.,,1.0,0.0,"2024,2022",,2,0,0.31666666666666693,0.0,0.15833333333333346,0.0,0.15833333333333346,0.45,3.0,0.5,0.07125000000000006,0.5,0.03562500000000003,Only D matched
NJ-9,"Pou, Nellie","Pino, Rosie",D,True,False,Nellie Pou,,1.0,0.0,2024,,1,0,1.2,0.0,0.6,0.0,0.6,0.45,3.0,0.5,0.27,0.5,0.135,Only D matched
NJ-10,"McIver, LaMonica","Bucco, Carmen",D,True,True,LaMonica McIver,Carmen Bucco,1.0,1.0,2024,2024,1,1,-0.85,0.85,-0.425,0.85,-1.275,0.45,3.0,0.5,-0.57375,1.0,-0.57375,Both matched
NJ-11,"Mejia, Analilia","Hathaway, Joe",D,False,False,,,0.0,0.0,,,0,0,0.0,0.0,0.0,0.0,0.0,0.45,3.0,0.5,0.0,0.0,0.0,Neither matched
NJ-12,"Hamawy, Adam","Mele, Gregg",D,False,False,,,0.0,0.0,,,0,0,0.0,0.0,0.0,0.0,0.0,0.45,3.0,0.5,0.0,0.0,0.0,Neither matched
NM-1,"Stansbury, Melanie","Okpareke, Ndidiamaka Ekwua Charlene",D,True,False,Melanie Stansbury,,1.0,0.0,"2024,2022",,2,0,-1.0030303030303032,0.0,-0.5015151515151516,0.0,-0.5015151515151516,0.45,3.0,0.5,-0.2256818181818182,0.5,-0.1128409090909091,Only D matched
NM-2,"Vazquez, Gabriel","Cunningham, Gregory",D,False,False,,,0.0,0.0,,,0,0,0.0,0.0,0.0,0.0,0.0,0.45,3.0,0.5,0.0,0.0,0.0,Neither matched
NM-3,"Fernandez, Teresa Leger","Zamora, Martin",D,True,False,Teresa Leger Fernandez,,1.0,0.0,"2024,2022,2020",,3,0,2.0024390243902443,0.0,1.0012195121951222,0.0,1.0012195121951222,0.45,3.0,0.5,0.450548780487805,0.5,0.2252743902439025,Only D matched
NY-1,"Gallant, Christopher","LaLota, Nick",R,False,True,,Nick LaLota,0.0,1.0,,"2024,2022",0,2,0.0,-0.7378787878787879,0.0,-0.36893939393939396,0.36893939393939396,0.45,3.0,0.5,0.1660227272727273,0.5,0.08301136363636365,Only R matched
NY-2,"Halpin, Patrick","Garbarino, Andrew",R,False,True,,Andrew Garbarino,0.0,1.0,,"2024,2022,2020",0,3,0.0,1.928048780487805,0.0,0.9640243902439025,-0.9640243902439025,0.45,3.0,0.5,-0.4338109756097561,0.5,-0.21690548780487806,Only R matched
NY-3,"Suozzi, Tom","LiPetri, Michael",D,True,True,Tom Suozzi,Michael LiPetri,1.0,1.0,"2024,2020,2018,2016",2024,4,1,1.1402777777777777,-0.95,0.5701388888888889,-0.95,1.520138888888889,0.45,3.0,0.5,0.6840625,1.0,0.6840625,Both matched
NY-4,"Gillen, Laura","Driscoll, Jeanine",D,True,False,Laura Gillen,,1.0,0.0,"2024,2022",,2,0,-0.4439393939393939,0.0,-0.22196969696969696,0.0,-0.22196969696969696,0.45,3.0,0.5,-0.09988636363636363,0.5,-0.04994318181818182,Only D matched
NY-5,"Meeks, Gregory","Marks, George",D,True,False,Gregory Meeks,,1.0,0.0,"2024,2022",,2,0,-1.8212121212121213,0.0,-0.9106060606060606,0.0,-0.9106060606060606,0.45,3.0,0.5,-0.4097727272727273,0.5,-0.20488636363636364,Only D matched
NY-6,"Meng, Grace","Chou, Joseph",D,True,False,Grace Meng,,1.0,0.0,"2024,2022,2020,2016",,4,0,3.9795454545454545,0.0,1.9897727272727272,0.0,1.9897727272727272,0.45,3.0,0.5,0.8953977272727273,0.5,0.44769886363636363,Only D matched
NY-7,"Valdez, Claire","Rivera, Melvin",D,False,False,,,0.0,0.0,,,0,0,0.0,0.0,0.0,0.0,0.0,0.45,3.0,0.5,0.0,0.0,0.0,Neither matched
NY-8,"Jeffries, Hakeem","Mizrahi, Lewis",D,True,False,Hakeem Jeffries,,1.0,0.0,"2024,2022,2020",,3,0,0.1865853658536586,0.0,0.0932926829268293,0.0,0.0932926829268293,0.45,3.0,0.5,0.04198170731707319,0.5,0.020990853658536594,Only D matched
NY-9,"Clarke, Yvette","Azumah, Joel",D,True,False,Yvette Clarke,,1.0,0.0,"2024,2020,2018",,3,0,1.6090909090909091,0.0,0.8045454545454546,0.0,0.8045454545454546,0.45,3.0,0.5,0.36204545454545456,0.5,0.18102272727272728,Only D matched
NY-10,"Lander, Brad","Moore, Jennifer",D,False,False,,,0.0,0.0,,,0,0,0.0,0.0,0.0,0.0,0.0,0.45,3.0,0.5,0.0,0.0,0.0,Neither matched
NY-11,"DeCillis, Mike","Malliotakis, Nicole",R,False,True,,Nicole Malliotakis,0.0,1.0,,"2024,2022,2020",0,3,0.0,0.6353658536585367,0.0,0.31768292682926835,-0.31768292682926835,0.45,3.0,0.5,-0.14295731707317078,0.5,-0.07147865853658539,Only R matched
NY-12,"Lasher, Micah","Shinkle, Caroline",D,False,False,,,0.0,0.0,,,0,0,0.0,0.0,0.0,0.0,0.0,0.45,3.0,0.5,0.0,0.0,0.0,Neither matched
NY-13,"Avila Chevalier, Darializa","Williams, Jomo",D,False,False,,,0.0,0.0,,,0,0,0.0,0.0,0.0,0.0,0.0,0.45,3.0,0.5,0.0,0.0,0.0,Neither matched
NY-14,"Ocasio-Cortez, Alexandria","Hysenaj, Diamant",D,True,False,Alexandria Ocasio-Cortez,,1.0,0.0,"2024,2022,2020,2018",,4,0,-0.4815217391304349,0.0,-0.24076086956521744,0.0,-0.24076086956521744,0.45,3.0,0.5,-0.10834239130434785,0.5,-0.054171195652173924,Only D matched
NY-15,"Torres, Richie","Sapaskis, Stylo",D,False,True,,Stylo Sapaskis,0.0,1.0,,2022,0,1,0.0,-2.95,0.0,-2.95,2.95,0.45,3.0,0.5,1.3275000000000001,0.5,0.6637500000000001,Only R matched
NY-16,"Latimer, George","Cinquemani, Joseph",D,True,False,George Latimer,,1.0,0.0,2024,,1,0,3.8,0.0,1.9,0.0,1.9,0.45,3.0,0.5,0.855,0.5,0.4275,Only D matched
NY-17,"Conley, Cait","Lawler, Mike",R,False,True,,Mike Lawler,0.0,1.0,,"2024,2022",0,2,0.0,1.4863636363636363,0.0,0.7431818181818182,-0.7431818181818182,0.45,3.0,0.5,-0.33443181818181816,0.5,-0.16721590909090908,Only R matched
NY-18,"Ryan, Pat","Auringer, Jackie Mary",D,True,False,Pat Ryan,,1.0,0.0,"2024,2022",,2,0,2.9863636363636368,0.0,1.4931818181818184,0.0,1.4931818181818184,0.45,3.0,0.5,0.6719318181818182,0.5,0.3359659090909091,Only D matched
NY-19,"Riley, Josh","Oberacker, Peter",D,True,False,Josh Riley,,1.0,0.0,"2024,2022",,2,0,2.0303030303030303,0.0,1.0151515151515151,0.0,1.0151515151515151,0.45,3.0,0.5,0.45681818181818185,0.5,0.22840909090909092,Only D matched
NY-20,"Tonko, Paul","Ambrosio, Ralph",D,True,False,Paul Tonko,,1.0,0.0,"2024,2022,2020,2018,2016,2014",,6,0,1.816,0.0,0.908,0.0,0.908,0.45,3.0,0.5,0.4086,0.5,0.2043,Only D matched
NY-21,"Gendebein, Blake","Constantino, Anthony",R,False,False,,,0.0,0.0,,,0,0,0.0,0.0,0.0,0.0,0.0,0.45,3.0,0.5,0.0,0.0,0.0,Neither matched
NY-22,"Mannion, John","Buller, Kailee Marie",D,True,False,John Mannion,,1.0,0.0,2024,,1,0,2.55,0.0,1.275,0.0,1.275,0.45,3.0,0.5,0.57375,0.5,0.286875,Only D matched
NY-23,"Gies, Aaron","Langworthy, Nick",R,False,True,,Nick Langworthy,0.0,1.0,,"2024,2022",0,2,0.0,2.266666666666667,0.0,1.1333333333333335,-1.1333333333333335,0.45,3.0,0.5,-0.5100000000000001,0.5,-0.25500000000000006,Only R matched
NY-24,"Ellman, Elissa","Tenney, Claudia",R,False,True,,Claudia Tenney,0.0,1.0,,"2024,2022,2020,2018,2016",0,5,0.0,-0.4071428571428572,0.0,-0.2035714285714286,0.2035714285714286,0.45,3.0,0.5,0.09160714285714287,0.5,0.04580357142857144,Only R matched
NY-25,"Morelle, Joseph","McIntyre, Virginia",D,True,False,Joe Morelle,,1.0,0.0,"2024,2022,2020,2018",,4,0,-0.7097826086956521,0.0,-0.35489130434782606,0.0,-0.35489130434782606,0.45,3.0,0.5,-0.15970108695652174,0.5,-0.07985054347826087,Only D matched
NY-26,"Kennedy, Tim","Hannon, Dennis",D,True,False,Tim Kennedy,,1.0,0.0,2024,,1,0,3.35,0.0,1.675,0.0,1.675,0.45,3.0,0.5,0.75375,0.5,0.376875,Only D matched
NC-1,"Davis, Don","Buckhout, Laurie",D,True,True,Don Davis,Laurie Buckhout,1.0,1.0,"2024,2022",2024,2,1,1.0045454545454546,-1.3,0.5022727272727273,-1.3,1.8022727272727272,0.45,3.0,0.5,0.8110227272727273,1.0,0.8110227272727273,Both matched
NC-2,"Ross, Deborah","Douglass, Eugene",D,True,False,Deborah Ross,,1.0,0.0,"2024,2022,2020",,3,0,-0.00853658536585364,0.0,-0.00426829268292682,0.0,-0.00426829268292682,0.45,3.0,0.5,-0.001920731707317069,0.5,-0.0009603658536585345,Only D matched
NC-3,"Smith, Raymond","Murphy, Greg",R,False,True,,Greg Murphy,0.0,1.0,,"2022,2020",0,2,0.0,0.2690476190476191,0.0,0.13452380952380955,-0.13452380952380955,0.45,3.0,0.5,-0.0605357142857143,0.5,-0.03026785714285715,Only R matched
NC-4,"Foushee, Valerie","Ganorkar, Mahesh",D,True,False,Valerie Foushee,,1.0,0.0,"2024,2022",,2,0,0.5015151515151515,0.0,0.25075757575757573,0.0,0.25075757575757573,0.45,3.0,0.5,0.11284090909090909,0.5,0.056420454545454544,Only D matched
NC-5,"Hubbard, Chuck","Foxx, Virginia",R,True,True,Chuck Hubbard,Virginia Foxx,1.0,1.0,2024,"2024,2022,2020,2018,2016,2014",1,6,2.05,-1.653,2.05,-0.8265,2.8765,0.45,3.0,0.5,1.2944250000000002,1.0,1.2944250000000002,Both matched
NC-6,"Jefferson, Cyril","McDowell, Addison",R,False,False,,,0.0,0.0,,,0,0,0.0,0.0,0.0,0.0,0.0,0.45,3.0,0.5,0.0,0.0,0.0,Neither matched
NC-7,"Hardy, Kimberly","Rouzer, Davis",R,False,False,,,0.0,0.0,,,0,0,0.0,0.0,0.0,0.0,0.0,0.45,3.0,0.5,0.0,0.0,0.0,Neither matched
NC-8,"Watson, Colby","Harris, Mark",R,False,True,,Mark Harris,0.0,1.0,,"2024,2018",0,2,0.0,-1.69,0.0,-0.845,0.845,0.45,3.0,0.5,0.38025,0.5,0.190125,Only R matched
NC-9,"Ojeda, Richard","Hudson, Richard",R,True,True,Richard Ojeda,Richard Hudson,1.0,1.0,2018,"2024,2022,2020,2018,2016,2014",1,6,9.65,-1.259,9.65,-0.6295,10.2795,0.45,3.0,0.5,3.0,1.0,3.0,Both matched
NC-10,"Bell, Ashley","Harrigan, Pat",R,False,True,,Pat Harrigan,0.0,1.0,,"2024,2022",0,2,0.0,-0.8242424242424242,0.0,-0.4121212121212121,0.4121212121212121,0.45,3.0,0.5,0.18545454545454546,0.5,0.09272727272727273,Only R matched
NC-11,"Ager, Jamie","Edwards, Chuck",R,False,True,,Chuck Edwards,0.0,1.0,,"2024,2022",0,2,0.0,-1.006060606060606,0.0,-0.503030303030303,0.503030303030303,0.45,3.0,0.5,0.22636363636363638,0.5,0.11318181818181819,Only R matched
NC-12,"Adams, Alma","Codiga, Jack",D,True,False,Alma Adams,,1.0,0.0,"2024,2022,2018,2016,2014",,5,0,-0.9238095238095237,0.0,-0.4619047619047619,0.0,-0.4619047619047619,0.45,3.0,0.5,-0.20785714285714285,0.5,-0.10392857142857143,Only D matched
NC-13,"Barringer, Paul","Knott, Brad",R,False,True,,Brad Knott,0.0,1.0,,2024,0,1,0.0,-1.75,0.0,-0.875,0.875,0.45,3.0,0.5,0.39375,0.5,0.196875,Only R matched
NC-14,"Womack, Lakesha","Moore, Tim",R,False,True,,Tim Moore,0.0,1.0,,2024,0,1,0.0,-1.5,0.0,-0.75,0.75,0.45,3.0,0.5,0.3375,0.5,0.16875,Only R matched
ND-AL,"Hammer, Trygve","Fedorchak, Julie",R,True,True,Trygve Hammer,Julie Fedorchak,1.0,1.0,2024,2024,1,1,-0.6,0.6,-0.6,0.3,-0.8999999999999999,0.45,3.0,0.5,-0.40499999999999997,1.0,-0.40499999999999997,Both matched
OH-1,"Landsman, Greg","Conroy, Eric",D,True,False,Greg Landsman,,1.0,0.0,"2024,2022",,2,0,0.7909090909090909,0.0,0.39545454545454545,0.0,0.39545454545454545,0.45,3.0,0.5,0.17795454545454545,0.5,0.08897727272727272,Only D matched
OH-2,"Mazzuckelli, Jen","Taylor, David",R,False,True,,David Taylor,0.0,1.0,,2024,0,1,0.0,0.4,0.0,0.2,-0.2,0.45,3.0,0.5,-0.09000000000000001,0.5,-0.045000000000000005,Only R matched
OH-3,"Beatty, Joyce","Dulaney, Cleophus",D,True,False,Joyce Beatty,,1.0,0.0,"2024,2022,2020,2018,2016,2014",,6,0,-1.171,0.0,-0.5855,0.0,-0.5855,0.45,3.0,0.5,-0.263475,0.5,-0.1317375,Only D matched
OH-4,"Kolasinski, Joshua","Jordan, Jim",R,False,True,,Jim Jordan,0.0,1.0,,"2024,2022,2020,2018,2016,2014",0,6,0.0,-0.977,0.0,-0.4885,0.4885,0.45,3.0,0.5,0.219825,0.5,0.1099125,Only R matched
OH-5,"Shaver, Brian","Latta, Bob",R,False,True,,Bob Latta,0.0,1.0,,"2024,2022,2020,2018,2016,2014",0,6,0.0,2.08,0.0,1.04,-1.04,0.45,3.0,0.5,-0.468,0.5,-0.234,Only R matched
OH-6,"Kirtley, Elizabeth","Rulli, Michael",R,False,True,,Michael Rulli,0.0,1.0,,2024,0,1,0.0,-0.75,0.0,-0.375,0.375,0.45,3.0,0.5,0.16875,0.5,0.084375,Only R matched
OH-7,"Poindexter, Brian","Miller, Max",R,False,True,,Max Miller,0.0,1.0,,"2024,2022",0,2,0.0,0.024242424242424232,0.0,0.012121212121212116,-0.012121212121212116,0.45,3.0,0.5,-0.005454545454545452,0.5,-0.002727272727272726,Only R matched
OH-8,"Enoch, Vanessa","Davidson, Warren",R,True,True,Vanessa Enoch,Warren Davidson,1.0,1.0,"2024,2022,2020,2018","2024,2022,2020,2018,2016",4,5,0.16847826086956516,-0.08163265306122441,0.16847826086956516,-0.04081632653061221,0.20929458740017737,0.45,3.0,0.5,0.09418256433007982,1.0,0.09418256433007982,Both matched
OH-9,"Kaptur, Marcy","Merrin, Derek",D,True,True,Marcy Kaptur,Derrick Merrin,1.0,1.0,"2024,2022,2020,2018,2016,2014",2024,6,1,3.5340000000000003,-2.4,1.7670000000000001,-2.4,4.167,0.45,3.0,0.5,1.8751499999999999,1.0,1.8751499999999999,Both matched
OH-10,"Knickerbocker, Chrstina","Turner, Michael",R,False,True,,Mike Turner,0.0,1.0,,"2024,2022,2020,2018,2016,2014",0,6,0.0,5.574,0.0,2.787,-2.787,0.45,3.0,0.5,-1.25415,0.5,-0.627075,Only R matched
OH-11,"Brown, Shontel","Kirchner, Mike",D,True,False,Shontel Brown,,1.0,0.0,"2024,2022",,2,0,0.809090909090909,0.0,0.4045454545454545,0.0,0.4045454545454545,0.45,3.0,0.5,0.1820454545454545,0.5,0.09102272727272726,Only D matched
OH-12,"Christian, Jerrad","Balderson, Troy",R,True,True,Jerrad Christian,Troy Balderson,1.0,1.0,2024,"2024,2022,2020,2018",1,4,-0.45,0.9119565217391306,-0.45,0.4559782608695653,-0.9059782608695652,0.45,3.0,0.5,-0.40769021739130434,1.0,-0.40769021739130434,Both matched
OH-13,"Sykes, Emilia","Coleman, Carey",D,True,False,Emilia Sykes,,1.0,0.0,"2024,2022",,2,0,0.9696969696969698,0.0,0.4848484848484849,0.0,0.4848484848484849,0.45,3.0,0.5,0.21818181818181823,0.5,0.10909090909090911,Only D matched
OH-14,"Jukic, Maria","Joyce, David",R,False,True,,David Joyce,0.0,1.0,,"2024,2022,2020,2018,2016,2014",0,6,0.0,2.5940000000000003,0.0,1.2970000000000002,-1.2970000000000002,0.45,3.0,0.5,-0.5836500000000001,0.5,-0.29182500000000006,Only R matched
OH-15,"Leonard, Don","Carey, Mike",R,False,True,,Mike Carey,0.0,1.0,,"2024,2022",0,2,0.0,-0.03939393939393936,0.0,-0.01969696969696968,0.01969696969696968,0.45,3.0,0.5,0.008863636363636357,0.5,0.004431818181818178,Only R matched
OK-1,"Croisant, John",,R,False,False,,,0.0,0.0,,,0,0,0.0,0.0,0.0,0.0,0.0,0.45,3.0,0.5,0.0,0.0,0.0,Neither matched
OK-2,"Wade, Brandon","Brecheen, Josh",R,True,True,Brandon Wade,Josh Brecheen,1.0,1.0,2024,"2024,2022",1,2,2.45,-2.3121212121212125,2.45,-1.1560606060606062,3.6060606060606064,0.45,3.0,0.5,1.622727272727273,1.0,1.622727272727273,Both matched
OK-3,"Byrd, Suzie","Lucas, Frank",R,False,True,,Frank Lucas,0.0,1.0,,"2022,2020,2018,2016,2014",0,5,0.0,-0.37333333333333335,0.0,-0.18666666666666668,0.18666666666666668,0.45,3.0,0.5,0.084,0.5,0.042,Only R matched
OK-4,"Jacob, Mitchell","Cole, Tom",R,False,True,,Tom Cole,0.0,1.0,,"2024,2022,2020,2018,2016,2014",0,7,0.0,0.06285714285714282,0.0,0.03142857142857141,-0.03142857142857141,0.45,3.0,0.5,-0.014142857142857134,0.5,-0.007071428571428567,Only R matched
OK-5,"Nelson, Gina","Bice, Stephanie",R,False,True,,Stephanie Bice,0.0,1.0,,"2024,2022,2020",0,3,0.0,-1.2353658536585368,0.0,-0.6176829268292684,0.6176829268292684,0.45,3.0,0.5,0.2779573170731708,0.5,0.1389786585365854,Only R matched
OR-1,"Bonamici, Suzanne","Kahl, Barbara",D,True,False,Suzanne Bonamici,,1.0,0.0,"2024,2022,2020,2018,2016,2014",,6,0,0.07499999999999998,0.0,0.03749999999999999,0.0,0.03749999999999999,0.45,3.0,0.5,0.016874999999999998,0.5,0.008437499999999999,Only D matched
OR-2,"Beck, Chris","Bentz, Cliff",R,False,True,,Cliff Bentz,0.0,1.0,,"2024,2022,2020",0,3,0.0,1.2829268292682927,0.0,0.6414634146341464,-0.6414634146341464,0.45,3.0,0.5,-0.2886585365853659,0.5,-0.14432926829268294,Only R matched
OR-3,"Dexter, Maxine","Ayles, Loran",D,True,False,Maxine Dexter,,1.0,0.0,2024,,1,0,0.0,0.0,0.0,0.0,0.0,0.45,3.0,0.5,0.0,0.5,0.0,Only D matched
OR-4,"Hoyle, Val","DeSpain, Monique",D,True,True,Val Hoyle,Monique DeSpain,1.0,1.0,"2024,2022",2024,2,1,-1.9090909090909092,3.15,-0.9545454545454546,3.15,-4.1045454545454545,0.45,3.0,0.5,-1.8470454545454547,1.0,-1.8470454545454547,Both matched
OR-5,"Bynum, Janelle","Adair, Patti",D,True,False,Janelle Bynum,,1.0,0.0,2024,,1,0,-0.45,0.0,-0.225,0.0,-0.225,0.45,3.0,0.5,-0.10125,0.5,-0.050625,Only D matched
OR-6,"Salinas, Andrea","Russ, David",D,True,False,Andrea Salinas,,1.0,0.0,"2024,2022",,2,0,-3.0560606060606066,0.0,-1.5280303030303033,0.0,-1.5280303030303033,0.45,3.0,0.5,-0.6876136363636365,0.5,-0.34380681818181824,Only D matched
PA-1,"Harvie, Bob","Fitzpatrick, Brian",R,False,True,,Brian Fitzpatrick,0.0,1.0,,"2024,2022,2020,2018,2016",0,5,0.0,5.424489795918367,0.0,2.7122448979591836,-2.7122448979591836,0.45,3.0,0.5,-1.2205102040816327,0.5,-0.6102551020408163,Only R matched
PA-2,"Boyle, Brendan","Arriaga, Jessica",D,True,False,Brendan Boyle,,1.0,0.0,"2024,2022,2020,2018,2014",,5,0,2.0404255319148934,0.0,1.0202127659574467,0.0,1.0202127659574467,0.45,3.0,0.5,0.459095744680851,0.5,0.2295478723404255,Only D matched
PA-3,"Rabb, Chris",,D,False,False,,,0.0,0.0,,,0,0,0.0,0.0,0.0,0.0,0.0,0.45,3.0,0.5,0.0,0.0,0.0,Neither matched
PA-4,"Dean, Madeline","Stutski, Aurora",D,False,False,,,0.0,0.0,,,0,0,0.0,0.0,0.0,0.0,0.0,0.45,3.0,0.5,0.0,0.0,0.0,Neither matched
PA-5,"Scanlon, Mary Gay","Mangarano, Nick",D,True,False,Mary Gay Scanlon,,1.0,0.0,"2024,2022,2020,2018",,4,0,-0.7804347826086957,0.0,-0.39021739130434785,0.0,-0.39021739130434785,0.45,3.0,0.5,-0.17559782608695654,0.5,-0.08779891304347827,Only D matched
PA-6,"Houlahan, Chrissy","Young, Marty",D,True,False,Chrissy Houlahan,,1.0,0.0,"2024,2022,2020,2018",,4,0,-0.47500000000000003,0.0,-0.23750000000000002,0.0,-0.23750000000000002,0.45,3.0,0.5,-0.10687500000000001,0.5,-0.053437500000000006,Only D matched
PA-7,"Brooks, Bob","Mackenzie, Ryan",R,False,True,,Ryan Mackenzie,0.0,1.0,,2024,0,1,0.0,0.05,0.0,0.025,-0.025,0.45,3.0,0.5,-0.011250000000000001,0.5,-0.005625000000000001,Only R matched
PA-8,"Cognetti, Paige","Bresnahan, Rob",R,False,True,,Rob Bresnahan,0.0,1.0,,2024,0,1,0.0,-1.45,0.0,-0.725,0.725,0.45,3.0,0.5,0.32625,0.5,0.163125,Only R matched
PA-9,"Wallace, Rachel","Meuser, Dan",R,False,True,,Dan Meuser,0.0,1.0,,"2024,2022,2020",0,3,0.0,-0.575609756097561,0.0,-0.2878048780487805,0.2878048780487805,0.45,3.0,0.5,0.12951219512195125,0.5,0.06475609756097563,Only R matched
PA-10,"Stelson, Janelle","Perry, Scott",R,True,True,Janelle Stelson,Scott Perry,1.0,1.0,2024,"2024,2022,2020,2018,2016,2014",1,6,4.4,-1.612,4.4,-0.806,5.206,0.45,3.0,0.5,2.3427000000000002,1.0,2.3427000000000002,Both matched
PA-11,"Mannion, Nancy","Smucker, Lloyd",R,False,True,,Lloyd Smucker,0.0,1.0,,"2024,2022,2020,2018,2016",0,5,0.0,-0.5326530612244899,0.0,-0.2663265306122449,0.2663265306122449,0.45,3.0,0.5,0.11984693877551023,0.5,0.05992346938775511,Only R matched
PA-12,"Lee, Summer","Hayes, James",D,True,True,Summer Lee,James Hayes,1.0,1.0,"2024,2022",2024,2,1,-3.7030303030303027,3.9,-1.8515151515151513,3.9,-5.751515151515151,0.45,3.0,0.5,-2.588181818181818,1.0,-2.588181818181818,Both matched
PA-13,"Farnham, Beth","Joyce, John",R,True,True,Beth Farnham,John Joyce,1.0,1.0,2024,"2024,2020,2018",1,3,-0.05,0.08484848484848483,-0.05,0.04242424242424241,-0.09242424242424241,0.45,3.0,0.5,-0.04159090909090909,1.0,-0.04159090909090909,Both matched
PA-14,"Bradstock, Alan","Reschenthaler, Guy",R,False,True,,Guy Reschenthaler,0.0,1.0,,"2024,2020,2018",0,3,0.0,-1.8484848484848488,0.0,-0.9242424242424244,0.9242424242424244,0.45,3.0,0.5,0.415909090909091,0.5,0.2079545454545455,Only R matched
PA-15,"Bilger, Ray","Thompson, Glenn",R,False,True,,Glenn Thompson,0.0,1.0,,"2024,2022,2020,2018,2016,2014",0,6,0.0,0.15299999999999997,0.0,0.07649999999999998,-0.07649999999999998,0.45,3.0,0.5,-0.034425,0.5,-0.0172125,Only R matched
PA-16,"Wagner, Justin","Kelly, Mike",R,False,True,,Mike Kelly,0.0,1.0,,"2024,2022,2020,2018,2014",0,5,0.0,-1.101063829787234,0.0,-0.550531914893617,0.550531914893617,0.45,3.0,0.5,0.24773936170212765,0.5,0.12386968085106383,Only R matched
PA-17,"DeLuzio, Chris","Guy, Tony",D,True,False,Chris Deluzio,,1.0,0.0,"2024,2022",,2,0,0.8212121212121213,0.0,0.41060606060606064,0.0,0.41060606060606064,0.45,3.0,0.5,0.18477272727272728,0.5,0.09238636363636364,Only D matched
RI-1,,,D,False,False,,,0.0,0.0,,,0,0,0.0,0.0,0.0,0.0,0.0,0.45,3.0,0.5,0.0,0.0,0.0,Neither matched
RI-2,,,D,False,False,,,0.0,0.0,,,0,0,0.0,0.0,0.0,0.0,0.0,0.45,3.0,0.5,0.0,0.0,0.0,Neither matched
SC-1,"Lacore, Nancy","Honeycutt, Jenny Costa",R,False,False,,,0.0,0.0,,,0,0,0.0,0.0,0.0,0.0,0.0,0.45,3.0,0.5,0.0,0.0,0.0,Neither matched
SC-2,"Khalifa, Zion","Wilson, Joe",R,False,True,,Joe Wilson,0.0,1.0,,"2024,2022,2020,2018,2016,2014",0,6,0.0,-0.642,0.0,-0.321,0.321,0.45,3.0,0.5,0.14445,0.5,0.072225,Only R matched
SC-3,"Lehmacher, Eunice","Biggs, Sherri",R,False,False,,,0.0,0.0,,,0,0,0.0,0.0,0.0,0.0,0.0,0.45,3.0,0.5,0.0,0.0,0.0,Neither matched
SC-4,"McClain, Courtney","Timmons, William",R,False,True,,William Timmons,0.0,1.0,,"2024,2020,2018",0,3,0.0,-1.4151515151515153,0.0,-0.7075757575757576,0.7075757575757576,0.45,3.0,0.5,0.3184090909090909,0.5,0.15920454545454546,Only R matched
SC-5,"Dittmer, Mallory","Climer, Wes",R,False,False,,,0.0,0.0,,,0,0,0.0,0.0,0.0,0.0,0.0,0.45,3.0,0.5,0.0,0.0,0.0,Neither matched
SC-6,"Clyburn, Jim","Peterson, John",D,True,False,Jim Clyburn,,1.0,0.0,"2024,2022,2020,2018,2016,2014",,6,0,-0.9709999999999999,0.0,-0.48549999999999993,0.0,-0.48549999999999993,0.45,3.0,0.5,-0.21847499999999997,0.5,-0.10923749999999999,Only D matched
SC-7,"Vincent, John","Fry, Russell",R,False,True,,Russell Fry,0.0,1.0,,"2024,2022",0,2,0.0,0.8575757575757577,0.0,0.42878787878787883,-0.42878787878787883,0.45,3.0,0.5,-0.1929545454545455,0.5,-0.09647727272727274,Only R matched
SD-AL,"Gronli, Nicole","Jackley, Marty",R,False,False,,,0.0,0.0,,,0,0,0.0,0.0,0.0,0.0,0.0,0.45,3.0,0.5,0.0,0.0,0.0,Neither matched
TN-1,,,R,False,False,,,0.0,0.0,,,0,0,0.0,0.0,0.0,0.0,0.0,0.45,3.0,0.5,0.0,0.0,0.0,Neither matched
TN-2,,,R,False,False,,,0.0,0.0,,,0,0,0.0,0.0,0.0,0.0,0.0,0.45,3.0,0.5,0.0,0.0,0.0,Neither matched
TN-3,,,R,False,False,,,0.0,0.0,,,0,0,0.0,0.0,0.0,0.0,0.0,0.45,3.0,0.5,0.0,0.0,0.0,Neither matched
TN-4,,,R,False,False,,,0.0,0.0,,,0,0,0.0,0.0,0.0,0.0,0.0,0.45,3.0,0.5,0.0,0.0,0.0,Neither matched
TN-5,,,R,False,False,,,0.0,0.0,,,0,0,0.0,0.0,0.0,0.0,0.0,0.45,3.0,0.5,0.0,0.0,0.0,Neither matched
TN-6,,,R,False,False,,,0.0,0.0,,,0,0,0.0,0.0,0.0,0.0,0.0,0.45,3.0,0.5,0.0,0.0,0.0,Neither matched
TN-7,,,R,False,False,,,0.0,0.0,,,0,0,0.0,0.0,0.0,0.0,0.0,0.45,3.0,0.5,0.0,0.0,0.0,Neither matched
TN-8,,,R,False,False,,,0.0,0.0,,,0,0,0.0,0.0,0.0,0.0,0.0,0.45,3.0,0.5,0.0,0.0,0.0,Neither matched
TN-9,,,D,False,False,,,0.0,0.0,,,0,0,0.0,0.0,0.0,0.0,0.0,0.45,3.0,0.5,0.0,0.0,0.0,Neither matched
TX-1,"Prince, Yolanda","Moran, Nathaniel",R,False,True,,Nathaniel Moran,0.0,1.0,,2022,0,1,0.0,1.4,0.0,0.7,-0.7,0.45,3.0,0.5,-0.315,0.5,-0.1575,Only R matched
TX-2,"Finnie, Shaun","Toth, Steve",R,False,False,,,0.0,0.0,,,0,0,0.0,0.0,0.0,0.0,0.0,0.45,3.0,0.5,0.0,0.0,0.0,Neither matched
TX-3,"Hunt, Evan","Self, Keith",R,False,True,,Keith Self,0.0,1.0,,"2024,2022",0,2,0.0,0.5196969696969698,0.0,0.2598484848484849,-0.2598484848484849,0.45,3.0,0.5,-0.1169318181818182,0.5,-0.0584659090909091,Only R matched
TX-4,"Pearce, Jason","Fallon, Pat",R,False,True,,Pat Fallon,0.0,1.0,,"2024,2022,2020",0,3,0.0,0.25609756097560976,0.0,0.12804878048780488,-0.12804878048780488,0.45,3.0,0.5,-0.0576219512195122,0.5,-0.0288109756097561,Only R matched
TX-5,"Hockett, Chrissy ","Gooden, Lance",R,False,True,,Lance Gooden,0.0,1.0,,"2024,2022,2020,2018",0,4,0.0,-1.1347826086956523,0.0,-0.5673913043478261,0.5673913043478261,0.45,3.0,0.5,0.25532608695652176,0.5,0.12766304347826088,Only R matched
TX-6,"Minton, Danny","Ellzey, Jake",R,False,True,,Jake Ellzey,0.0,1.0,,2024,0,1,0.0,-1.05,0.0,-0.525,0.525,0.45,3.0,0.5,0.23625000000000002,0.5,0.11812500000000001,Only R matched
TX-7,"Fletcher, Lizzie","Hale, Alexander",D,True,False,Lizzie Fletcher,,1.0,0.0,"2024,2022,2020,2018",,4,0,-0.13043478260869562,0.0,-0.06521739130434781,0.0,-0.06521739130434781,0.45,3.0,0.5,-0.029347826086956515,0.5,-0.014673913043478258,Only D matched
TX-8,"Jones, Laura","Steinmann, Jessica",R,True,False,Laura Jones,,1.0,0.0,"2024,2022",,2,0,0.19242424242424236,0.0,0.19242424242424236,0.0,0.19242424242424236,0.45,3.0,0.5,0.08659090909090907,0.5,0.04329545454545453,Only D matched
TX-9,"Gutierrez, Leticia","Mealer, Alex",D,False,False,,,0.0,0.0,,,0,0,0.0,0.0,0.0,0.0,0.0,0.45,3.0,0.5,0.0,0.0,0.0,Neither matched
TX-10,"Rourk, Caitlin","Gober, Chris",R,False,False,,,0.0,0.0,,,0,0,0.0,0.0,0.0,0.0,0.0,0.45,3.0,0.5,0.0,0.0,0.0,Neither matched
TX-11,"Reynolds, Claire","Pfluger, Ausatin",R,False,False,,,0.0,0.0,,,0,0,0.0,0.0,0.0,0.0,0.0,0.45,3.0,0.5,0.0,0.0,0.0,Neither matched
TX-12,"Rodriguez Prilliman, Angela","Goldman, Craig",R,False,True,,Craig Goldman,0.0,1.0,,2024,0,1,0.0,1.1,0.0,0.55,-0.55,0.45,3.0,0.5,-0.24750000000000003,0.5,-0.12375000000000001,Only R matched
TX-13,"Nair, Mark","Jackson, Ronny",R,False,True,,Ronny Jackson,0.0,1.0,,"2022,2020",0,2,0.0,-2.073809523809524,0.0,-1.036904761904762,1.036904761904762,0.45,3.0,0.5,0.4666071428571429,0.5,0.23330357142857144,Only R matched
TX-14,"Bartie, Thurmond","Weber, Randy",R,False,True,,Randy Weber,0.0,1.0,,"2024,2022,2020,2018,2016,2014",0,6,0.0,-0.09999999999999996,0.0,-0.04999999999999998,0.04999999999999998,0.45,3.0,0.5,0.022499999999999992,0.5,0.011249999999999996,Only R matched
TX-15,"Pulido, Bobby","De La Cruz, Monica",R,False,True,,Monica de la Cruz,0.0,1.0,,"2024,2022,2020",0,3,0.0,-1.447560975609756,0.0,-0.723780487804878,0.723780487804878,0.45,3.0,0.5,0.3257012195121951,0.5,0.16285060975609755,Only R matched
TX-16,"Escobar, Veronica","Bauman, Adam",D,True,False,Veronica Escobar,,1.0,0.0,"2024,2022,2020,2018",,4,0,-1.6760869565217393,0.0,-0.8380434782608697,0.0,-0.8380434782608697,0.45,3.0,0.5,-0.3771195652173914,0.5,-0.1885597826086957,Only D matched
TX-17,"Shepard, Casey","Sessions, Pete",R,False,True,,Pete Sessions,0.0,1.0,,"2024,2022,2020,2018,2014",0,5,0.0,-0.17446808510638298,0.0,-0.08723404255319149,0.08723404255319149,0.45,3.0,0.5,0.03925531914893617,0.5,0.019627659574468086,Only R matched
TX-18,"Menefee, Christian","Whitfield, Ronald",D,False,False,,,0.0,0.0,,,0,0,0.0,0.0,0.0,0.0,0.0,0.45,3.0,0.5,0.0,0.0,0.0,Neither matched
TX-19,"Rable, Kyle","Sell, Tom",R,False,False,,,0.0,0.0,,,0,0,0.0,0.0,0.0,0.0,0.0,0.45,3.0,0.5,0.0,0.0,0.0,Neither matched
TX-20,"Castro, Joaquin","Baez, Edgardo",D,True,False,Joaquin Castro,,1.0,0.0,"2022,2020",,2,0,3.5738095238095235,0.0,1.7869047619047618,0.0,1.7869047619047618,0.45,3.0,0.5,0.8041071428571428,0.5,0.4020535714285714,Only D matched
TX-21,"Hook, Kristin","Teixeira, Mark",R,True,False,Kristin Hook,,1.0,0.0,2024,,1,0,1.3,0.0,1.3,0.0,1.3,0.45,3.0,0.5,0.5850000000000001,0.5,0.29250000000000004,Only D matched
TX-22,"Greene-Scott, Marquette","Nehls, Trever",R,True,False,Marquette Greene-Scott,,1.0,0.0,2024,,1,0,-0.1,0.0,-0.1,0.0,-0.1,0.45,3.0,0.5,-0.045000000000000005,0.5,-0.022500000000000003,Only D matched
TX-23,"Padilla, Katie","Herrera, Brandon",R,False,False,,,0.0,0.0,,,0,0,0.0,0.0,0.0,0.0,0.0,0.45,3.0,0.5,0.0,0.0,0.0,Neither matched
TX-24,"Burge, Kevin","Van Duyne, Beth",R,False,True,,Beth Van Duyne,0.0,1.0,,"2024,2022,2020",0,3,0.0,-0.26829268292682923,0.0,-0.13414634146341461,0.13414634146341461,0.45,3.0,0.5,0.06036585365853658,0.5,0.03018292682926829,Only R matched
TX-25,"Sims, Dione","Williams, Roger",R,False,True,,Roger Williams,0.0,1.0,,"2020,2018,2016,2014",0,4,0.0,-1.723529411764706,0.0,-0.861764705882353,0.861764705882353,0.45,3.0,0.5,0.38779411764705884,0.5,0.19389705882352942,Only R matched
TX-26,"Shook, Steven","Gill, Brandon",R,False,True,,Brandon Gill,0.0,1.0,,2024,0,1,0.0,0.9,0.0,0.45,-0.45,0.45,3.0,0.5,-0.2025,0.5,-0.10125,Only R matched
TX-27,"Lloyd, Tanya","Cloud, Michael",R,True,True,Tanya Lloyd,Michael Cloud,1.0,1.0,2024,"2024,2022,2020,2018",1,4,0.4,-0.782608695652174,0.4,-0.391304347826087,0.791304347826087,0.45,3.0,0.5,0.35608695652173916,1.0,0.35608695652173916,Both matched
TX-28,"Cuellar, Henry","Tijerina, Tano",D,True,False,Henry Cuellar,,1.0,0.0,"2024,2022,2020,2016",,4,0,5.0011363636363635,0.0,2.5005681818181817,0.0,2.5005681818181817,0.45,3.0,0.5,1.1252556818181818,0.5,0.5626278409090909,Only D matched
TX-29,"Garcia, Sylvia","Fierro, Martha",D,True,False,Sylvia Garcia,,1.0,0.0,"2024,2022,2020,2018",,4,0,3.8347826086956527,0.0,1.9173913043478263,0.0,1.9173913043478263,0.45,3.0,0.5,0.8628260869565219,0.5,0.4314130434782609,Only D matched
TX-30,"Haynes, Frederick","Jackson, Everett",D,False,False,,,0.0,0.0,,,0,0,0.0,0.0,0.0,0.0,0.0,0.45,3.0,0.5,0.0,0.0,0.0,Neither matched
TX-31,"Early, Justin","Carter, John",R,False,True,,John Carter,0.0,1.0,,"2024,2020,2018,2016,2014",0,5,0.0,-0.3891891891891892,0.0,-0.1945945945945946,0.1945945945945946,0.45,3.0,0.5,0.08756756756756758,0.5,0.04378378378378379,Only R matched
TX-32,"Barrios, Don","Yarbrough, Jace",D,False,False,,,0.0,0.0,,,0,0,0.0,0.0,0.0,0.0,0.0,0.45,3.0,0.5,0.0,0.0,0.0,Neither matched
TX-33,"Allred, Collin","Gillespie, Patrick",D,True,True,Colin Allred,Patrick Gillespie,1.0,1.0,"2022,2020,2018","2024,2022",3,2,1.0673076923076923,0.7606060606060606,0.5336538461538461,0.7606060606060606,-0.22695221445221447,0.45,3.0,0.5,-0.10212849650349652,1.0,-0.10212849650349652,Both matched
TX-34,"Gonzalez, Vicente","Flores, Eric",D,True,False,Vicente Gonzalez,,1.0,0.0,"2024,2022,2020,2018,2016",,5,0,0.586734693877551,0.0,0.2933673469387755,0.0,0.2933673469387755,0.45,3.0,0.5,0.13201530612244897,0.5,0.06600765306122448,Only D matched
TX-35,"Garcia, Johnny","De La Cruz, Carlos",D,False,False,,,0.0,0.0,,,0,0,0.0,0.0,0.0,0.0,0.0,0.45,3.0,0.5,0.0,0.0,0.0,Neither matched
TX-36,"Hart, Rhonda","Babin, Brian",R,True,True,Rhonda Hart,Brian Babin,1.0,1.0,2024,"2024,2022,2020,2018,2014",1,5,0.25,-0.8021276595744681,0.25,-0.40106382978723404,0.651063829787234,0.45,3.0,0.5,0.2929787234042553,1.0,0.2929787234042553,Both matched
TX-37,"Casar, Greg","Pena, Lauren",D,True,False,Greg Casar,,1.0,0.0,"2024,2022",,2,0,1.345724878333523e-16,0.0,6.728624391667616e-17,0.0,6.728624391667616e-17,0.45,3.0,0.5,3.0278809762504273e-17,0.5,1.5139404881252137e-17,Only D matched
TX-38,"McDonagh, Melissa","Bonck, John",R,False,False,,,0.0,0.0,,,0,0,0.0,0.0,0.0,0.0,0.0,0.45,3.0,0.5,0.0,0.0,0.0,Neither matched
UT-1,"McAdams, Ben","Owen, Riley",R,True,False,Ben McAdams,,1.0,0.0,"2020,2018",,2,0,5.115384615384616,0.0,5.115384615384616,0.0,5.115384615384616,0.45,3.0,0.5,2.301923076923077,0.5,1.1509615384615386,Only D matched
UT-2,"Crosby, Peter","Moore, Blake",R,False,True,,Blake Moore,0.0,1.0,,"2024,2022,2020",0,3,0.0,2.1939024390243906,0.0,1.0969512195121953,-1.0969512195121953,0.45,3.0,0.5,-0.4936280487804879,0.5,-0.24681402439024394,Only R matched
UT-3,"Udell, Kent","Maloy, Celeste",R,False,True,,Celeste Maloy,0.0,1.0,,2024,0,1,0.0,-0.2,0.0,-0.1,0.1,0.45,3.0,0.5,0.045000000000000005,0.5,0.022500000000000003,Only R matched
UT-4,"Larsen, Johnny","Kennedy, Mike",R,False,True,,Mike Kennedy,0.0,1.0,,2024,0,1,0.0,5.25,0.0,2.625,-2.625,0.45,3.0,0.5,-1.1812500000000001,0.5,-0.5906250000000001,Only R matched
VT-AL,,,D,False,False,,,0.0,0.0,,,0,0,0.0,0.0,0.0,0.0,0.0,0.45,3.0,0.5,0.0,0.0,0.0,Neither matched
VA-1,,,R,False,False,,,0.0,0.0,,,0,0,0.0,0.0,0.0,0.0,0.0,0.45,3.0,0.5,0.0,0.0,0.0,Neither matched
VA-2,,,R,False,False,,,0.0,0.0,,,0,0,0.0,0.0,0.0,0.0,0.0,0.45,3.0,0.5,0.0,0.0,0.0,Neither matched
VA-3,,,D,False,False,,,0.0,0.0,,,0,0,0.0,0.0,0.0,0.0,0.0,0.45,3.0,0.5,0.0,0.0,0.0,Neither matched
VA-4,,,D,False,False,,,0.0,0.0,,,0,0,0.0,0.0,0.0,0.0,0.0,0.45,3.0,0.5,0.0,0.0,0.0,Neither matched
VA-5,,,R,False,False,,,0.0,0.0,,,0,0,0.0,0.0,0.0,0.0,0.0,0.45,3.0,0.5,0.0,0.0,0.0,Neither matched
VA-6,,,R,False,False,,,0.0,0.0,,,0,0,0.0,0.0,0.0,0.0,0.0,0.45,3.0,0.5,0.0,0.0,0.0,Neither matched
VA-7,,,D,False,False,,,0.0,0.0,,,0,0,0.0,0.0,0.0,0.0,0.0,0.45,3.0,0.5,0.0,0.0,0.0,Neither matched
VA-8,,,D,False,False,,,0.0,0.0,,,0,0,0.0,0.0,0.0,0.0,0.0,0.45,3.0,0.5,0.0,0.0,0.0,Neither matched
VA-9,,,R,False,False,,,0.0,0.0,,,0,0,0.0,0.0,0.0,0.0,0.0,0.45,3.0,0.5,0.0,0.0,0.0,Neither matched
VA-10,,,D,False,False,,,0.0,0.0,,,0,0,0.0,0.0,0.0,0.0,0.0,0.45,3.0,0.5,0.0,0.0,0.0,Neither matched
VA-11,,,D,False,False,,,0.0,0.0,,,0,0,0.0,0.0,0.0,0.0,0.0,0.45,3.0,0.5,0.0,0.0,0.0,Neither matched
WA-1,,,D,False,False,,,0.0,0.0,,,0,0,0.0,0.0,0.0,0.0,0.0,0.45,3.0,0.5,0.0,0.0,0.0,Neither matched
WA-2,,,D,False,False,,,0.0,0.0,,,0,0,0.0,0.0,0.0,0.0,0.0,0.45,3.0,0.5,0.0,0.0,0.0,Neither matched
WA-3,,,D,False,False,,,0.0,0.0,,,0,0,0.0,0.0,0.0,0.0,0.0,0.45,3.0,0.5,0.0,0.0,0.0,Neither matched
WA-4,,,R,False,False,,,0.0,0.0,,,0,0,0.0,0.0,0.0,0.0,0.0,0.45,3.0,0.5,0.0,0.0,0.0,Neither matched
WA-5,,,R,False,False,,,0.0,0.0,,,0,0,0.0,0.0,0.0,0.0,0.0,0.45,3.0,0.5,0.0,0.0,0.0,Neither matched
WA-6,,,D,False,False,,,0.0,0.0,,,0,0,0.0,0.0,0.0,0.0,0.0,0.45,3.0,0.5,0.0,0.0,0.0,Neither matched
WA-7,,,D,False,False,,,0.0,0.0,,,0,0,0.0,0.0,0.0,0.0,0.0,0.45,3.0,0.5,0.0,0.0,0.0,Neither matched
WA-8,,,D,False,False,,,0.0,0.0,,,0,0,0.0,0.0,0.0,0.0,0.0,0.45,3.0,0.5,0.0,0.0,0.0,Neither matched
WA-9,,,D,False,False,,,0.0,0.0,,,0,0,0.0,0.0,0.0,0.0,0.0,0.45,3.0,0.5,0.0,0.0,0.0,Neither matched
WA-10,,,D,False,False,,,0.0,0.0,,,0,0,0.0,0.0,0.0,0.0,0.0,0.45,3.0,0.5,0.0,0.0,0.0,Neither matched
WV-1,"George, Vince","Miller, Carol",R,False,True,,Carol Miller,0.0,1.0,,"2024,2022,2020,2018",0,4,0.0,-3.1391304347826092,0.0,-1.5695652173913046,1.5695652173913046,0.45,3.0,0.5,0.7063043478260871,0.5,0.35315217391304354,Only R matched
WV-2,"Parsi, Ace","Moore, Riley ",R,False,True,,Riley Moore,0.0,1.0,,2024,0,1,0.0,1.1,0.0,0.55,-0.55,0.45,3.0,0.5,-0.24750000000000003,0.5,-0.12375000000000001,Only R matched
WI-1,,,R,False,False,,,0.0,0.0,,,0,0,0.0,0.0,0.0,0.0,0.0,0.45,3.0,0.5,0.0,0.0,0.0,Neither matched
WI-2,,,D,False,False,,,0.0,0.0,,,0,0,0.0,0.0,0.0,0.0,0.0,0.45,3.0,0.5,0.0,0.0,0.0,Neither matched
WI-3,,,D,False,False,,,0.0,0.0,,,0,0,0.0,0.0,0.0,0.0,0.0,0.45,3.0,0.5,0.0,0.0,0.0,Neither matched
WI-4,,,R,False,False,,,0.0,0.0,,,0,0,0.0,0.0,0.0,0.0,0.0,0.45,3.0,0.5,0.0,0.0,0.0,Neither matched
WI-5,,,R,False,False,,,0.0,0.0,,,0,0,0.0,0.0,0.0,0.0,0.0,0.45,3.0,0.5,0.0,0.0,0.0,Neither matched
WI-6,,,R,False,False,,,0.0,0.0,,,0,0,0.0,0.0,0.0,0.0,0.0,0.45,3.0,0.5,0.0,0.0,0.0,Neither matched
WI-7,,,R,False,False,,,0.0,0.0,,,0,0,0.0,0.0,0.0,0.0,0.0,0.45,3.0,0.5,0.0,0.0,0.0,Neither matched
WI-8,,,R,False,False,,,0.0,0.0,,,0,0,0.0,0.0,0.0,0.0,0.0,0.45,3.0,0.5,0.0,0.0,0.0,Neither matched
WY-AL,,,R,False,False,,,0.0,0.0,,,0,0,0.0,0.0,0.0,0.0,0.0,0.45,3.0,0.5,0.