district_id,residual_observations,raw_residual_mse,residual_mean,raw_residual_rmse,reliability,shrunk_residual_variance,shrunk_residual_rmse,raw_district_uncertainty_multiplier,district_uncertainty_multiplier,pooled_residual_rmse,shrinkage_strength,multiplier_floor,multiplier_ceiling,uncertainty_source
AK-AL,4,312.16783282040114,-8.68552565275,17.668271925131815,0.5,197.02645183480254,14.036611123586866,1.5511718102792114,1.2,9.04903701225738,4.0,0.8,1.2,Historical canonical backtest residuals
AL-1,2,22.930231304818935,4.7813169580000014,4.788552109439651,0.3333333333333333,62.23345766774229,7.888818521663576,0.8717854188216682,0.8717854188216682,9.04903701225738,4.0,0.8,1.2,Historical canonical backtest residuals
AL-2,4,89.98352999924577,-1.291601224499999,9.485964895530964,0.5,85.93430042422486,9.270075534979467,1.0244267453456848,1.0244267453456848,9.04903701225738,4.0,0.8,1.2,Historical canonical backtest residuals
AL-3,4,66.51505885778019,7.460333918,8.15567648069614,0.5,74.20006485349208,8.613945951391388,0.9519185234543036,0.9519185234543036,9.04903701225738,4.0,0.8,1.2,Historical canonical backtest residuals
AL-4,3,37.272649188932895,5.9679471063333365,6.1051330197574645,0.42857142857142855,62.76546156623064,7.922465624174752,0.8755037263571107,0.8755037263571107,9.04903701225738,4.0,0.8,1.2,Historical canonical backtest residuals
AL-5,3,41.19496417616944,3.648808326333332,6.418330326196171,0.42857142857142855,64.44645370361773,8.027854863138579,0.8871501854025398,0.8871501854025398,9.04903701225738,4.0,0.8,1.2,Historical canonical backtest residuals
AL-6,2,1.6435133907109516,1.2814915579999955,1.281995862205082,0.3333333333333333,55.1378850297063,7.425488874795134,0.8205833244727514,0.8205833244727514,9.04903701225738,4.0,0.8,1.2,Historical canonical backtest residuals
AL-7,1,1.172418251982069,1.0827826430000016,1.0827826430000016,0.2,65.74254032975958,8.108177374093366,0.8960265454888104,0.8960265454888104,9.04903701225738,4.0,0.8,1.2,Historical canonical backtest residuals
AR-1,2,93.76808934536781,8.736112048000004,9.683392450240143,0.3333333333333333,85.84607701459191,9.26531580760159,1.0239007526492874,1.0239007526492874,9.04903701225738,4.0,0.8,1.2,Historical canonical backtest residuals
AR-2,4,66.74172940074472,7.4794740275,8.169561151049958,0.5,74.31340012497434,8.620522033205086,0.9526452396567892,0.9526452396567892,9.04903701225738,4.0,0.8,1.2,Historical canonical backtest residuals
AR-3,3,46.941092847105644,6.7417268030000015,6.851357007710637,0.42857142857142855,66.9090802768761,8.179797080421745,0.9039411673686155,0.9039411673686155,9.04903701225738,4.0,0.8,1.2,Historical canonical backtest residuals
AR-4,3,126.37340822579237,10.821385802999998,11.241592779752892,0.42857142857142855,100.95150115345612,10.047462423590153,1.1103349903398954,1.1103349903398954,9.04903701225738,4.0,0.8,1.2,Historical canonical backtest residuals
AZ-1,4,16.625307981383525,-1.9148604925500003,4.077414374500528,0.5,49.25518941529374,7.018204144600935,0.7755746976274295,0.8,9.04903701225738,4.0,0.8,1.2,Historical canonical backtest residuals
AZ-2,4,54.355097225148725,3.7984441429999998,7.372590943837094,0.5,68.12008403717634,8.253489203795953,0.9120848099765957,0.9120848099765957,9.04903701225738,4.0,0.8,1.2,Historical canonical backtest residuals
AZ-3,3,54.994281237130515,3.5256292963333316,7.415812918158772,0.42857142857142855,70.3604467297439,8.388113418984265,0.9269619969088578,0.9269619969088578,9.04903701225738,4.0,0.8,1.2,Historical canonical backtest residuals
AZ-4,4,34.68161918261183,3.606452000499996,5.889110219940855,0.5,58.2833450159079,7.6343529533227565,0.8436646842069093,0.8436646842069093,9.04903701225738,4.0,0.8,1.2,Historical canonical backtest residuals
AZ-5,4,8.643914036287399,2.3067329030000003,2.940053407046783,0.5,45.26449244274568,6.727889152085197,0.7434922791200799,0.8,9.04903701225738,4.0,0.8,1.2,Historical canonical backtest residuals
AZ-6,4,23.07260346463001,3.1870853602499998,4.803394993609209,0.5,52.47883715691698,7.2442278509801845,0.8005523506167022,0.8005523506167022,9.04903701225738,4.0,0.8,1.2,Historical canonical backtest residuals
AZ-7,3,5.434326219180979,-0.1558485270000011,2.3311641338998372,0.42857142857142855,49.120466007765536,7.008599432680223,0.7745132905508861,0.8,9.04903701225738,4.0,0.8,1.2,Historical canonical backtest residuals
AZ-8,2,10.104827566372672,0.5046091329999982,3.1788091428037437,0.3333333333333333,57.9583230882602,7.613036390840398,0.841309012277014,0.841309012277014,9.04903701225738,4.0,0.8,1.2,Historical canonical backtest residuals
AZ-9,3,81.93684770054487,-5.068062780333332,9.05189746409806,0.42857142857142855,81.90726092835007,9.050263030893085,1.0001354860891878,1.0001354860891878,9.04903701225738,4.0,0.8,1.2,Historical canonical backtest residuals
CA-1,4,6.874157991943113,1.0181005867500001,2.6218615508724166,0.5,44.37961442057353,6.661802640470035,0.7361891250357674,0.8,9.04903701225738,4.0,0.8,1.2,Historical canonical backtest residuals
CA-10,3,39.197155658369795,4.389243881666667,6.260763184977515,0.42857142857142855,63.590250053132166,7.974349506582476,0.8812373621392878,0.8812373621392878,9.04903701225738,4.0,0.8,1.2,Historical canonical backtest residuals
CA-11,4,44.458565655416876,4.074643402999996,6.667725673377458,0.5,63.171818252310416,7.948070096086874,0.8783332508554015,0.8783332508554015,9.04903701225738,4.0,0.8,1.2,Historical canonical backtest residuals
CA-12,2,67.73268593591527,4.503464967999996,8.229986994881296,0.3333333333333333,77.16760921144106,8.784509617015685,0.9707673429909306,0.9707673429909306,9.04903701225738,4.0,0.8,1.2,Historical canonical backtest residuals
CA-13,3,38.64334598007856,4.480599715566669,6.216377239202794,0.42857142857142855,63.35290304815021,7.959453690307534,0.8795912404298988,0.8795912404298988,9.04903701225738,4.0,0.8,1.2,Historical canonical backtest residuals
CA-14,4,50.454231744881234,2.2341723504999993,7.103114228624036,0.5,66.16965129704259,8.134473019012516,0.8989324508225527,0.8989324508225527,9.04903701225738,4.0,0.8,1.2,Historical canonical backtest residuals
CA-15,3,66.5891289347401,3.105663119666668,8.16021623088139,0.42857142857142855,75.32966717157659,8.679266511150386,0.9591370329675831,0.9591370329675831,9.04903701225738,4.0,0.8,1.2,Historical canonical backtest residuals
CA-16,3,97.86651728463015,9.159456873000002,9.892750744086811,0.42857142857142855,88.73426217867231,9.419886526846929,1.0409822077296418,1.0409822077296418,9.04903701225738,4.0,0.8,1.2,Historical canonical backtest residuals
CA-17,3,127.63700234378062,9.98966855633333,11.297654727587519,0.42857142857142855,101.49304148973681,10.07437548881998,1.1133091261726222,1.1133091261726222,9.04903701225738,4.0,0.8,1.2,Historical canonical backtest residuals
CA-18,3,81.56859250927961,6.955185742999998,9.031533231366621,0.42857142857142855,81.74943727495065,9.041539541192675,0.9991714619959506,0.9991714619959506,9.04903701225738,4.0,0.8,1.2,Historical canonical backtest residuals
CA-19,4,79.68410797835438,5.973475440499998,8.926595542442504,0.5,80.78458941377917,8.988024778213463,0.9932575992383198,0.9932575992383198,9.04903701225738,4.0,0.8,1.2,Historical canonical backtest residuals
CA-2,4,24.968224517994123,-3.0601500569999995,4.9968214414759835,0.5,53.42664768359904,7.30935343813658,0.8077493139033126,0.8077493139033126,9.04903701225738,4.0,0.8,1.2,Historical canonical backtest residuals
CA-20,3,27.171162453235223,3.9180946063333337,5.212596517402361,0.42857142857142855,58.43625296521735,7.644360860478615,0.8447706479843039,0.8447706479843039,9.04903701225738,4.0,0.8,1.2,Historical canonical backtest residuals
CA-21,4,443.71180855373956,20.128040421199998,21.064467915277127,0.5,262.79843970147175,16.21105917888994,1.791467882928453,1.2,9.04903701225738,4.0,0.8,1.2,Historical canonical backtest residuals
CA-22,4,176.6204906049039,10.957581479,13.28986420566079,0.5,129.25278072705393,11.368939296480297,1.2563700735316359,1.2,9.04903701225738,4.0,0.8,1.2,Historical canonical backtest residuals
CA-23,4,137.93334713815813,11.443378138,11.744502847637193,0.5,109.90920899368103,10.483759296821013,1.1585497200000652,1.1585497200000652,9.04903701225738,4.0,0.8,1.2,Historical canonical backtest residuals
CA-24,4,63.752801814847054,7.737240387250001,7.984535165859504,0.5,72.8189363320255,8.533401217101273,0.9430176056902352,0.9430176056902352,9.04903701225738,4.0,0.8,1.2,Historical canonical backtest residuals
CA-25,4,56.34658271255011,5.63187888846,7.506436085956511,0.5,69.11582678087703,8.31359289241884,0.9187268082954746,0.9187268082954746,9.04903701225738,4.0,0.8,1.2,Historical canonical backtest residuals
CA-26,4,55.701749955600896,3.02119843425,7.463360500176908,0.5,68.79341040240243,8.294179308551415,0.9165814326227785,0.9165814326227785,9.04903701225738,4.0,0.8,1.2,Historical canonical backtest residuals
CA-27,3,107.61399938585349,5.002216063666669,10.373716758513002,0.42857142857142855,92.91175450776804,9.639074359489506,1.0652044351717085,1.0652044351717085,9.04903701225738,4.0,0.8,1.2,Historical canonical backtest residuals
CA-28,4,52.309822841496306,-0.011027787000001496,7.232552996106998,0.5,67.09744684535013,8.191303122541012,0.905212688537518,0.905212688537518,9.04903701225738,4.0,0.8,1.2,Historical canonical backtest residuals
CA-29,1,52.108464930389076,7.218619323000007,7.218619323000007,0.2,75.92974966544098,8.713767822557644,0.9629497382709788,0.9629497382709788,9.04903701225738,4.0,0.8,1.2,Historical canonical backtest residuals
CA-3,4,34.465251133354585,2.63965359225,5.870711297053755,0.5,58.17516099127927,7.627264318959929,0.8428813263365387,0.8428813263365387,9.04903701225738,4.0,0.8,1.2,Historical canonical backtest residuals
CA-30,3,74.26023551423839,1.3164936063333315,8.61743787411539,0.42857142857142855,78.61728427707585,8.866638837636044,0.979843360749407,0.979843360749407,9.04903701225738,4.0,0.8,1.2,Historical canonical backtest residuals
CA-31,4,69.70027081322704,7.868249885500003,8.348668804859074,0.5,75.7926708312155,8.705898622842762,0.9620801209068082,0.9620801209068082,9.04903701225738,4.0,0.8,1.2,Historical canonical backtest residuals
CA-32,3,69.33165014577922,6.854486742999998,8.326562925107767,0.42857142857142855,76.50503340487907,8.74671557814012,0.9665907616790882,0.9665907616790882,9.04903701225738,4.0,0.8,1.2,Historical canonical backtest residuals
CA-33,4,81.87604627377613,5.259285097999998,9.048538350130153,0.5,81.88055856149003,9.048787684628811,0.9999724470539539,0.9999724470539539,9.04903701225738,4.0,0.8,1.2,Historical canonical backtest residuals
CA-34,0,81.88507084920396,0.0,9.04903701225738,0.0,81.88507084920396,9.04903701225738,1.0,1.0,9.04903701225738,4.0,0.8,1.2,Pooled fallback
CA-35,4,76.01368231667236,5.4726069929999985,8.718582586445596,0.5,78.94937658293816,8.8853461712495,0.9819106894152215,0.9819106894152215,9.04903701225738,4.0,0.8,1.2,Historical canonical backtest residuals
CA-36,4,102.9123787846819,-6.140623477,10.144573859195955,0.5,92.39872481694293,9.612425542855608,1.0622595011861582,1.0622595011861582,9.04903701225738,4.0,0.8,1.2,Historical canonical backtest residuals
CA-37,2,63.40268315072875,7.660314312999993,7.96258018174566,0.3333333333333333,75.72427494971222,8.701969601746045,0.9616459287279725,0.9616459287279725,9.04903701225738,4.0,0.8,1.2,Historical canonical backtest residuals
CA-38,3,94.06171010777807,4.700567166333332,9.698541648504587,0.42857142857142855,87.10363053145,9.332932579390574,1.0313730142498747,1.0313730142498747,9.04903701225738,4.0,0.8,1.2,Historical canonical backtest residuals
CA-39,4,160.0432877821511,12.413520487,12.650821624785921,0.5,120.96417931567754,10.998371666554897,1.215419016593373,1.2,9.04903701225738,4.0,0.8,1.2,Historical canonical backtest residuals
CA-4,4,22.321595813089132,2.9119926757500014,4.724573611775896,0.5,52.103333331146544,7.218263872368933,0.7976830973938364,0.8,9.04903701225738,4.0,0.8,1.2,Historical canonical backtest residuals
CA-40,2,526.392866033721,21.484455838000002,22.943253170239853,0.3333333333333333,230.05433591070965,15.167542184240322,1.6761498669632047,1.2,9.04903701225738,4.0,0.8,1.2,Historical canonical backtest residuals
CA-41,4,16.867724834034632,2.321611496749998,4.1070335808262675,0.5,49.376397841619294,7.026834126519517,0.7765283882695267,0.8,9.04903701225738,4.0,0.8,1.2,Historical canonical backtest residuals
CA-42,4,50.53922837391833,6.9320222605,7.1090947647304805,0.5,66.21214961156114,8.137084834973834,0.8992210799836203,0.8992210799836203,9.04903701225738,4.0,0.8,1.2,Historical canonical backtest residuals
CA-43,4,218.61848570128132,13.1304231105,14.785752794541146,0.5,150.25177827524263,12.25772320927678,1.354588691887664,1.2,9.04903701225738,4.0,0.8,1.2,Historical canonical backtest residuals
CA-44,1,2.726096315764271,1.6510894330000028,1.6510894330000028,0.2,66.05327594251602,8.127316650808927,0.8981416077534068,0.8981416077534068,9.04903701225738,4.0,0.8,1.2,Historical canonical backtest residuals
CA-45,4,56.2763123294141,7.243571319999999,7.501753950204852,0.5,69.08069158930903,8.311479506640742,0.9184932601538066,0.9184932601538066,9.04903701225738,4.0,0.8,1.2,Historical canonical backtest residuals
CA-46,3,40.9010626080019,6.277701689666664,6.3953938587081485,0.42857142857142855,64.32049588868878,8.020005978095575,0.8862828129923738,0.8862828129923738,9.04903701225738,4.0,0.8,1.2,Historical canonical backtest residuals
CA-47,4,60.73308818689333,5.6325097387500005,7.793143665228643,0.5,71.30907951804865,8.444470351540625,0.9331899449744941,0.9331899449744941,9.04903701225738,4.0,0.8,1.2,Historical canonical backtest residuals
CA-48,4,44.764536827568556,6.15901990675,6.690630525411529,0.5,63.32480383838626,7.957688347653875,0.8793961541846699,0.8793961541846699,9.04903701225738,4.0,0.8,1.2,Historical canonical backtest residuals
CA-49,4,21.65671628374595,2.1808025419750003,4.653677715930267,0.5,51.77089356647495,7.195199341677404,0.7951342592511382,0.8,9.04903701225738,4.0,0.8,1.2,Historical canonical backtest residuals
CA-5,3,54.56584976589985,-1.0598891936666661,7.386870092664406,0.42857142857142855,70.17683324207363,8.377161407187618,0.9257517010749683,0.9257517010749683,9.04903701225738,4.0,0.8,1.2,Historical canonical backtest residuals
CA-50,4,20.414817490283962,1.4284844775000007,4.518275942246551,0.5,51.14994416974396,7.151918915210376,0.7903513827518596,0.8,9.04903701225738,4.0,0.8,1.2,Historical canonical backtest residuals
CA-51,4,134.01440653616856,7.603008863,11.5764591536518,0.5,107.94973869268625,10.389886365725385,1.1481759165811518,1.1481759165811518,9.04903701225738,4.0,0.8,1.2,Historical canonical backtest residuals
CA-52,4,13.810663759443372,0.9790647380000008,3.716270140805613,0.5,47.847867304323664,6.917215285382093,0.764414520132073,0.8,9.04903701225738,4.0,0.8,1.2,Historical canonical backtest residuals
CA-6,3,33.470118940683825,-0.037626797000002675,5.7853365451530845,0.42857142857142855,61.13580574555247,7.818938914299847,0.8640630935323502,0.8640630935323502,9.04903701225738,4.0,0.8,1.2,Historical canonical backtest residuals
CA-7,4,26.713340009304765,3.6640869432499996,5.168494946239647,0.5,54.29920542925436,7.368799456441623,0.8143186337353037,0.8143186337353037,9.04903701225738,4.0,0.8,1.2,Historical canonical backtest residuals
CA-8,3,54.11054336646856,5.166088156333333,7.35598690635516,0.42857142857142855,69.98170192803164,8.365506674914057,0.9244637483063175,0.9244637483063175,9.04903701225738,4.0,0.8,1.2,Historical canonical backtest residuals
CA-9,4,69.72094994576578,6.964882156750001,8.349907181865303,0.5,75.80301039748487,8.70649242792325,0.9621457417104012,0.9621457417104012,9.04903701225738,4.0,0.8,1.2,Historical canonical backtest residuals
CO-1,4,6.213523470033935,0.536323335499997,2.49269401853375,0.5,44.049297159618945,6.636964453695601,0.7334442819391164,0.8,9.04903701225738,4.0,0.8,1.2,Historical canonical backtest residuals
CO-2,4,5.88520867074601,-0.15675048199999964,2.425944902660819,0.5,43.88513975997498,6.624586006685624,0.7320763521811533,0.8,9.04903701225738,4.0,0.8,1.2,Historical canonical backtest residuals
CO-3,4,54.9242783756427,0.7793782573249999,7.411091577874524,0.5,68.40467461242332,8.270711856450044,0.9139880680393886,0.9139880680393886,9.04903701225738,4.0,0.8,1.2,Historical canonical backtest residuals
CO-4,4,72.51751768354772,7.441488357999999,8.515721794630666,0.5,77.20129426637584,8.786426706367944,0.9709791986115521,0.9709791986115521,9.04903701225738,4.0,0.8,1.2,Historical canonical backtest residuals
CO-5,4,43.05767813116581,4.7459973305,6.561834966773075,0.5,62.471374490184886,7.90388350687084,0.8734502352200161,0.8734502352200161,9.04903701225738,4.0,0.8,1.2,Historical canonical backtest residuals
CO-6,4,67.17376957590216,4.0812636165,8.19596056456485,0.5,74.52942021255305,8.633042349748612,0.9540288472745463,0.9540288472745463,9.04903701225738,4.0,0.8,1.2,Historical canonical backtest residuals
CO-7,4,13.839651516642329,-2.7614032145,3.720168210799389,0.5,47.862361182923145,6.918262873216307,0.7645302880124337,0.8,9.04903701225738,4.0,0.8,1.2,Historical canonical backtest residuals
CO-8,1,3.1444965150753705,1.7732728258999997,1.7732728258999997,0.2,66.13695598237824,8.132463094436902,0.8987103360745534,0.8987103360745534,9.04903701225738,4.0,0.8,1.2,Historical canonical backtest residuals
CT-1,4,15.513360830924103,3.843908488000001,3.9387003987259686,0.5,48.69921584006403,6.978482345042082,0.7711850814168816,0.8,9.04903701225738,4.0,0.8,1.2,Historical canonical backtest residuals
CT-2,4,93.88029393715465,-9.5461745895,9.689184379355915,0.5,87.8826823931793,9.374576384732235,1.0359750293908507,1.0359750293908507,9.04903701225738,4.0,0.8,1.2,Historical canonical backtest residuals
CT-3,4,6.013322891293075,-0.15000026699999847,2.452207758590833,0.5,43.949196870248514,6.629419044701316,0.7326104463625722,0.8,9.04903701225738,4.0,0.8,1.2,Historical canonical backtest residuals
CT-4,4,51.2542888549345,2.4684031705,7.159210071993592,0.5,66.56967985206923,8.159024442423814,0.9016456039876952,0.9016456039876952,9.04903701225738,4.0,0.8,1.2,Historical canonical backtest residuals
CT-5,4,19.605125706782726,1.9818359350999994,4.427767575966779,0.5,50.74509827799334,7.123559382639646,0.7872173992647421,0.8,9.04903701225738,4.0,0.8,1.2,Historical canonical backtest residuals
DE-AL,4,37.77299648976534,0.01965669300000039,6.145974006596948,0.5,59.829033669484645,7.734922990533561,0.8547785781024231,0.8547785781024231,9.04903701225738,4.0,0.8,1.2,Historical canonical backtest residuals
FL-1,3,5.584569472436854,0.1828630163333358,2.3631693702392247,0.42857142857142855,49.18485597344662,7.013191568283774,0.7750207628484722,0.8,9.04903701225738,4.0,0.8,1.2,Historical canonical backtest residuals
FL-10,2,64.87897238028143,7.684260893000001,8.054748436809273,0.3333333333333333,76.21637135956311,8.730198815580497,0.9647655108223119,0.9647655108223119,9.04903701225738,4.0,0.8,1.2,Historical canonical backtest residuals
FL-11,3,96.73838823492684,8.972805443,9.835567509550572,0.42857142857142855,88.25077830022805,9.394188538677945,1.0381423488436439,1.0381423488436439,9.04903701225738,4.0,0.8,1.2,Historical canonical backtest residuals
FL-12,3,105.26609952024224,10.019022843,10.259926876944213,0.42857142857142855,91.90551170822036,9.58673623858612,1.0594206019491799,1.0594206019491799,9.04903701225738,4.0,0.8,1.2,Historical canonical backtest residuals
FL-13,3,9.636930184456721,-0.8900631570000005,3.104340539382998,0.42857142857142855,50.92158199288371,7.135935957734185,0.7885851221592086,0.8,9.04903701225738,4.0,0.8,1.2,Historical canonical backtest residuals
FL-14,2,10.450549821832674,3.2320531279999996,3.2327310160037555,0.3333333333333333,58.073563840080205,7.620601278119739,0.8421450003792944,0.8421450003792944,9.04903701225738,4.0,0.8,1.2,Historical canonical backtest residuals
FL-15,3,63.874247205840454,7.237566572000001,7.992136585784833,0.42857142857142855,74.16614643061959,8.611976917678053,0.951700927514463,0.951700927514463,9.04903701225738,4.0,0.8,1.2,Historical canonical backtest residuals
FL-16,3,82.09880787246165,8.377855658666666,9.060839247689016,0.42857142857142855,81.9766724306001,9.054096996973254,1.0005591738335273,1.0005591738335273,9.04903701225738,4.0,0.8,1.2,Historical canonical backtest residuals
FL-17,3,69.24158685186892,8.002933236333334,8.32115297611268,0.42857142857142855,76.46643485034608,8.744508839857506,0.9663468972458202,0.9663468972458202,9.04903701225738,4.0,0.8,1.2,Historical canonical backtest residuals
FL-18,2,87.08944619299324,9.082961574,9.332172640548032,0.3333333333333333,83.61986263046705,9.144389680589244,1.0105373276960525,1.0105373276960525,9.04903701225738,4.0,0.8,1.2,Historical canonical backtest residuals
FL-19,3,100.7557125600428,9.643076286333333,10.037714508793464,0.42857142857142855,89.97248872527774,9.485382898190128,1.0482201460046738,1.0482201460046738,9.04903701225738,4.0,0.8,1.2,Historical canonical backtest residuals
FL-2,2,44.173431638351985,6.643951032999999,6.64630962552543,0.3333333333333333,69.31452444558664,8.325534484078883,0.9200464616070776,0.9200464616070776,9.04903701225738,4.0,0.8,1.2,Historical canonical backtest residuals
FL-20,2,69.54100446925138,7.997553713000002,8.339124922271603,0.3333333333333333,77.77038205588644,8.818751728894881,0.974551404414573,0.974551404414573,9.04903701225738,4.0,0.8,1.2,Historical canonical backtest residuals
FL-21,2,133.14644206472764,10.330296473,11.538909916657103,0.3333333333333333,98.97219458771185,9.948476998400904,1.0993962103288104,1.0993962103288104,9.04903701225738,4.0,0.8,1.2,Historical canonical backtest residuals
FL-22,3,15.244627686262861,2.915233259666668,3.9044369230739098,0.42857142857142855,53.3248809222292,7.30238871344365,0.8069796491662256,0.8069796491662256,9.04903701225738,4.0,0.8,1.2,Historical canonical backtest residuals
FL-23,3,132.79551368414045,10.920819760666667,11.523693578195337,0.42857142857142855,103.70383206417674,10.183507846718474,1.1253692335355017,1.1253692335355017,9.04903701225738,4.0,0.8,1.2,Historical canonical backtest residuals
FL-24,2,167.06250016282067,10.677280838000001,12.925265961009107,0.3333333333333333,110.2775472870762,10.50131169364457,1.1604894177601452,1.1604894177601452,9.04903701225738,4.0,0.8,1.2,Historical canonical backtest residuals
FL-25,2,383.6791803199691,17.110595048,19.587730351420735,0.3333333333333333,182.483107339459,13.508630846220463,1.4928252396274142,1.2,9.04903701225738,4.0,0.8,1.2,Historical canonical backtest residuals
FL-26,3,528.4148728890932,22.920128317666666,22.987276326026386,0.42857142857142855,273.2549860091565,16.530426068591108,1.8267607974417397,1.2,9.04903701225738,4.0,0.8,1.2,Historical canonical backtest residuals
FL-27,3,458.5325465579138,20.412376742333336,21.413373077539976,0.42857142857142855,243.30541758150815,15.598250465405027,1.723747006921997,1.2,9.04903701225738,4.0,0.8,1.2,Historical canonical backtest residuals
FL-28,1,358.47550478128517,18.933449363,18.933449363,0.2,137.2031576356202,11.713375159859783,1.2944333351707396,1.2,9.04903701225738,4.0,0.8,1.2,Historical canonical backtest residuals
FL-3,3,53.675330113235056,6.890152806333333,7.326344935452811,0.42857142857142855,69.79518196236015,8.354351079668614,0.9232309546697867,0.9232309546697867,9.04903701225738,4.0,0.8,1.2,Historical canonical backtest residuals
FL-4,3,99.32571032571093,8.072646516333334,9.966228490542996,0.42857142857142855,89.3596306248498,9.453022301087087,1.0446440088909448,1.0446440088909448,9.04903701225738,4.0,0.8,1.2,Historical canonical backtest residuals
FL-5,2,0.4818797535552775,0.0668437429999979,0.6941755927395298,0.3333333333333333,54.75067381732107,7.399369825689284,0.8176969345651325,0.8176969345651325,9.04903701225738,4.0,0.8,1.2,Historical canonical backtest residuals
FL-6,2,53.75358467500355,6.519782808,7.33168361803778,0.3333333333333333,72.50790879113717,8.515157590505131,0.9410015208215989,0.9410015208215989,9.04903701225738,4.0,0.8,1.2,Historical canonical backtest residuals
FL-7,3,29.948796484149792,3.2307697496666665,5.472549358767794,0.42857142857142855,59.626667549895025,7.7218305828278195,0.8533317492643923,0.8533317492643923,9.04903701225738,4.0,0.8,1.2,Historical canonical backtest residuals
FL-8,3,73.70410776621688,8.512450049666667,8.585109653709548,0.42857142857142855,78.37894381363806,8.853188341701427,0.9783569599405257,0.9783569599405257,9.04903701225738,4.0,0.8,1.2,Historical canonical backtest residuals
FL-9,3,41.59227750882752,6.278593250666666,6.449207510138554,0.42857142857142855,64.61673084618548,8.038453262051442,0.888321403831474,0.888321403831474,9.04903701225738,4.0,0.8,1.2,Historical canonical backtest residuals
GA-1,3,36.83024176881031,5.695075632999999,6.06879244733335,0.42857142857142855,62.575858386178105,7.91049040111788,0.8741803564735915,0.8741803564735915,9.04903701225738,4.0,0.8,1.2,Historical canonical backtest residuals
GA-10,3,32.0168789603732,5.361726499666666,5.65834595622901,0.42857142857142855,60.51298861113363,7.779009487790437,0.8596505326758388,0.8596505326758388,9.04903701225738,4.0,0.8,1.2,Historical canonical backtest residuals
GA-11,4,25.356738318380643,4.150719168000001,5.035547469578719,0.5,53.620904583792296,7.322629622191218,0.8092164516812501,0.8092164516812501,9.04903701225738,4.0,0.8,1.2,Historical canonical backtest residuals
GA-12,4,91.98025169394819,9.167600428,9.590633539758892,0.5,86.93266127157608,9.323768619585971,1.0303603142474116,1.0303603142474116,9.04903701225738,4.0,0.8,1.2,Historical canonical backtest residuals
GA-13,3,16.979663680473212,-3.492508480333337,4.120638746659699,0.42857142857142855,54.06846777689078,7.353126394731072,0.8125866194127497,0.8125866194127497,9.04903701225738,4.0,0.8,1.2,Historical canonical backtest residuals
GA-14,3,41.30202788177457,0.656051336333333,6.426665378077076,0.42857142857142855,64.49233814887708,8.030712181922416,0.8874659448341751,0.8874659448341751,9.04903701225738,4.0,0.8,1.2,Historical canonical backtest residuals
GA-2,4,2.991255760072158,-1.3949340404999995,1.7295247208618205,0.5,42.43816330463806,6.514458020790222,0.7199062189673949,0.8,9.04903701225738,4.0,0.8,1.2,Historical canonical backtest residuals
GA-3,4,31.85740165356337,5.5487606655000015,5.6442361443833455,0.5,56.871236251383664,7.541302026267325,0.8333817196296411,0.8333817196296411,9.04903701225738,4.0,0.8,1.2,Historical canonical backtest residuals
GA-4,4,3.817302596013458,-0.37452558199999864,1.9537918507388288,0.5,42.85118672260871,6.546081783984119,0.7234009293051978,0.8,9.04903701225738,4.0,0.8,1.2,Historical canonical backtest residuals
GA-5,3,23.742734198087607,2.6954907696666672,4.872651659834469,0.42857142857142855,56.96692657015409,7.547643776050515,0.8340825400345748,0.8340825400345748,9.04903701225738,4.0,0.8,1.2,Historical canonical backtest residuals
GA-6,4,27.310104771608003,2.3148175694999997,5.225907076442137,0.5,54.59758781040598,7.389018054545947,0.816552970723531,0.816552970723531,9.04903701225738,4.0,0.8,1.2,Historical canonical backtest residuals
GA-7,4,4.538461695749233,0.1367769173249999,2.130366563704292,0.5,43.211766272476595,6.573565719795961,0.7264381514731052,0.8,9.04903701225738,4.0,0.8,1.2,Historical canonical backtest residuals
GA-8,3,85.9387605817325,8.731672716333332,9.270316099342702,0.42857142857142855,83.62236644885904,9.144526584184609,1.010552456775001,1.010552456775001,9.04903701225738,4.0,0.8,1.2,Historical canonical backtest residuals
GA-9,3,34.954912062727935,5.664622076333333,5.9122679288685775,0.42857142857142855,61.772145654999946,7.859525790720452,0.868548308518832,0.868548308518832,9.04903701225738,4.0,0.8,1.2,Historical canonical backtest residuals
HI-1,4,113.2079547854909,-8.4015803795,10.639922687007218,0.5,97.54651281734743,9.876563816294988,1.0914491567353168,1.0914491567353168,9.04903701225738,4.0,0.8,1.2,Historical canonical backtest residuals
HI-2,4,111.45109413874903,-4.4267503170000015,10.557040027334795,0.5,96.6680824939765,9.831992803800077,1.086523658869131,1.086523658869131,9.04903701225738,4.0,0.8,1.2,Historical canonical backtest residuals
IA-1,4,140.98571993826647,7.1263393079999995,11.873740772741607,0.5,111.4353953937352,10.556296480950845,1.166565731431069,1.166565731431069,9.04903701225738,4.0,0.8,1.2,Historical canonical backtest residuals
IA-2,4,34.36883585368235,0.46445266496774995,5.8624939960465925,0.5,58.12695335144315,7.624103445746467,0.8425320214094861,0.8425320214094861,9.04903701225738,4.0,0.8,1.2,Historical canonical backtest residuals
IA-3,4,99.56623404133494,5.16512278125,9.978288131805723,0.5,90.72565244526945,9.52500144069645,1.0525983513819595,1.0525983513819595,9.04903701225738,4.0,0.8,1.2,Historical canonical backtest residuals
IA-4,4,151.00447788731972,2.237127292750002,12.28838792874475,0.5,116.44477436826185,10.7909579912194,1.1924979394605748,1.1924979394605748,9.04903701225738,4.0,0.8,1.2,Historical canonical backtest residuals
ID-1,4,23.731120068337137,4.458210395500001,4.871459747174058,0.5,52.808095458770545,7.266917878906472,0.803059802834607,0.803059802834607,9.04903701225738,4.0,0.8,1.2,Historical canonical backtest residuals
ID-2,4,54.12067070257884,5.982512828,7.35667524786699,0.5,68.0028707758914,8.246385315754496,0.911299766437506,0.911299766437506,9.04903701225738,4.0,0.8,1.2,Historical canonical backtest residuals
IL-1,4,99.33162255335992,9.601476892999997,9.966525099218881,0.5,90.60834670128193,9.51884166804354,1.0519176410870887,1.0519176410870887,9.04903701225738,4.0,0.8,1.2,Historical canonical backtest residuals
IL-10,4,65.16686382077145,5.951968266749997,8.072599570198651,0.5,73.52596733498771,8.574728411733384,0.9475846324994007,0.9475846324994007,9.04903701225738,4.0,0.8,1.2,Historical canonical backtest residuals
IL-11,4,5.2755473768922325,1.0697431004999993,2.2968559765236116,0.5,43.580309113048095,6.601538389879142,0.7295293831749194,0.8,9.04903701225738,4.0,0.8,1.2,Historical canonical backtest residuals
IL-12,4,121.36400032531297,8.402476608250002,11.0165330447157,0.5,101.62453558725846,10.080899542563573,1.114030092805288,1.114030092805288,9.04903701225738,4.0,0.8,1.2,Historical canonical backtest residuals
IL-13,4,135.65299088470704,7.13514112665,11.647016394111715,0.5,108.76903086695549,10.429239227621327,1.1525247618607808,1.1525247618607808,9.04903701225738,4.0,0.8,1.2,Historical canonical backtest residuals
IL-14,4,28.088706823377485,2.6255812395,5.29987800080129,0.5,54.98688883629072,7.415314479932103,0.8194589623058989,0.8194589623058989,9.04903701225738,4.0,0.8,1.2,Historical canonical backtest residuals
IL-15,3,17.35417167139303,3.6500118596666624,4.165833850670599,0.42857142857142855,54.2289712015707,7.364032265109293,0.8137918162047892,0.8137918162047892,9.04903701225738,4.0,0.8,1.2,Historical canonical backtest residuals
IL-16,3,157.84185419654935,11.817033933,12.563512812766554,0.42857142857142855,114.43797799806626,10.697568789125231,1.1821775924482165,1.1821775924482165,9.04903701225738,4.0,0.8,1.2,Historical canonical backtest residuals
IL-17,4,76.93103996155143,-4.141319070749999,8.77103414436128,0.5,79.4080554053777,8.91111976158876,0.984758903021194,0.984758903021194,9.04903701225738,4.0,0.8,1.2,Historical canonical backtest residuals
IL-2,4,24.68934046663766,4.8121785005,4.968836932989214,0.5,53.28720565792081,7.299808604197839,0.8066945238824726,0.8066945238824726,9.04903701225738,4.0,0.8,1.2,Historical canonical backtest residuals
IL-3,3,219.92980804591818,-4.6104785569999995,14.83003061513759,0.42857142857142855,141.0471010763672,11.876325234531395,1.3124407844110164,1.2,9.04903701225738,4.0,0.8,1.2,Historical canonical backtest residuals
IL-4,3,22.343108469802505,4.529121486333335,4.726849740556865,0.42857142857142855,56.367086972317615,7.507801740344347,0.8296796366480377,0.8296796366480377,9.04903701225738,4.0,0.8,1.2,Historical canonical backtest residuals
IL-5,4,23.82723756736945,0.31929470550000083,4.8813151473111684,0.5,52.8561542082867,7.270223807303783,0.8034251376644714,0.8034251376644714,9.04903701225738,4.0,0.8,1.2,Historical canonical backtest residuals
IL-6,4,57.032511872135295,6.187733769,7.5519872796592615,0.5,69.45879136066962,8.33419410385129,0.9210034274986612,0.9210034274986612,9.04903701225738,4.0,0.8,1.2,Historical canonical backtest residuals
IL-7,3,155.89310825841073,12.006310153000006,12.485716169223563,0.42857142857142855,113.60280116743543,10.658461482195047,1.1778558832014523,1.1778558832014523,9.04903701225738,4.0,0.8,1.2,Historical canonical backtest residuals
IL-8,3,3.5161804822702964,-0.5032857703333331,1.8751481227546523,0.42857142857142855,48.29840354908953,6.9497052850527075,0.7680049573936961,0.8,9.04903701225738,4.0,0.8,1.2,Historical canonical backtest residuals
IL-9,4,31.823604258371915,2.818826393,5.641241375652341,0.5,56.854337553787936,7.540181533211779,0.8332578950664277,0.8332578950664277,9.04903701225738,4.0,0.8,1.2,Historical canonical backtest residuals
IN-1,3,35.12428534311969,-2.4807030176666656,5.9265745032961235,0.42857142857142855,61.844734203739264,7.864142305664316,0.8690584749528526,0.8690584749528526,9.04903701225738,4.0,0.8,1.2,Historical canonical backtest residuals
IN-2,4,55.967912118188735,4.2546467095,7.481170504552662,0.5,68.92649148369634,8.30219799111635,0.9174675691867104,0.9174675691867104,9.04903701225738,4.0,0.8,1.2,Historical canonical backtest residuals
IN-3,4,136.32893395509592,8.411935485499999,11.675998199515789,0.5,109.10700240214993,10.445429737552685,1.1543139588669844,1.1543139588669844,9.04903701225738,4.0,0.8,1.2,Historical canonical backtest residuals
IN-4,4,48.78558510499022,5.869095275499999,6.984667859318023,0.5,65.33532797709708,8.083027154296655,0.8932472199359761,0.8932472199359761,9.04903701225738,4.0,0.8,1.2,Historical canonical backtest residuals
IN-5,4,64.0356181309975,5.86761959525,8.00222582354419,0.5,72.96034449010074,8.541682766885032,0.9439327914467461,0.9439327914467461,9.04903701225738,4.0,0.8,1.2,Historical canonical backtest residuals
IN-6,4,122.88609971034069,6.6516942955000005,11.085400295448997,0.5,102.38558527977233,10.118576247663123,1.1181937076792812,1.1181937076792812,9.04903701225738,4.0,0.8,1.2,Historical canonical backtest residuals
IN-7,4,13.449396701255484,3.2810270505000014,3.6673419122377293,0.5,47.66723377522972,6.904146129336322,0.7629702608116539,0.8,9.04903701225738,4.0,0.8,1.2,Historical canonical backtest residuals
IN-8,4,78.9415802715428,6.5079299504999994,8.884907443048734,0.5,80.41332556037338,8.967347743919234,0.9909726009267623,0.9909726009267623,9.04903701225738,4.0,0.8,1.2,Historical canonical backtest residuals
IN-9,4,20.850680971674073,-0.10967849450000022,4.566254589012101,0.5,51.36787591043901,7.167138613870881,0.7920332963786786,0.8,9.04903701225738,4.0,0.8,1.2,Historical canonical backtest residuals
KS-1,3,7.6334042913276186,1.785894012999999,2.7628616127717325,0.42857142857142855,50.06292803868553,7.075516096984412,0.7819081839758493,0.8,9.04903701225738,4.0,0.8,1.2,Historical canonical backtest residuals
KS-2,4,97.36191454277662,1.2931078004500005,9.867214122678023,0.5,89.62349269599028,9.466968506126461,1.0461851900155754,1.0461851900155754,9.04903701225738,4.0,0.8,1.2,Historical canonical backtest residuals
KS-3,4,29.239498501743302,-2.73387418025,5.407355962181822,0.5,55.56228467547363,7.454011314418139,0.8237353106547474,0.8237353106547474,9.04903701225738,4.0,0.8,1.2,Historical canonical backtest residuals
KS-4,4,24.073498068175752,3.7960418380000016,4.9064751164329525,0.5,52.979284458689854,7.27868700101123,0.8043603967087193,0.8043603967087193,9.04903701225738,4.0,0.8,1.2,Historical canonical backtest residuals
KY-1,4,63.17189620983807,5.265345332999999,7.948075000265037,0.5,72.52848352952101,8.516365629159015,0.9411350199610374,0.9411350199610374,9.04903701225738,4.0,0.8,1.2,Historical canonical backtest residuals
KY-2,3,47.666422099001274,6.1919915629999975,6.904087347289377,0.42857142857142855,67.21993567054565,8.198776473995718,0.9060385611076692,0.9060385611076692,9.04903701225738,4.0,0.8,1.2,Historical canonical backtest residuals
KY-3,4,48.972313992563684,-5.9411944545,6.998022148619114,0.5,65.42869242088382,8.088800431515406,0.8938852190082454,0.8938852190082454,9.04903701225738,4.0,0.8,1.2,Historical canonical backtest residuals
KY-4,4,67.0842887217956,4.604646892999999,8.190499906708723,0.5,74.48467978549978,8.630450728988595,0.9537424498649096,0.9537424498649096,9.04903701225738,4.0,0.8,1.2,Historical canonical backtest residuals
KY-5,3,53.751121367175735,6.021421273000001,7.33151562551535,0.42857142857142855,69.82766392833472,8.35629486844108,0.9234457608165437,0.9234457608165437,9.04903701225738,4.0,0.8,1.2,Historical canonical backtest residuals
KY-6,4,106.96743795541533,7.12206613475,10.3425063671924,0.5,94.42625440230964,9.717317243061977,1.0738509777227543,1.0738509777227543,9.04903701225738,4.0,0.8,1.2,Historical canonical backtest residuals
LA-1,4,240.21188604045096,14.297631368,15.49877046866786,0.5,161.04847844482745,12.690487715010304,1.4024130631602452,1.2,9.04903701225738,4.0,0.8,1.2,Historical canonical backtest residuals
LA-2,2,51.750453093351084,2.773083667999998,7.1937787770650194,0.3333333333333333,71.84019826391967,8.47585973597485,0.9366587543507523,0.9366587543507523,9.04903701225738,4.0,0.8,1.2,Historical canonical backtest residuals
LA-3,4,190.90794440753857,6.060652078,13.816944105247678,0.5,136.39650762837127,11.678891541082624,1.2906225850621424,1.2,9.04903701225738,4.0,0.8,1.2,Historical canonical backtest residuals
LA-4,3,159.78964999210845,9.474165896333334,12.64079309189532,0.42857142857142855,115.27274762473445,10.736514687026439,1.1864814645451538,1.1864814645451538,9.04903701225738,4.0,0.8,1.2,Historical canonical backtest residuals
LA-5,3,206.20984122324504,11.184685829666668,14.360008399135602,0.42857142857142855,135.16711529522155,11.626139311707114,1.2847929891278949,1.2,9.04903701225738,4.0,0.8,1.2,Historical canonical backtest residuals
LA-6,3,351.6385776331324,18.501031293,18.75202862714145,0.42857142857142855,197.4937166137447,14.053245767926523,1.5530100881332112,1.2,9.04903701225738,4.0,0.8,1.2,Historical canonical backtest residuals
MA-1,1,8.46331475635513,-2.9091776770000024,2.9091776770000024,0.2,67.2007196306342,8.197604505624446,0.9059090480589674,0.9059090480589674,9.04903701225738,4.0,0.8,1.2,Historical canonical backtest residuals
MA-2,3,29.250386398083787,-5.0925406870000005,5.408362635593492,0.42857142857142855,59.32734894158102,7.7024248741276935,0.851187243868532,0.851187243868532,9.04903701225738,4.0,0.8,1.2,Historical canonical backtest residuals
MA-3,3,115.85050073835522,-5.897400220333332,10.76338704768881,0.42857142857142855,96.4416836588402,9.820472680010887,1.0852505815490157,1.0852505815490157,9.04903701225738,4.0,0.8,1.2,Historical canonical backtest residuals
MA-4,2,260.66291865350513,-6.022723761999998,16.1450586450934,0.3333333333333333,141.47768678397102,11.894439321967683,1.3144425540370828,1.2,9.04903701225738,4.0,0.8,1.2,Historical canonical backtest residuals
MA-5,3,4.259874851670047,1.4188997796666694,2.0639464265503715,0.42857142857142855,48.617129707403706,6.972598490333694,0.7705348625371911,0.8,9.04903701225738,4.0,0.8,1.2,Historical canonical backtest residuals
MA-6,3,38.11019795309184,-5.4706157803333335,6.173345766526595,0.42857142857142855,63.124411036584476,7.945087226493142,0.8780036169297483,0.8780036169297483,9.04903701225738,4.0,0.8,1.2,Historical canonical backtest residuals
MA-7,1,20.931411477337903,4.5750859529999985,4.5750859529999985,0.2,69.69433897483074,8.348313540759639,0.9225637523033031,0.9225637523033031,9.04903701225738,4.0,0.8,1.2,Historical canonical backtest residuals
MA-8,2,289.943889970947,-14.093737572,17.02773883905162,0.3333333333333333,151.23801055645163,12.297886426392612,1.3590270887094948,1.2,9.04903701225738,4.0,0.8,1.2,Historical canonical backtest residuals
MA-9,4,26.414910872863963,-4.1677151944999995,5.139543838986488,0.5,54.149990861033956,7.3586677368280435,0.8131989875674456,0.8131989875674456,9.04903701225738,4.0,0.8,1.2,Historical canonical backtest residuals
MD-1,4,88.14462443115953,4.272938952999999,9.388536863173064,0.5,85.01484764018174,9.22034964847764,1.018931587525635,1.018931587525635,9.04903701225738,4.0,0.8,1.2,Historical canonical backtest residuals
MD-2,4,11.113188277216306,-1.9947141695000008,3.3336448936886343,0.5,46.49912956321013,6.819027024672224,0.7535638339676926,0.8,9.04903701225738,4.0,0.8,1.2,Historical canonical backtest residuals
MD-3,4,11.064678985479915,-1.8517723520000011,3.326361222940154,0.5,46.474874917341936,6.817248339127887,0.7533672732130036,0.8,9.04903701225738,4.0,0.8,1.2,Historical canonical backtest residuals
MD-4,4,26.374407322281055,3.8739944554999983,5.13560194351948,0.5,54.12973908574251,7.357291559109406,0.8130469075486797,0.8130469075486797,9.04903701225738,4.0,0.8,1.2,Historical canonical backtest residuals
MD-5,4,6.338809334618254,-0.9708873370000025,2.5176992144849737,0.5,44.11194009191111,6.64168202279446,0.7339656157664031,0.8,9.04903701225738,4.0,0.8,1.2,Historical canonical backtest residuals
MD-6,4,2.537748108273239,-0.20018569150000015,1.5930311071266747,0.5,42.211409478738595,6.497030820208458,0.7179803565183677,0.8,9.04903701225738,4.0,0.8,1.2,Historical canonical backtest residuals
MD-7,4,97.51113414958283,6.317136542999998,9.874772612550773,0.5,89.6981024993934,9.470908219352218,1.0466205637708623,1.0466205637708623,9.04903701225738,4.0,0.8,1.2,Historical canonical backtest residuals
MD-8,4,7.990950643995227,1.8224974954999986,2.8268269568537843,0.5,44.93801074659959,6.703581934055822,0.7408061128466465,0.8,9.04903701225738,4.0,0.8,1.2,Historical canonical backtest residuals
ME-1,4,26.969669362710565,-1.0146790769999998,5.193233035663869,0.5,54.42737010595726,7.377490773017426,0.8152791024088244,0.8152791024088244,9.04903701225738,4.0,0.8,1.2,Historical canonical backtest residuals
ME-2,4,159.1209227617366,-1.4968561107500005,12.614314201007385,0.5,120.50299680547027,10.97738569995016,1.2130998784821783,1.2,9.04903701225738,4.0,0.8,1.2,Historical canonical backtest residuals
MI-1,4,38.75957049532658,4.249737408,6.225718472218815,0.5,60.32232067226526,7.766744535020144,0.8582951450524177,0.8582951450524177,9.04903701225738,4.0,0.8,1.2,Historical canonical backtest residuals
MI-10,4,121.47853946286912,6.258016830099998,11.02173032980163,0.5,101.68180515603655,10.083739641424533,1.1143439492805252,1.1143439492805252,9.04903701225738,4.0,0.8,1.2,Historical canonical backtest residuals
MI-11,4,30.828410430499282,-0.12136889200000045,5.552333782338674,0.5,56.35674063985162,7.507112669985154,0.8296034881740885,0.8296034881740885,9.04903701225738,4.0,0.8,1.2,Historical canonical backtest residuals
MI-12,4,11.655887774463519,-1.8151455095000015,3.4140720224481966,0.5,46.77047931183374,6.838894597216259,0.7557593794734876,0.8,9.04903701225738,4.0,0.8,1.2,Historical canonical backtest residuals
MI-13,3,58.904198442734334,6.199282803000005,7.67490706411057,0.42857142857142855,72.03612553214555,8.48740982468418,0.9379351430641242,0.9379351430641242,9.04903701225738,4.0,0.8,1.2,Historical canonical backtest residuals
MI-2,4,112.34240752000858,7.340467285499999,10.599170133553313,0.5,97.11373918460626,9.854630342362228,1.0890253105400753,1.0890253105400753,9.04903701225738,4.0,0.8,1.2,Historical canonical backtest residuals
MI-3,4,101.82668529435888,5.363964334249999,10.090920933906819,0.5,91.85587807178142,9.584147227154924,1.0591344928938529,1.0591344928938529,9.04903701225738,4.0,0.8,1.2,Historical canonical backtest residuals
MI-4,4,206.53621741327402,12.671554333,14.371367972927073,0.5,144.21064413123898,12.008773631442928,1.3270775238488288,1.2,9.04903701225738,4.0,0.8,1.2,Historical canonical backtest residuals
MI-5,4,38.380000216139784,-3.860252157,6.195159418137663,0.5,60.13253553267187,7.754517105060241,0.8569439040371207,0.8569439040371207,9.04903701225738,4.0,0.8,1.2,Historical canonical backtest residuals
MI-6,4,186.52028698703884,8.01139300925,13.65724302291787,0.5,134.2026789181214,11.5845879908662,1.2802011943562932,1.2,9.04903701225738,4.0,0.8,1.2,Historical canonical backtest residuals
MI-7,4,70.06355630358057,2.7408757427499997,8.370397619204274,0.5,75.97431357639226,8.716324545150453,0.9632322791191759,0.9632322791191759,9.04903701225738,4.0,0.8,1.2,Historical canonical backtest residuals
MI-8,4,95.56614763758029,-0.6210706152500007,9.775793964562688,0.5,88.72560924339211,9.419427224804707,1.040931450721841,1.040931450721841,9.04903701225738,4.0,0.8,1.2,Historical canonical backtest residuals
MI-9,4,25.830985269074173,-4.419782879499999,5.08241923389582,0.5,53.858028059139066,7.3388029036852505,0.8110037447901329,0.8110037447901329,9.04903701225738,4.0,0.8,1.2,Historical canonical backtest residuals
MN-1,4,23.136857613031854,-2.6132665144,4.810078753308708,0.5,52.5109642311179,7.246444937423999,0.8007973586148804,0.8007973586148804,9.04903701225738,4.0,0.8,1.2,Historical canonical backtest residuals
MN-2,4,4.83776994427841,1.64120418725,2.199493110759479,0.5,43.36142039674118,6.584938906075073,0.7276949908764258,0.8,9.04903701225738,4.0,0.8,1.2,Historical canonical backtest residuals
MN-3,4,77.75969222658951,6.312075363,8.818145622895411,0.5,79.82238153789673,8.93433721872511,0.9873246409118559,0.9873246409118559,9.04903701225738,4.0,0.8,1.2,Historical canonical backtest residuals
MN-4,4,10.015935424479608,2.5263207404999974,3.164796269032117,0.5,45.95050313684178,6.778680043846426,0.7491051296026704,0.8,9.04903701225738,4.0,0.8,1.2,Historical canonical backtest residuals
MN-5,4,172.00494178798917,11.139709313,13.115065451151557,0.5,126.94500631859657,11.266987455331464,1.2451034778694967,1.2,9.04903701225738,4.0,0.8,1.2,Historical canonical backtest residuals
MN-6,4,124.49988151218679,9.560179738,11.157951492643566,0.5,103.19247618069537,10.15836975999079,1.1225912487959508,1.1225912487959508,9.04903701225738,4.0,0.8,1.2,Historical canonical backtest residuals
MN-7,4,269.44586594835505,-12.038612749000002,16.414806302492728,0.5,175.6654683987795,13.253885030389373,1.464673535143719,1.2,9.04903701225738,4.0,0.8,1.2,Historical canonical backtest residuals
MN-8,4,34.55087525679869,3.624806111525,5.877999256277487,0.5,58.21797305300132,7.630070317697035,0.8431914144413066,0.8431914144413066,9.04903701225738,4.0,0.8,1.2,Historical canonical backtest residuals
MO-1,4,33.79749771003377,5.354858555500002,5.813561534036925,0.5,57.84128427961886,7.605345769892311,0.8404591294731676,0.8404591294731676,9.04903701225738,4.0,0.8,1.2,Historical canonical backtest residuals
MO-2,4,14.275156333822336,2.9486592382499994,3.778247786186387,0.5,48.08011359151315,6.9339825202774446,0.7662674504353352,0.8,9.04903701225738,4.0,0.8,1.2,Historical canonical backtest residuals
MO-3,4,77.98642030288315,6.490867118000002,8.83099203390441,0.5,79.93574557604356,8.940679256971674,0.9880254931945874,0.9880254931945874,9.04903701225738,4.0,0.8,1.2,Historical canonical backtest residuals
MO-4,4,93.20774912841377,7.946894715500002,9.65441604284867,0.5,87.54640998880886,9.35662385632814,1.033991113491316,1.033991113491316,9.04903701225738,4.0,0.8,1.2,Historical canonical backtest residuals
MO-5,4,6.7651132146110395,-1.4650449895,2.6009831246301927,0.5,44.325092031907495,6.657709218034946,0.7357367650299962,0.8,9.04903701225738,4.0,0.8,1.2,Historical canonical backtest residuals
MO-6,4,146.79340931727148,10.736930483,12.11583300137764,0.5,114.33924008323771,10.692952823389698,1.1816674867066574,1.1816674867066574,9.04903701225738,4.0,0.8,1.2,Historical canonical backtest residuals
MO-7,4,7.8175674259885835,1.3620498479999998,2.7959913136468404,0.5,44.85131913759627,6.697112746370355,0.7400912094070093,0.8,9.04903701225738,4.0,0.8,1.2,Historical canonical backtest residuals
MO-8,4,108.69002945095045,7.135582433,10.425451043046072,0.5,95.28755015007721,9.761534210874704,1.0787373504663769,1.0787373504663769,9.04903701225738,4.0,0.8,1.2,Historical canonical backtest residuals
MS-1,4,161.23928987426018,12.2496145455,12.69800338140844,0.5,121.56218036173206,11.025524040231923,1.2184195981624666,1.2,9.04903701225738,4.0,0.8,1.2,Historical canonical backtest residuals
MS-2,3,8.612139659106061,1.041207256333332,2.9346447245119913,0.42857142857142855,50.48238605344771,7.10509578073707,0.7851770051457252,0.8,9.04903701225738,4.0,0.8,1.2,Historical canonical backtest residuals
MS-3,4,172.78482831959553,12.721757675500001,13.144764293040614,0.5,127.33494958439974,11.28427886860298,1.2470143345991238,1.2,9.04903701225738,4.0,0.8,1.2,Historical canonical backtest residuals
MS-4,3,31.934943267152118,5.034477916333333,5.651101066796817,0.42857142857142855,60.47787331403888,7.776752105734044,0.8594010716499489,0.8594010716499489,9.04903701225738,4.0,0.8,1.2,Historical canonical backtest residuals
MT-1,1,34.52827208406192,-5.8760762490000005,5.8760762490000005,0.2,72.41371109617555,8.509624615467802,0.9403900773022681,0.9403900773022681,9.04903701225738,4.0,0.8,1.2,Historical canonical backtest residuals
MT-2,1,55.66253828498532,7.460733092999998,7.460733092999998,0.2,76.64056433636023,8.754459682719444,0.9674465549053546,0.9674465549053546,9.04903701225738,4.0,0.8,1.2,Historical canonical backtest residuals
NC-1,4,23.5913245971493,3.1771512977499987,4.857090136815385,0.5,52.738197723176626,7.262106975470454,0.8025281547233769,0.8025281547233769,9.04903701225738,4.0,0.8,1.2,Historical canonical backtest residuals
NC-10,4,35.624429011936414,5.085131005500001,5.968620360848595,0.5,58.754749930570185,7.665164703420937,0.8470696597923164,0.8470696597923164,9.04903701225738,4.0,0.8,1.2,Historical canonical backtest residuals
NC-11,4,25.415471634600372,1.4339096562500004,5.04137596640048,0.5,53.65027124190216,7.324634546644779,0.8094380138707787,0.8094380138707787,9.04903701225738,4.0,0.8,1.2,Historical canonical backtest residuals
NC-12,3,8.999092068154495,2.7528855696666645,2.999848674209167,0.42857142857142855,50.64822280018276,7.116756480320425,0.7864656173557935,0.8,9.04903701225738,4.0,0.8,1.2,Historical canonical backtest residuals
NC-13,4,28.47000466261993,3.3349643882500004,5.33572906570601,0.5,55.17753775591194,7.428158436376538,0.8208783350443501,0.8208783350443501,9.04903701225738,4.0,0.8,1.2,Historical canonical backtest residuals
NC-14,1,1.3187772146673888,-1.1483802570000012,1.1483802570000012,0.2,65.77181212229664,8.10998225166348,0.8962260006979856,0.8962260006979856,9.04903701225738,4.0,0.8,1.2,Historical canonical backtest residuals
NC-2,4,6.854046287097814,1.2112734770000002,2.618023354956524,0.5,44.369558568150886,6.661047858118938,0.7361057147955313,0.8,9.04903701225738,4.0,0.8,1.2,Historical canonical backtest residuals
NC-3,3,145.99497305217145,10.832088403,12.082837955222749,0.42857142857142855,109.3607432219043,10.457568705100833,1.1556554239899257,1.1556554239899257,9.04903701225738,4.0,0.8,1.2,Historical canonical backtest residuals
NC-4,4,9.467864929690569,-0.4213023944999996,3.076989588817383,0.5,45.67646788944726,6.758436793330782,0.7468680683012057,0.8,9.04903701225738,4.0,0.8,1.2,Historical canonical backtest residuals
NC-5,4,16.15580001546916,3.964330403,4.01942782190067,0.5,49.020435432336555,7.0014595215809505,0.7737242661398245,0.8,9.04903701225738,4.0,0.8,1.2,Historical canonical backtest residuals
NC-6,4,25.20963902899601,4.36352858075,5.020920137683531,0.5,53.54735493909998,7.317605820150466,0.8086612763588433,0.8086612763588433,9.04903701225738,4.0,0.8,1.2,Historical canonical backtest residuals
NC-7,4,41.97364695039921,5.124512883000001,6.4787071974583945,0.5,61.929358899801585,7.869520881210087,0.8696528559393029,0.8696528559393029,9.04903701225738,4.0,0.8,1.2,Historical canonical backtest residuals
NC-8,4,28.824082770866347,4.74263034725,5.3688064568269125,0.5,55.354576810035155,7.44006564554609,0.8221941887814299,0.8221941887814299,9.04903701225738,4.0,0.8,1.2,Historical canonical backtest residuals
NC-9,4,26.38383635483025,3.0074254765,5.136519868045898,0.5,54.1344536020171,7.357611949676138,0.8130823135887144,0.8130823135887144,9.04903701225738,4.0,0.8,1.2,Historical canonical backtest residuals
ND-AL,1,752.2062240766315,27.426378253000003,27.426378253000003,0.2,215.94930149468948,14.695213557301217,1.623953304356674,1.2,9.04903701225738,4.0,0.8,1.2,Historical canonical backtest residuals
NE-1,4,169.05042885737294,9.962945668,13.001939426769106,0.5,125.46774985328844,11.201238764229982,1.2378376559911664,1.2,9.04903701225738,4.0,0.8,1.2,Historical canonical backtest residuals
NE-2,4,45.30328189590476,4.49449838025,6.73077127050866,0.5,63.59417637255436,7.974595687089995,0.8812645673001449,0.8812645673001449,9.04903701225738,4.0,0.8,1.2,Historical canonical backtest residuals
NE-3,3,81.30297727623218,8.735079779666668,9.016816360347603,0.42857142857142855,81.63560217507319,9.035242231123258,0.9984755525791932,0.9984755525791932,9.04903701225738,4.0,0.8,1.2,Historical canonical backtest residuals
NH-1,4,7.850420359439767,-1.4885333125000004,2.8018601605789977,0.5,44.86774560432186,6.6983390183180385,0.7402267234894496,0.8,9.04903701225738,4.0,0.8,1.2,Historical canonical backtest residuals
NH-2,4,23.1483529103546,-0.8889384529999997,4.811273522712526,0.5,52.51671187977928,7.246841510601655,0.8008411835188033,0.8008411835188033,9.04903701225738,4.0,0.8,1.2,Historical canonical backtest residuals
NJ-1,4,37.55320240456829,2.7830643729999993,6.1280667754658396,0.5,59.719136626886126,7.727815773353175,0.8539931666635308,0.8539931666635308,9.04903701225738,4.0,0.8,1.2,Historical canonical backtest residuals
NJ-10,4,26.344505426188245,4.449647975500001,5.13268988213668,0.5,54.1147881376961,7.356275425627843,0.8129346156572678,0.8129346156572678,9.04903701225738,4.0,0.8,1.2,Historical canonical backtest residuals
NJ-11,4,78.66938945081475,0.3117065327499997,8.869576621846996,0.5,80.27723015000936,8.9597561434455,0.9901336607761749,0.9901336607761749,9.04903701225738,4.0,0.8,1.2,Historical canonical backtest residuals
NJ-12,4,23.98445313442492,4.818149030500001,4.897392483191941,0.5,52.93476199181444,7.275627944845341,0.8040223434814261,0.8040223434814261,9.04903701225738,4.0,0.8,1.2,Historical canonical backtest residuals
NJ-2,4,307.25583896491435,11.45973081225,17.528714698029468,0.5,194.57045490705914,13.948851383073057,1.5414735694172352,1.2,9.04903701225738,4.0,0.8,1.2,Historical canonical backtest residuals
NJ-3,4,198.1635676807374,4.655960680499999,14.077058204068683,0.5,140.02431926497067,11.833187198087026,1.3076736432902611,1.2,9.04903701225738,4.0,0.8,1.2,Historical canonical backtest residuals
NJ-4,4,202.30363416497315,12.759860688,14.223348205151034,0.5,142.09435250708856,11.92033357365005,1.3173041018070049,1.2,9.04903701225738,4.0,0.8,1.2,Historical canonical backtest residuals
NJ-5,4,23.403782348177486,-4.01508998075,4.837745585309079,0.5,52.64442659869072,7.255647910331008,0.801814369916143,0.801814369916143,9.04903701225738,4.0,0.8,1.2,Historical canonical backtest residuals
NJ-6,4,6.918888955827761,-1.9052151644999995,2.6303781013055443,0.5,44.40197990251586,6.663481064917635,0.7363746060372626,0.8,9.04903701225738,4.0,0.8,1.2,Historical canonical backtest residuals
NJ-7,4,26.920331304807583,5.069388559249999,5.188480635485458,0.5,54.40270107700577,7.375818671646272,0.8150943201641624,0.8150943201641624,9.04903701225738,4.0,0.8,1.2,Historical canonical backtest residuals
NJ-8,4,40.71440699512946,1.6450621154999996,6.3807841990722,0.5,61.29973892216671,7.829414979560523,0.8652207929921365,0.8652207929921365,9.04903701225738,4.0,0.8,1.2,Historical canonical backtest residuals
NJ-9,4,12.438179254034043,0.8055490630000004,3.526780295685293,0.5,47.161625051619,6.867432202185836,0.7589130415627156,0.8,9.04903701225738,4.0,0.8,1.2,Historical canonical backtest residuals
NM-1,4,49.39608893039819,-1.2582149819999997,7.028235122020193,0.5,65.64057988980107,8.101887427618399,0.8953314498154866,0.8953314498154866,9.04903701225738,4.0,0.8,1.2,Historical canonical backtest residuals
NM-2,4,114.73725262459153,5.477651172950001,10.711547629758808,0.5,98.31116173689774,9.915198522314,1.0957186393296172,1.0957186393296172,9.04903701225738,4.0,0.8,1.2,Historical canonical backtest residuals
NM-3,4,44.532424494530176,-4.504909059499999,6.673261908132347,0.5,63.208747671867066,7.950392925627454,0.8785899444170958,0.8785899444170958,9.04903701225738,4.0,0.8,1.2,Historical canonical backtest residuals
NV-1,4,11.130758093795746,2.536025380249999,3.33627907912329,0.5,46.50791447149985,6.819671141008183,0.753635014617643,0.8,9.04903701225738,4.0,0.8,1.2,Historical canonical backtest residuals
NV-2,4,131.2147320495833,11.1690648655,11.454899914428903,0.5,106.54990144939362,10.322301170252379,1.1407071444475583,1.1407071444475583,9.04903701225738,4.0,0.8,1.2,Historical canonical backtest residuals
NV-3,4,2.7924537588797818,0.24446119100000005,1.6710636609297032,0.5,42.33876230404187,6.50682428716512,0.7190626227245283,0.8,9.04903701225738,4.0,0.8,1.2,Historical canonical backtest residuals
NV-4,4,31.163134662564595,4.9434869715,5.582395065074183,0.5,56.52410275588427,7.518251309705221,0.830834408072524,0.830834408072524,9.04903701225738,4.0,0.8,1.2,Historical canonical backtest residuals
NY-1,4,46.4528046459621,2.0401482870499996,6.815629438721129,0.5,64.16893774758303,8.010551650640737,0.8852380247522514,0.8852380247522514,9.04903701225738,4.0,0.8,1.2,Historical canonical backtest residuals
NY-10,4,150.14002252668192,8.165771595499999,12.253163776212327,0.5,116.01254668794294,10.770912063884978,1.1902826841458634,1.1902826841458634,9.04903701225738,4.0,0.8,1.2,Historical canonical backtest residuals
NY-11,4,160.78471228910445,4.5284197355,12.680091178264629,0.5,121.3348915691542,11.0152118258867,1.2172800057029314,1.2,9.04903701225738,4.0,0.8,1.2,Historical canonical backtest residuals
NY-12,4,81.68125085815927,7.539138227999997,9.037768024139549,0.5,81.78316085368161,9.043404273484715,0.9993775316903849,0.9993775316903849,9.04903701225738,4.0,0.8,1.2,Historical canonical backtest residuals
NY-13,3,305.9786243593989,16.465731523000002,17.492244691845553,0.42857142857142855,177.92516521071605,13.338859216991386,1.474063947238057,1.2,9.04903701225738,4.0,0.8,1.2,Historical canonical backtest residuals
NY-14,4,203.78639349248914,11.867635888,14.275377175139337,0.5,142.83573217084654,11.951390386513468,1.320736159032691,1.2,9.04903701225738,4.0,0.8,1.2,Historical canonical backtest residuals
NY-15,4,162.9322430423526,11.695431945500005,12.76449149172628,0.5,122.40865694577829,11.063844582502878,1.2226543628362154,1.2,9.04903701225738,4.0,0.8,1.2,Historical canonical backtest residuals
NY-16,1,313.4886121220704,17.705609623000004,17.705609623000004,0.2,128.20577910377725,11.322799084315559,1.2512711649845452,1.2,9.04903701225738,4.0,0.8,1.2,Historical canonical backtest residuals
NY-17,2,40.70768938573555,6.303061023499999,6.38025778364288,0.3333333333333333,68.15927702804782,8.255863190972088,0.9123471569172612,0.9123471569172612,9.04903701225738,4.0,0.8,1.2,Historical canonical backtest residuals
NY-18,4,33.03774849603838,-3.413196384,5.747847292338096,0.5,57.46140967262117,7.580330446136315,0.8376947111464317,0.8376947111464317,9.04903701225738,4.0,0.8,1.2,Historical canonical backtest residuals
NY-19,4,57.18449002884653,0.5966290382499999,7.562042715354531,0.5,69.53478043902524,8.338751731465882,0.9215070863530141,0.9215070863530141,9.04903701225738,4.0,0.8,1.2,Historical canonical backtest residuals
NY-2,4,170.21482794591262,8.720828883500001,13.046640485041067,0.5,126.0499493975583,11.227196862866451,1.2407062594239193,1.2,9.04903701225738,4.0,0.8,1.2,Historical canonical backtest residuals
NY-20,4,38.261839016444824,-2.7473140745,6.185615492127265,0.5,60.07345493282439,7.750706737635245,0.8565228241564843,0.8565228241564843,9.04903701225738,4.0,0.8,1.2,Historical canonical backtest residuals
NY-21,4,310.61022484277845,10.67827168775,17.62413756309166,0.5,196.2476478459912,14.008841773893772,1.5481030473096846,1.2,9.04903701225738,4.0,0.8,1.2,Historical canonical backtest residuals
NY-22,4,51.12922497201691,-3.6128335564999996,7.1504702622986205,0.5,66.50714791061043,8.155191469892687,0.9012220260394632,0.9012220260394632,9.04903701225738,4.0,0.8,1.2,Historical canonical backtest residuals
NY-23,4,36.3700359212337,3.5559529084999997,6.030757491495882,0.5,59.12755338521883,7.689444283250827,0.849752771796058,0.849752771796058,9.04903701225738,4.0,0.8,1.2,Historical canonical backtest residuals
NY-24,4,291.2076851326652,13.5770395877,17.06480838253583,0.5,186.54637799093456,13.658198197087877,1.5093537774889367,1.2,9.04903701225738,4.0,0.8,1.2,Historical canonical backtest residuals
NY-25,4,20.11224191963522,4.208423067999998,4.4846674257558075,0.5,50.99865638441959,7.141334356016359,0.7891816937363677,0.8,9.04903701225738,4.0,0.8,1.2,Historical canonical backtest residuals
NY-26,4,120.60369327271658,-10.508299847,10.981971283549989,0.5,101.24438206096028,10.062026737241373,1.111944478026982,1.111944478026982,9.04903701225738,4.0,0.8,1.2,Historical canonical backtest residuals
NY-3,4,48.012605971292764,-0.3356054647500013,6.9291129281671235,0.5,64.94883841024836,8.059084216599821,0.8906013099165561,0.8906013099165561,9.04903701225738,4.0,0.8,1.2,Historical canonical backtest residuals
NY-4,4,59.401472606229675,-0.5566481420500002,7.707235081806553,0.5,70.64327172771681,8.404955188917834,0.9288231640044013,0.9288231640044013,9.04903701225738,4.0,0.8,1.2,Historical canonical backtest residuals
NY-5,2,155.0906321578216,12.197657568,12.453538941113148,0.3333333333333333,106.28692461874317,10.309555015554414,1.1392985796819706,1.1392985796819706,9.04903701225738,4.0,0.8,1.2,Historical canonical backtest residuals
NY-6,3,25.045401724940955,1.1627628996666637,5.004538113047093,0.42857142857142855,57.52521265309124,7.584537734963894,0.8381596544129782,0.8381596544129782,9.04903701225738,4.0,0.8,1.2,Historical canonical backtest residuals
NY-7,3,354.5098486226047,16.763408512999998,18.82843192150118,0.42857142857142855,198.72426132351853,14.09695929353272,1.5578408259837675,1.2,9.04903701225738,4.0,0.8,1.2,Historical canonical backtest residuals
NY-8,2,192.12272258921186,12.931026843000001,13.860834123140348,0.3333333333333333,118.63095476253993,10.891783819124392,1.2036401005290307,1.2,9.04903701225738,4.0,0.8,1.2,Historical canonical backtest residuals
NY-9,2,217.8196095463185,12.081562312999992,14.758713004402468,0.3333333333333333,127.19658374824215,11.278146290425664,1.2463366295384628,1.2,9.04903701225738,4.0,0.8,1.2,Historical canonical backtest residuals
OH-1,4,67.02491946855729,6.63271231775,8.186874829173663,0.5,74.45499515888062,8.628730796523937,0.9535523818541005,0.9535523818541005,9.04903701225738,4.0,0.8,1.2,Historical canonical backtest residuals
OH-10,4,429.5829855216864,19.5205348005,20.7263838023348,0.5,255.73402818544517,15.991686220828782,1.7672251974621425,1.2,9.04903701225738,4.0,0.8,1.2,Historical canonical backtest residuals
OH-11,4,45.575290010135674,5.786665675500002,6.750947341679956,0.5,63.730180429669815,7.983118465215822,0.882206410958678,0.882206410958678,9.04903701225738,4.0,0.8,1.2,Historical canonical backtest residuals
OH-12,4,219.62741641961935,10.45091633375,14.819831862056308,0.5,150.75624363441165,12.278283415624989,1.3568607796601375,1.2,9.04903701225738,4.0,0.8,1.2,Historical canonical backtest residuals
OH-13,4,35.872812628365686,-3.5502846844999993,5.989391674315989,0.5,58.87894173878482,7.673261479891377,0.8479644264353826,0.8479644264353826,9.04903701225738,4.0,0.8,1.2,Historical canonical backtest residuals
OH-14,4,213.2585656201192,12.759941033,14.603375144812215,0.5,147.57181823466158,12.147914151600743,1.3424538031114004,1.2,9.04903701225738,4.0,0.8,1.2,Historical canonical backtest residuals
OH-15,4,312.05349949452506,15.345862165499998,17.66503607396614,0.5,196.9692851718645,14.0345746345183,1.550946759915752,1.2,9.04903701225738,4.0,0.8,1.2,Historical canonical backtest residuals
OH-2,4,182.38871453446143,10.9939997305,13.505136598141517,0.5,132.13689269183268,11.495081239027094,1.270309893025791,1.2,9.04903701225738,4.0,0.8,1.2,Historical canonical backtest residuals
OH-3,4,9.471076783480724,1.8185272554999976,3.077511459520618,0.5,45.67807381634234,6.758555601335417,0.7468811976545804,0.8,9.04903701225738,4.0,0.8,1.2,Historical canonical backtest residuals
OH-4,4,174.772204785767,9.848688130499998,13.220143901855494,0.5,128.3286378174855,11.328223065312825,1.2518705636818783,1.2,9.04903701225738,4.0,0.8,1.2,Historical canonical backtest residuals
OH-5,4,383.2760569343789,16.197802957999997,19.577437445548867,0.5,232.58056389179143,15.250592247247036,1.6853276460897813,1.2,9.04903701225738,4.0,0.8,1.2,Historical canonical backtest residuals
OH-6,4,278.86778857832115,12.646154533,16.699334974133585,0.5,180.37642971376255,13.430429245328034,1.484183259183915,1.2,9.04903701225738,4.0,0.8,1.2,Historical canonical backtest residuals
OH-7,4,244.19218858997013,9.088987953,15.62664994776456,0.5,163.03862971958705,12.768658101757875,1.4110515941599178,1.2,9.04903701225738,4.0,0.8,1.2,Historical canonical backtest residuals
OH-8,4,118.91608949671318,9.630495728,10.904865404795842,0.5,100.40058017295857,10.020008990662562,1.1073011390151186,1.1073011390151186,9.04903701225738,4.0,0.8,1.2,Historical canonical backtest residuals
OH-9,4,93.34651616967497,-5.333493982000001,9.661600083302712,0.5,87.61579350943947,9.360330844016117,1.0344007689809507,1.0344007689809507,9.04903701225738,4.0,0.8,1.2,Historical canonical backtest residuals
OK-1,3,26.046877843147872,2.770393189666668,5.103614194191002,0.42857142857142855,57.95441670375135,7.612779827615623,0.8412806597324917,0.8412806597324917,9.04903701225738,4.0,0.8,1.2,Historical canonical backtest residuals
OK-2,4,89.94552544543672,2.0199041104999966,9.48396148481407,0.5,85.91529814732033,9.269050552635925,1.0243134755754149,1.0243134755754149,9.04903701225738,4.0,0.8,1.2,Historical canonical backtest residuals
OK-3,4,55.74612197840803,6.362178057999998,7.466332565484076,0.5,68.81559641380599,8.295516645381769,0.9167292203739548,0.9167292203739548,9.04903701225738,4.0,0.8,1.2,Historical canonical backtest residuals
OK-4,4,44.37385136148954,4.593342567999998,6.6613700814088945,0.5,63.12946110534675,7.945405030918609,0.8780387371779069,0.8780387371779069,9.04903701225738,4.0,0.8,1.2,Historical canonical backtest residuals
OK-5,4,21.636931644687348,-1.1580553282499997,4.65155153090744,0.5,51.76100124694565,7.1945118838560305,0.7950582889771254,0.8,9.04903701225738,4.0,0.8,1.2,Historical canonical backtest residuals
OR-1,4,4.048004935705945,-1.1378122495000014,2.0119654409820127,0.5,42.96653789245495,6.554886565948716,0.7243739369249778,0.8,9.04903701225738,4.0,0.8,1.2,Historical canonical backtest residuals
OR-2,4,254.63045589735856,12.656565438,15.957144352839531,0.5,168.25776337328125,12.971421023668967,1.4334587211985672,1.2,9.04903701225738,4.0,0.8,1.2,Historical canonical backtest residuals
OR-3,3,9.844469153396796,2.928068699666665,3.137589704438233,0.42857142857142855,51.0105272652866,7.142165446507565,0.789273536712596,0.8,9.04903701225738,4.0,0.8,1.2,Historical canonical backtest residuals
OR-4,4,29.573255502625198,-2.809966255250001,5.438129779862301,0.5,55.72916317591458,7.465196794185307,0.8249714067997864,0.8249714067997864,9.04903701225738,4.0,0.8,1.2,Historical canonical backtest residuals
OR-5,4,29.26830225565218,1.3089782234999998,5.410018692726688,0.5,55.57668655242807,7.454977300597774,0.8238420608181433,0.8238420608181433,9.04903701225738,4.0,0.8,1.2,Historical canonical backtest residuals
OR-6,1,74.20259947030657,8.614093073,8.614093073,0.2,80.34857657342448,8.963736752795928,0.9905735539211622,0.9905735539211622,9.04903701225738,4.0,0.8,1.2,Historical canonical backtest residuals
PA-1,4,182.98042241876726,11.956055661500004,13.527025630890453,0.5,132.4327466339856,11.507942762891446,1.2717312071221893,1.2,9.04903701225738,4.0,0.8,1.2,Historical canonical backtest residuals
PA-10,4,108.5774077646602,6.6331184502500005,10.420048357117167,0.5,95.23123930693208,9.758649461218088,1.0784185596765161,1.0784185596765161,9.04903701225738,4.0,0.8,1.2,Historical canonical backtest residuals
PA-11,4,107.03871883870971,6.295891187999999,10.345951809220344,0.5,94.46189484395683,9.719150932255184,1.0740536168754864,1.0740536168754864,9.04903701225738,4.0,0.8,1.2,Historical canonical backtest residuals
PA-12,4,57.420944778401136,6.9877924655,7.577660904157769,0.5,69.65300781380255,8.345837753862853,0.9222901555776589,0.9222901555776589,9.04903701225738,4.0,0.8,1.2,Historical canonical backtest residuals
PA-13,2,27.708281828300326,4.855571337999994,5.263865673466633,0.3333333333333333,63.82614117556942,7.9891264338204975,0.8828703455405057,0.8828703455405057,9.04903701225738,4.0,0.8,1.2,Historical canonical backtest residuals
PA-14,3,52.66791503093949,-3.0457989536666683,7.257266360754543,0.42857142857142855,69.36343264137632,8.328471206732742,0.9203709958807114,0.9203709958807114,9.04903701225738,4.0,0.8,1.2,Historical canonical backtest residuals
PA-15,4,114.64887744215721,7.301087160500002,10.70742160569748,0.5,98.26697414568059,9.91296999620601,1.09547236714563,1.09547236714563,9.04903701225738,4.0,0.8,1.2,Historical canonical backtest residuals
PA-16,4,36.256905046325116,-0.32369847924999995,6.021370694976777,0.5,59.070987947764536,7.68576528055369,0.8493462088996797,0.8493462088996797,9.04903701225738,4.0,0.8,1.2,Historical canonical backtest residuals
PA-17,4,26.94858901093931,-0.9107129355000004,5.191203040812343,0.5,54.41682993007163,7.376776391491857,0.8152001568232774,0.8152001568232774,9.04903701225738,4.0,0.8,1.2,Historical canonical backtest residuals
PA-2,4,50.72273129341369,-0.451195564499999,7.121989279226253,0.5,66.30390107130881,8.142720741331415,0.8998438983398661,0.8998438983398661,9.04903701225738,4.0,0.8,1.2,Historical canonical backtest residuals
PA-3,2,38.7102253869302,6.064921433000002,6.221754204959418,0.3333333333333333,67.49345569511271,8.215440079211382,0.9078800393990157,0.9078800393990157,9.04903701225738,4.0,0.8,1.2,Historical canonical backtest residuals
PA-4,4,101.27865078168313,4.548265975500001,10.06372946683699,0.5,91.58186081544355,9.569841211610752,1.0575535494713877,1.0575535494713877,9.04903701225738,4.0,0.8,1.2,Historical canonical backtest residuals
PA-5,4,117.87263067576558,7.588306408000001,10.85691625995916,0.5,99.87885076248477,9.99394070236985,1.1044203586340238,1.1044203586340238,9.04903701225738,4.0,0.8,1.2,Historical canonical backtest residuals
PA-6,4,54.04638178293824,2.9112675780000004,7.35162443157553,0.5,67.9657263160711,8.24413284197138,0.9110508478199707,0.9110508478199707,9.04903701225738,4.0,0.8,1.2,Historical canonical backtest residuals
PA-7,4,94.85093228411056,4.24359114775,9.73914433018171,0.5,88.36800156665726,9.400425605612613,1.038831600852031,1.038831600852031,9.04903701225738,4.0,0.8,1.2,Historical canonical backtest residuals
PA-8,4,88.47163674892244,-3.9445440802500005,9.40593625052405,0.5,85.17835379906319,9.22921198147833,1.0199109550526642,1.0199109550526642,9.04903701225738,4.0,0.8,1.2,Historical canonical backtest residuals
PA-9,4,17.373738800864185,-0.2715738644999979,4.168181713992827,0.5,49.62940482503407,7.044814037647415,0.7785153302063917,0.8,9.04903701225738,4.0,0.8,1.2,Historical canonical backtest residuals
RI-1,3,14.431627292497526,1.5580785096666645,3.7988981682189804,0.42857142857142855,52.976452182044056,7.27849243882578,0.804338895836838,0.804338895836838,9.04903701225738,4.0,0.8,1.2,Historical canonical backtest residuals
RI-2,4,63.050284241598355,-3.19444702075,7.940420910858464,0.5,72.46767754540116,8.512794931478213,0.9407404257433362,0.9407404257433362,9.04903701225738,4.0,0.8,1.2,Historical canonical backtest residuals
SC-1,4,41.51759921167926,-0.4187433270000005,6.443415182314365,0.5,61.70133503044161,7.855019734567292,0.8680503487749326,0.8680503487749326,9.04903701225738,4.0,0.8,1.2,Historical canonical backtest residuals
SC-2,4,32.74708676931364,4.972068010500001,5.722507035322336,0.5,57.3160788092588,7.570738326560944,0.8366346956373364,0.8366346956373364,9.04903701225738,4.0,0.8,1.2,Historical canonical backtest residuals
SC-3,3,144.29597574891525,11.171846736333334,12.012325992451057,0.42857142857142855,108.63260152050879,10.422696461113544,1.1518017272993217,1.1518017272993217,9.04903701225738,4.0,0.8,1.2,Historical canonical backtest residuals
SC-4,3,63.161131133980405,7.166701422999999,7.947397758636496,0.42857142857142855,73.86052525696529,8.59421463875352,0.9497380358940096,0.9497380358940096,9.04903701225738,4.0,0.8,1.2,Historical canonical backtest residuals
SC-5,4,69.13479804128936,7.9837161430000005,8.31473379256903,0.5,75.50993444524666,8.689645242772956,0.9602839761846914,0.9602839761846914,9.04903701225738,4.0,0.8,1.2,Historical canonical backtest residuals
SC-6,4,16.306072857004022,3.7095234754999966,4.0380778666345725,0.5,49.09557185310399,7.006823235468695,0.7743170047793592,0.8,9.04903701225738,4.0,0.8,1.2,Historical canonical backtest residuals
SC-7,4,134.07577958294638,11.023603128000001,11.579109619610067,0.5,107.98042521607516,10.391363010504213,1.1483390991139262,1.1483390991139262,9.04903701225738,4.0,0.8,1.2,Historical canonical backtest residuals
SD-AL,2,74.73317003030115,7.060095598,8.64483487582621,0.3333333333333333,79.5011039095697,8.916339154023342,0.9853356928417586,0.9853356928417586,9.04903701225738,4.0,0.8,1.2,Historical canonical backtest residuals
TN-1,4,91.42472525298913,6.875976040499998,9.561627751224638,0.5,86.65489805109655,9.308861265004252,1.0287129174513185,1.0287129174513185,9.04903701225738,4.0,0.8,1.2,Historical canonical backtest residuals
TN-2,4,92.88462139947562,8.258331143,9.637666802679766,0.5,87.38484612433979,9.347986206897172,1.033036575520119,1.033036575520119,9.04903701225738,4.0,0.8,1.2,Historical canonical backtest residuals
TN-3,4,49.24725039044725,6.026275435499999,7.017638519505493,0.5,65.56616061982561,8.097293413223063,0.8948237698945057,0.8948237698945057,9.04903701225738,4.0,0.8,1.2,Historical canonical backtest residuals
TN-4,4,11.266797964171449,-0.35438659450000287,3.3566051248503226,0.5,46.5759344066877,6.824656358139046,0.7541859259603759,0.8,9.04903701225738,4.0,0.8,1.2,Historical canonical backtest residuals
TN-5,3,64.80718176824628,-6.546108267000001,8.050290787806754,0.42857142857142855,74.56597552879352,8.635159264819238,0.9542627854347902,0.9542627854347902,9.04903701225738,4.0,0.8,1.2,Historical canonical backtest residuals
TN-6,4,44.06309330498486,4.798440127999999,6.638003713842353,0.5,62.97408207709441,7.935621089561573,0.8769575236362026,0.8769575236362026,9.04903701225738,4.0,0.8,1.2,Historical canonical backtest residuals
TN-7,4,106.12563094906513,8.558566108000003,10.301729512517067,0.5,94.00535089913454,9.695635662458368,1.0714549680065557,1.0714549680065557,9.04903701225738,4.0,0.8,1.2,Historical canonical backtest residuals
TN-8,4,106.2693601237043,10.235552020500002,10.30870312520951,0.5,94.07721548645412,9.699340982069561,1.0718644391586984,1.0718644391586984,9.04903701225738,4.0,0.8,1.2,Historical canonical backtest residuals
TN-9,4,15.444221604036738,3.013474640500002,3.929913689133228,0.5,48.66464622662035,6.976005033442877,0.7709113161979031,0.8,9.04903701225738,4.0,0.8,1.2,Historical canonical backtest residuals
TX-1,4,45.13308620485816,6.518570305499999,6.718116269078569,0.5,63.50907852703106,7.969258342344729,0.8806747426880854,0.8806747426880854,9.04903701225738,4.0,0.8,1.2,Historical canonical backtest residuals
TX-10,4,21.461967000291786,3.7126539802500003,4.632706228576531,0.5,51.67351892474787,7.188429517269253,0.7943861327489501,0.8,9.04903701225738,4.0,0.8,1.2,Historical canonical backtest residuals
TX-11,2,90.15342418249047,9.430044092999992,9.494915701705333,0.3333333333333333,84.64118862696614,9.200064599064843,1.0166899070699886,1.0166899070699886,9.04903701225738,4.0,0.8,1.2,Historical canonical backtest residuals
TX-12,4,62.99062345711272,7.851444272999999,7.936663244532473,0.5,72.43784715315834,8.511042659578106,0.9405467839339663,0.9405467839339663,9.04903701225738,4.0,0.8,1.2,Historical canonical backtest residuals
TX-13,3,35.27470625686546,5.256700039666667,5.93925132124121,0.42857142857142855,61.90920030963031,7.8682399753458405,0.8695113043175656,0.8695113043175656,9.04903701225738,4.0,0.8,1.2,Historical canonical backtest residuals
TX-14,4,67.07435251401485,8.0487704355,8.189893315179072,0.5,74.4797116816094,8.630162900062166,0.9537106421790709,0.9537106421790709,9.04903701225738,4.0,0.8,1.2,Historical canonical backtest residuals
TX-15,4,101.04522285924315,6.079170033499999,10.052125290665808,0.5,91.46514685422355,9.563741258222304,1.056879449743407,1.056879449743407,9.04903701225738,4.0,0.8,1.2,Historical canonical backtest residuals
TX-16,3,123.70835215480038,10.004130599666668,11.122425641684478,0.42857142857142855,99.80933426588814,9.990462164779371,1.1040359489354263,1.1040359489354263,9.04903701225738,4.0,0.8,1.2,Historical canonical backtest residuals
TX-17,4,32.85075287485717,5.403185755499999,5.731557630771689,0.5,57.36791186203057,7.574160802493605,0.8370129100183832,0.8370129100183832,9.04903701225738,4.0,0.8,1.2,Historical canonical backtest residuals
TX-18,4,69.00531667453352,7.292201497999999,8.306943882953195,0.5,75.44519376186874,8.685919281335092,0.959872223924996,0.959872223924996,9.04903701225738,4.0,0.8,1.2,Historical canonical backtest residuals
TX-19,2,76.82874120956271,8.762211827999998,8.765200580110116,0.3333333333333333,80.19962763599021,8.955424481061197,0.9896549731126771,0.9896549731126771,9.04903701225738,4.0,0.8,1.2,Historical canonical backtest residuals
TX-2,4,40.54711198897996,5.175112915,6.367661422294684,0.5,61.21609141909195,7.824071281570226,0.8646302662893438,0.8646302662893438,9.04903701225738,4.0,0.8,1.2,Historical canonical backtest residuals
TX-20,2,17.597915645774897,-2.5676704919999995,4.194986966103101,0.3333333333333333,60.45601911472761,7.775346880668901,0.8592457816380682,0.8592457816380682,9.04903701225738,4.0,0.8,1.2,Historical canonical backtest residuals
TX-21,4,4.993230190644557,1.678638099250001,2.234553689362723,0.5,43.439150519924254,6.590838377621185,0.7283469355571826,0.8,9.04903701225738,4.0,0.8,1.2,Historical canonical backtest residuals
TX-22,4,33.89685894969331,3.3043769867500004,5.822100905145264,0.5,57.89096489944863,7.608611233296694,0.8408199925572681,0.8408199925572681,9.04903701225738,4.0,0.8,1.2,Historical canonical backtest residuals
TX-23,4,89.6048957254561,8.1732318888,9.465986252126934,0.5,85.74498328733003,9.259858707741174,1.0232976940196206,1.0232976940196206,9.04903701225738,4.0,0.8,1.2,Historical canonical backtest residuals
TX-24,4,14.827236568460393,1.628080195,3.850615089626642,0.5,48.356153708832174,6.953858907745553,0.7684639700695443,0.8,9.04903701225738,4.0,0.8,1.2,Historical canonical backtest residuals
TX-25,3,7.534788314143564,2.0892864143333325,2.7449568874835837,0.42857142857142855,50.020664048463786,7.072528829807892,0.7815780640777348,0.8,9.04903701225738,4.0,0.8,1.2,Historical canonical backtest residuals
TX-26,3,3.62475067703591,1.8486666263333333,1.9038777999220198,0.42857142857142855,48.344933632560505,6.953052109150377,0.7683748115663707,0.8,9.04903701225738,4.0,0.8,1.2,Historical canonical backtest residuals
TX-27,4,47.19017360958336,6.266477608,6.8695104344911915,0.5,64.53762222939366,8.033531118343518,0.8877774626694191,0.8877774626694191,9.04903701225738,4.0,0.8,1.2,Historical canonical backtest residuals
TX-28,3,79.75584033380268,-4.5967216969999996,8.93061253967513,0.42857142857142855,80.97254348546055,8.998474508796507,0.9944123884793064,0.9944123884793064,9.04903701225738,4.0,0.8,1.2,Historical canonical backtest residuals
TX-29,4,79.6669101191635,-3.086962142000001,8.925632197170321,0.5,80.77599048418372,8.987546410683159,0.9932047353225621,0.9932047353225621,9.04903701225738,4.0,0.8,1.2,Historical canonical backtest residuals
TX-3,4,19.333720933190776,3.107605768,4.397012728340774,0.5,50.609395891197366,7.11402810587626,0.7861641074337467,0.8,9.04903701225738,4.0,0.8,1.2,Historical canonical backtest residuals
TX-30,3,21.550480804708553,3.9333182829999984,4.642249541408621,0.42857142857142855,56.02738940156307,7.485144581206369,0.827175816726947,0.827175816726947,9.04903701225738,4.0,0.8,1.2,Historical canonical backtest residuals
TX-31,3,5.028344664344662,0.7357366436666676,2.242397079989327,0.42857142857142855,48.946473912835685,6.996175663377506,0.7731403522718309,0.8,9.04903701225738,4.0,0.8,1.2,Historical canonical backtest residuals
TX-32,3,3.597476936359594,1.5234538659999997,1.8967015939149716,0.42857142857142855,48.33324488655637,6.952211510487607,0.7682819178516437,0.8,9.04903701225738,4.0,0.8,1.2,Historical canonical backtest residuals
TX-33,4,45.308061267624794,4.084438822999999,6.731126300079712,0.5,63.596566058414375,7.974745516843429,0.8812811248358507,0.8812811248358507,9.04903701225738,4.0,0.8,1.2,Historical canonical backtest residuals
TX-34,4,72.39647978751398,6.610619890000001,8.508612095254666,0.5,77.14077531835898,8.782982142664244,0.9705985433330916,0.9705985433330916,9.04903701225738,4.0,0.8,1.2,Historical canonical backtest residuals
TX-35,4,9.20198559332591,-0.905104197,3.033477475328589,0.5,45.543528221264935,6.748594536736144,0.7457804104011102,0.8,9.04903701225738,4.0,0.8,1.2,Historical canonical backtest residuals
TX-36,3,42.57382606742894,6.399282402999998,6.524862149304684,0.42857142857142855,65.03739451415751,8.064576524167745,0.8912082593146505,0.8912082593146505,9.04903701225738,4.0,0.8,1.2,Historical canonical backtest residuals
TX-37,1,26.258739470569314,-5.124328197000004,5.124328197000004,0.2,70.75980457347703,8.411884721837136,0.9295889397338979,0.9295889397338979,9.04903701225738,4.0,0.8,1.2,Historical canonical backtest residuals
TX-38,1,51.8156694906815,7.198310183,7.198310183,0.2,75.87119057749946,8.710407027085443,0.9625783401357244,0.9625783401357244,9.04903701225738,4.0,0.8,1.2,Historical canonical backtest residuals
TX-4,3,40.95317801683806,6.270099673,6.399467010371884,0.42857142857142855,64.34283106390428,8.021398323478538,0.8864366796835008,0.8864366796835008,9.04903701225738,4.0,0.8,1.2,Historical canonical backtest residuals
TX-5,3,18.826313412377466,4.237866379666669,4.3389299847286615,0.42857142857142855,54.85988909056403,7.406746187805009,0.8185120889407564,0.8185120889407564,9.04903701225738,4.0,0.8,1.2,Historical canonical backtest residuals
TX-6,3,9.791481520095816,3.0275195386666653,3.1291343084143604,0.42857142857142855,50.98781827958618,7.140575486582729,0.7890978318367421,0.8,9.04903701225738,4.0,0.8,1.2,Historical canonical backtest residuals
TX-7,4,19.78735539483532,0.10719479799999966,4.448298033499477,0.5,50.836213122019636,7.129951831675978,0.7879238223932664,0.8,9.04903701225738,4.0,0.8,1.2,Historical canonical backtest residuals
TX-8,3,45.10621335583014,6.450504963000003,6.716115942703055,0.42857142857142855,66.12270335204374,8.131586767171813,0.898613494027836,0.898613494027836,9.04903701225738,4.0,0.8,1.2,Historical canonical backtest residuals
TX-9,3,60.53535784509247,2.8123214929999967,7.780447149431224,0.42857142857142855,72.73519384744189,8.528493058415531,0.9424752099989485,0.9424752099989485,9.04903701225738,4.0,0.8,1.2,Historical canonical backtest residuals
UT-1,4,244.40993075911575,7.647136087999999,15.633615409082946,0.5,163.14750080415985,12.772920605881799,1.4115226392134579,1.2,9.04903701225738,4.0,0.8,1.2,Historical canonical backtest residuals
UT-2,4,109.42752941547826,5.486283768,10.460761416621558,0.5,95.6563001323411,9.780403883906896,1.080822619098457,1.080822619098457,9.04903701225738,4.0,0.8,1.2,Historical canonical backtest residuals
UT-3,4,353.6265604634899,12.762989550500002,18.80496105987699,0.5,217.75581565634693,14.756551618055857,1.6307317119012068,1.2,9.04903701225738,4.0,0.8,1.2,Historical canonical backtest residuals
UT-4,4,129.0955436522081,-5.386103777675001,11.362021987842134,0.5,105.49030725070602,10.270847445596008,1.1350210449668428,1.1350210449668428,9.04903701225738,4.0,0.8,1.2,Historical canonical backtest residuals
VA-1,4,80.17994337765656,8.284942495500001,8.954325400478618,0.5,81.03250711343026,9.001805769590359,0.9947805227668929,0.9947805227668929,9.04903701225738,4.0,0.8,1.2,Historical canonical backtest residuals
VA-10,4,41.19728291333641,5.90387531875,6.41851095763935,0.5,61.54117688127018,7.8448184734428485,0.8669230176444902,0.8669230176444902,9.04903701225738,4.0,0.8,1.2,Historical canonical backtest residuals
VA-11,3,13.843925075306393,3.3996392229999963,3.7207425435397155,0.42857142857142855,52.724579803247856,7.261169313770879,0.8024245346698502,0.8024245346698502,9.04903701225738,4.0,0.8,1.2,Historical canonical backtest residuals
VA-2,4,132.1519975404651,5.988177961,11.495738233818004,0.5,107.01853419483453,10.344976278118502,1.1432129478645856,1.1432129478645856,9.04903701225738,4.0,0.8,1.2,Historical canonical backtest residuals
VA-3,3,7.716836339695068,2.177468106333331,2.7779194264224203,0.42857142857142855,50.098684630843,7.078042429290955,0.782187366424006,0.8,9.04903701225738,4.0,0.8,1.2,Historical canonical backtest residuals
VA-4,4,24.138052904189884,4.450278690500001,4.913049247075576,0.5,53.011561876696916,7.280903918930459,0.8046053860834148,0.8046053860834148,9.04903701225738,4.0,0.8,1.2,Historical canonical backtest residuals
VA-5,4,43.620418722326,4.8535623555,6.604575589871464,0.5,62.752744785764975,7.9216630063241755,0.8754150298638277,0.8754150298638277,9.04903701225738,4.0,0.8,1.2,Historical canonical backtest residuals
VA-6,4,98.05983897368857,8.418515122999999,9.902516799970025,0.5,89.97245491144626,9.485381115772116,1.0482199490314479,1.0482199490314479,9.04903701225738,4.0,0.8,1.2,Historical canonical backtest residuals
VA-7,4,12.968705132284398,0.7544362545000002,3.6012088431920186,0.5,47.42688799074418,6.886718230822587,0.7610443212348649,0.8,9.04903701225738,4.0,0.8,1.2,Historical canonical backtest residuals
VA-8,4,33.11743633117051,4.185135877999999,5.754775089538296,0.5,57.50125359018723,7.5829581028901405,0.837985090857584,0.837985090857584,9.04903701225738,4.0,0.8,1.2,Historical canonical backtest residuals
VA-9,3,71.09102245831302,4.3397248763333325,8.43154923239573,0.42857142857142855,77.2590501102507,8.789712743329597,0.9713423352588221,0.9713423352588221,9.04903701225738,4.0,0.8,1.2,Historical canonical backtest residuals
VT-AL,3,43.15398795944685,-5.328193280333336,6.569169503022954,0.42857142857142855,65.28603532502234,8.079977433447592,0.8929101983451778,0.8929101983451778,9.04903701225738,4.0,0.8,1.2,Historical canonical backtest residuals
WA-1,4,13.813519018236367,3.2938743355000017,3.716654277470043,0.5,47.84929493372016,6.9173184785522315,0.7644259239057563,0.8,9.04903701225738,4.0,0.8,1.2,Historical canonical backtest residuals
WA-10,3,6.475969118451908,-0.9929639403333338,2.544792549197657,0.42857142857142855,49.56688439316736,7.040375302011062,0.7780248099852523,0.8,9.04903701225738,4.0,0.8,1.2,Historical canonical backtest residuals
WA-2,3,8.927918519237066,-1.079892753666666,2.987962268710411,0.42857142857142855,50.617719850646715,7.114613120236878,0.7862287567837078,0.8,9.04903701225738,4.0,0.8,1.2,Historical canonical backtest residuals
WA-3,4,191.44324555789473,8.29017943285,13.836301729793794,0.5,136.66415820354933,11.690344657175396,1.2918882574289654,1.2,9.04903701225738,4.0,0.8,1.2,Historical canonical backtest residuals
WA-4,3,201.4330453566728,13.961013979666667,14.192710993910671,0.42857142857142855,133.11991706669062,11.537760487490223,1.2750263339471086,1.2,9.04903701225738,4.0,0.8,1.2,Historical canonical backtest residuals
WA-5,4,107.08218747239152,9.423520191,10.348052351645286,0.5,94.48362916079773,9.720268986031083,1.074177171876354,1.074177171876354,9.04903701225738,4.0,0.8,1.2,Historical canonical backtest residuals
WA-6,4,32.305504183443915,-5.0589909644999995,5.683793115820096,0.5,57.095287516323936,7.556142370040677,0.8350217111285432,0.8350217111285432,9.04903701225738,4.0,0.8,1.2,Historical canonical backtest residuals
WA-7,3,65.86057400210825,7.261228763000001,8.115452790948158,0.42857142857142855,75.01742934330579,8.661260262993244,0.9571471805520441,0.9571471805520441,9.04903701225738,4.0,0.8,1.2,Historical canonical backtest residuals
WA-8,4,157.8316834160725,8.074731862500002,12.563108031696316,0.5,119.85837713263822,10.947985071812905,1.2098508445686877,1.2,9.04903701225738,4.0,0.8,1.2,Historical canonical backtest residuals
WA-9,3,15.542947234668963,-0.4006459569999971,3.9424544683063827,0.42857142857142855,53.452732157260385,7.31113754194656,0.8079464734251007,0.8079464734251007,9.04903701225738,4.0,0.8,1.2,Historical canonical backtest residuals
WI-1,4,339.61551522030345,15.17155231925,18.42866015803383,0.5,210.7502930347537,14.517241233607496,1.6042857614509873,1.2,9.04903701225738,4.0,0.8,1.2,Historical canonical backtest residuals
WI-2,3,10.940845320036521,0.22330079299999758,3.3076948650134765,0.42857142857142855,51.48040276527505,7.174984513242872,0.792900338845337,0.8,9.04903701225738,4.0,0.8,1.2,Historical canonical backtest residuals
WI-3,3,92.61427649019045,-6.9920206516666665,9.623631148905824,0.42857142857142855,86.48330183819817,9.299639876801583,1.0276938710942114,1.0276938710942114,9.04903701225738,4.0,0.8,1.2,Historical canonical backtest residuals
WI-4,3,23.532082062795894,3.312538696333334,4.8509877409447135,0.42857142857142855,56.876647083600496,7.541660764287963,0.8334213634083274,0.8334213634083274,9.04903701225738,4.0,0.8,1.2,Historical canonical backtest residuals
WI-5,4,105.67659020947538,9.157832068,10.279911974792167,0.5,93.78083052933967,9.684050316336634,1.0701746830319179,1.0701746830319179,9.04903701225738,4.0,0.8,1.2,Historical canonical backtest residuals
WI-6,3,87.79143719640699,7.767938446333335,9.36970849047114,0.42857142857142855,84.41637071229096,9.187838195804874,1.0153387795142712,1.0153387795142712,9.04903701225738,4.0,0.8,1.2,Historical canonical backtest residuals
WI-7,4,153.69533010770945,9.8093890505,12.397392068806626,0.5,117.79020047845671,10.85311938930263,1.1993673331871149,1.1993673331871149,9.04903701225738,4.0,0.8,1.2,Historical canonical backtest residuals
WI-8,3,374.0293980241118,19.083021509666665,19.339839658697066,0.42857142857142855,207.089782495593,14.390614389093782,1.5902923559270412,1.2,9.04903701225738,4.0,0.8,1.2,Historical canonical backtest residuals
WV-1,4,56.450759447309984,1.2474533604999993,7.513372042386161,0.5,69.16791514825697,8.316725025408557,0.9190729371692403,0.9190729371692403,9.04903701225738,4.0,0.8,1.2,Historical canonical backtest residuals
WV-2,4,104.93116931622374,-8.5800092895,10.243591621898236,0.5,93.40812008271385,9.664787637745272,1.068045983749854,1.068045983749854,9.04903701225738,4.0,0.8,1.2,Historical canonical backtest residuals
WY-AL,4,26.43159153231207,-3.996459434500002,5.141166359136035,0.5,54.15833119075801,7.3592344160760375,0.8132616107225091,0.8132616107225091,9.04903701225738,4.0,0.8,1.2,Historical canonical backtest residuals
